sha,time,app,project,backend,freq,mappirlog,runpirlog,genpsimlog,gentracelog,runpsimlog,psimsh,runproutelog,proutesh,prouteSummary,AccelMain,gentst,maketst,runp2p,genpir,runpir_time,runpir_err,notFit,MC,DAG,PMU,PCU,row,col,p2p,asic,scheduled,fifo_depth,mappir_err,mappir_time,genpsim_err,gentrace_err,psimcycle,lbw,sbw,psim_deadlock,link_prop,flit_data_width,algo,pattern,slink,vlink,prtime,vcLimit,DynHopsVec,DynHopsScal,StatHopsVec,StatHopsScal,Score,NetVC,TotPkts,LinkLim,InjectLim,EjectLim,LongRoute,Q0Pct,Q0Lim,gentst_err,maketst_err,runp2p_cycle,runtst_err,runtst_pass,runp2p_deadlock,succeeded
b2155383,2019-04-25 21:29:40,BlackScholes_0,pirTest,Tst,1000000000.0,gen/Tst_pirTest/BlackScholes_0/log/mappir.log,gen/Tst_pirTest/BlackScholes_0/log/runpir.log,gen/Tst_pirTest/BlackScholes_0/log/genpsim.log,gen/Tst_pirTest/BlackScholes_0/log/gentrace.log,gen/Tst_pirTest/BlackScholes_0/log/runpsim.log,gen/Tst_pirTest/BlackScholes_0/log/runpsim.sh,gen/Tst_pirTest/BlackScholes_0/log/runproute.log,gen/Tst_pirTest/BlackScholes_0/log/runproute.sh,gen/Tst_pirTest/BlackScholes_0/plastisim/summary.csv,gen/Tst_pirTest/BlackScholes_0/pir/AccelMain.scala,gen/Tst_pirTest/BlackScholes_0/log/gentst.log,gen/Tst_pirTest/BlackScholes_0/log/maketst.log,gen/Tst_pirTest/BlackScholes_0/log/runtst.log,True,,,,,,,,,,False,False,False,100,,,,,,,,False,,512,,,,,,,,,,,,,,,,,,,,,,2349,,True,False,True
b2155383,2019-04-25 21:29:40,BlackScholes_1,pirTest,Tst,1000000000.0,gen/Tst_pirTest/BlackScholes_1/log/mappir.log,gen/Tst_pirTest/BlackScholes_1/log/runpir.log,gen/Tst_pirTest/BlackScholes_1/log/genpsim.log,gen/Tst_pirTest/BlackScholes_1/log/gentrace.log,gen/Tst_pirTest/BlackScholes_1/log/runpsim.log,gen/Tst_pirTest/BlackScholes_1/log/runpsim.sh,gen/Tst_pirTest/BlackScholes_1/log/runproute.log,gen/Tst_pirTest/BlackScholes_1/log/runproute.sh,gen/Tst_pirTest/BlackScholes_1/plastisim/summary.csv,gen/Tst_pirTest/BlackScholes_1/pir/AccelMain.scala,gen/Tst_pirTest/BlackScholes_1/log/gentst.log,gen/Tst_pirTest/BlackScholes_1/log/maketst.log,gen/Tst_pirTest/BlackScholes_1/log/runtst.log,True,,,,,,,,,,False,False,False,100,,,,,,,,False,,512,,,,,,,,,,,,,,,,,,,,,,37956,,True,False,True
b2155383,2019-04-25 21:29:40,DotProduct_0,pirTest,Tst,1000000000.0,gen/Tst_pirTest/DotProduct_0/log/mappir.log,gen/Tst_pirTest/DotProduct_0/log/runpir.log,gen/Tst_pirTest/DotProduct_0/log/genpsim.log,gen/Tst_pirTest/DotProduct_0/log/gentrace.log,gen/Tst_pirTest/DotProduct_0/log/runpsim.log,gen/Tst_pirTest/DotProduct_0/log/runpsim.sh,gen/Tst_pirTest/DotProduct_0/log/runproute.log,gen/Tst_pirTest/DotProduct_0/log/runproute.sh,gen/Tst_pirTest/DotProduct_0/plastisim/summary.csv,gen/Tst_pirTest/DotProduct_0/pir/AccelMain.scala,gen/Tst_pirTest/DotProduct_0/log/gentst.log,gen/Tst_pirTest/DotProduct_0/log/maketst.log,gen/Tst_pirTest/DotProduct_0/log/runtst.log,True,,,,,,,,,,False,False,False,100,,,,,,,,False,,512,,,,,,,,,,,,,,,,,,,,,,353,,True,False,True
b2155383,2019-04-25 21:29:40,DotProduct_1,pirTest,Tst,1000000000.0,gen/Tst_pirTest/DotProduct_1/log/mappir.log,gen/Tst_pirTest/DotProduct_1/log/runpir.log,gen/Tst_pirTest/DotProduct_1/log/genpsim.log,gen/Tst_pirTest/DotProduct_1/log/gentrace.log,gen/Tst_pirTest/DotProduct_1/log/runpsim.log,gen/Tst_pirTest/DotProduct_1/log/runpsim.sh,gen/Tst_pirTest/DotProduct_1/log/runproute.log,gen/Tst_pirTest/DotProduct_1/log/runproute.sh,gen/Tst_pirTest/DotProduct_1/plastisim/summary.csv,gen/Tst_pirTest/DotProduct_1/pir/AccelMain.scala,gen/Tst_pirTest/DotProduct_1/log/gentst.log,gen/Tst_pirTest/DotProduct_1/log/maketst.log,gen/Tst_pirTest/DotProduct_1/log/runtst.log,True,,,,,,,,,,False,False,False,100,,,,,,,,False,,512,,,,,,,,,,,,,,,,,,,,,,1157,,True,False,True
b2155383,2019-04-25 21:29:40,DotProduct_2,pirTest,Tst,1000000000.0,gen/Tst_pirTest/DotProduct_2/log/mappir.log,gen/Tst_pirTest/DotProduct_2/log/runpir.log,gen/Tst_pirTest/DotProduct_2/log/genpsim.log,gen/Tst_pirTest/DotProduct_2/log/gentrace.log,gen/Tst_pirTest/DotProduct_2/log/runpsim.log,gen/Tst_pirTest/DotProduct_2/log/runpsim.sh,gen/Tst_pirTest/DotProduct_2/log/runproute.log,gen/Tst_pirTest/DotProduct_2/log/runproute.sh,gen/Tst_pirTest/DotProduct_2/plastisim/summary.csv,gen/Tst_pirTest/DotProduct_2/pir/AccelMain.scala,gen/Tst_pirTest/DotProduct_2/log/gentst.log,gen/Tst_pirTest/DotProduct_2/log/maketst.log,gen/Tst_pirTest/DotProduct_2/log/runtst.log,True,,,,,,,,,,False,False,False,100,,,,,,,,False,,512,,,,,,,,,,,,,,,,,,,,,,645,,True,False,True
b2155383,2019-04-25 21:29:40,DotProduct_3,pirTest,Tst,1000000000.0,gen/Tst_pirTest/DotProduct_3/log/mappir.log,gen/Tst_pirTest/DotProduct_3/log/runpir.log,gen/Tst_pirTest/DotProduct_3/log/genpsim.log,gen/Tst_pirTest/DotProduct_3/log/gentrace.log,gen/Tst_pirTest/DotProduct_3/log/runpsim.log,gen/Tst_pirTest/DotProduct_3/log/runpsim.sh,gen/Tst_pirTest/DotProduct_3/log/runproute.log,gen/Tst_pirTest/DotProduct_3/log/runproute.sh,gen/Tst_pirTest/DotProduct_3/plastisim/summary.csv,gen/Tst_pirTest/DotProduct_3/pir/AccelMain.scala,gen/Tst_pirTest/DotProduct_3/log/gentst.log,gen/Tst_pirTest/DotProduct_3/log/maketst.log,gen/Tst_pirTest/DotProduct_3/log/runtst.log,True,,,,,,,,,,False,False,False,100,,,,,,,,False,,512,,,,,,,,,,,,,,,,,,,,,,256,,True,False,True
b2155383,2019-04-25 21:29:40,GDA_0,pirTest,Tst,1000000000.0,gen/Tst_pirTest/GDA_0/log/mappir.log,gen/Tst_pirTest/GDA_0/log/runpir.log,gen/Tst_pirTest/GDA_0/log/genpsim.log,gen/Tst_pirTest/GDA_0/log/gentrace.log,gen/Tst_pirTest/GDA_0/log/runpsim.log,gen/Tst_pirTest/GDA_0/log/runpsim.sh,gen/Tst_pirTest/GDA_0/log/runproute.log,gen/Tst_pirTest/GDA_0/log/runproute.sh,gen/Tst_pirTest/GDA_0/plastisim/summary.csv,gen/Tst_pirTest/GDA_0/pir/AccelMain.scala,gen/Tst_pirTest/GDA_0/log/gentst.log,gen/Tst_pirTest/GDA_0/log/maketst.log,gen/Tst_pirTest/GDA_0/log/runtst.log,True,,,,,,,,,,False,False,False,100,,,,,,,,False,,512,,,,,,,,,,,,,,,,,,,,,,1078637,,True,False,True
b2155383,2019-04-25 21:29:40,GDA_1,pirTest,Tst,1000000000.0,gen/Tst_pirTest/GDA_1/log/mappir.log,gen/Tst_pirTest/GDA_1/log/runpir.log,gen/Tst_pirTest/GDA_1/log/genpsim.log,gen/Tst_pirTest/GDA_1/log/gentrace.log,gen/Tst_pirTest/GDA_1/log/runpsim.log,gen/Tst_pirTest/GDA_1/log/runpsim.sh,gen/Tst_pirTest/GDA_1/log/runproute.log,gen/Tst_pirTest/GDA_1/log/runproute.sh,gen/Tst_pirTest/GDA_1/plastisim/summary.csv,gen/Tst_pirTest/GDA_1/pir/AccelMain.scala,gen/Tst_pirTest/GDA_1/log/gentst.log,gen/Tst_pirTest/GDA_1/log/maketst.log,gen/Tst_pirTest/GDA_1/log/runtst.log,True,,,,,,,,,,False,False,False,100,,,,,,,,False,,512,,,,,,,,,,,,,,,,,,,,,,6013,,True,False,True
b2155383,2019-04-25 21:29:40,GDA_14,pirTest,Tst,1000000000.0,gen/Tst_pirTest/GDA_14/log/mappir.log,gen/Tst_pirTest/GDA_14/log/runpir.log,gen/Tst_pirTest/GDA_14/log/genpsim.log,gen/Tst_pirTest/GDA_14/log/gentrace.log,gen/Tst_pirTest/GDA_14/log/runpsim.log,gen/Tst_pirTest/GDA_14/log/runpsim.sh,gen/Tst_pirTest/GDA_14/log/runproute.log,gen/Tst_pirTest/GDA_14/log/runproute.sh,gen/Tst_pirTest/GDA_14/plastisim/summary.csv,gen/Tst_pirTest/GDA_14/pir/AccelMain.scala,gen/Tst_pirTest/GDA_14/log/gentst.log,gen/Tst_pirTest/GDA_14/log/maketst.log,gen/Tst_pirTest/GDA_14/log/runtst.log,True,,,,,,,,,,False,False,False,100,,,,,,,,False,,512,,,,,,,,,,,,,,,,,,,,,,1319987,,True,False,True
b2155383,2019-04-25 21:29:40,GDA_2,pirTest,Tst,1000000000.0,gen/Tst_pirTest/GDA_2/log/mappir.log,gen/Tst_pirTest/GDA_2/log/runpir.log,gen/Tst_pirTest/GDA_2/log/genpsim.log,gen/Tst_pirTest/GDA_2/log/gentrace.log,gen/Tst_pirTest/GDA_2/log/runpsim.log,gen/Tst_pirTest/GDA_2/log/runpsim.sh,gen/Tst_pirTest/GDA_2/log/runproute.log,gen/Tst_pirTest/GDA_2/log/runproute.sh,gen/Tst_pirTest/GDA_2/plastisim/summary.csv,gen/Tst_pirTest/GDA_2/pir/AccelMain.scala,gen/Tst_pirTest/GDA_2/log/gentst.log,gen/Tst_pirTest/GDA_2/log/maketst.log,gen/Tst_pirTest/GDA_2/log/runtst.log,True,,,,,,,,,,False,False,False,100,,,,,,,,False,,512,,,,,,,,,,,,,,,,,,,,,,3322,,True,False,True
b2155383,2019-04-25 21:29:40,GDA_3,pirTest,Tst,1000000000.0,gen/Tst_pirTest/GDA_3/log/mappir.log,gen/Tst_pirTest/GDA_3/log/runpir.log,gen/Tst_pirTest/GDA_3/log/genpsim.log,gen/Tst_pirTest/GDA_3/log/gentrace.log,gen/Tst_pirTest/GDA_3/log/runpsim.log,gen/Tst_pirTest/GDA_3/log/runpsim.sh,gen/Tst_pirTest/GDA_3/log/runproute.log,gen/Tst_pirTest/GDA_3/log/runproute.sh,gen/Tst_pirTest/GDA_3/plastisim/summary.csv,gen/Tst_pirTest/GDA_3/pir/AccelMain.scala,gen/Tst_pirTest/GDA_3/log/gentst.log,gen/Tst_pirTest/GDA_3/log/maketst.log,gen/Tst_pirTest/GDA_3/log/runtst.log,True,,,,,,,,,,False,False,False,100,,,,,,,,False,,512,,,,,,,,,,,,,,,,,,,,,,11397,,True,False,True
b2155383,2019-04-25 21:29:40,GDA_4,pirTest,Tst,1000000000.0,gen/Tst_pirTest/GDA_4/log/mappir.log,gen/Tst_pirTest/GDA_4/log/runpir.log,gen/Tst_pirTest/GDA_4/log/genpsim.log,gen/Tst_pirTest/GDA_4/log/gentrace.log,gen/Tst_pirTest/GDA_4/log/runpsim.log,gen/Tst_pirTest/GDA_4/log/runpsim.sh,gen/Tst_pirTest/GDA_4/log/runproute.log,gen/Tst_pirTest/GDA_4/log/runproute.sh,gen/Tst_pirTest/GDA_4/plastisim/summary.csv,gen/Tst_pirTest/GDA_4/pir/AccelMain.scala,gen/Tst_pirTest/GDA_4/log/gentst.log,gen/Tst_pirTest/GDA_4/log/maketst.log,gen/Tst_pirTest/GDA_4/log/runtst.log,True,,,,,,,,,,False,False,False,100,,,,,,,,False,,512,,,,,,,,,,,,,,,,,,,,,,6257,,True,False,True
b2155383,2019-04-25 21:29:40,GDA_5,pirTest,Tst,1000000000.0,gen/Tst_pirTest/GDA_5/log/mappir.log,gen/Tst_pirTest/GDA_5/log/runpir.log,gen/Tst_pirTest/GDA_5/log/genpsim.log,gen/Tst_pirTest/GDA_5/log/gentrace.log,gen/Tst_pirTest/GDA_5/log/runpsim.log,gen/Tst_pirTest/GDA_5/log/runpsim.sh,gen/Tst_pirTest/GDA_5/log/runproute.log,gen/Tst_pirTest/GDA_5/log/runproute.sh,gen/Tst_pirTest/GDA_5/plastisim/summary.csv,gen/Tst_pirTest/GDA_5/pir/AccelMain.scala,gen/Tst_pirTest/GDA_5/log/gentst.log,gen/Tst_pirTest/GDA_5/log/maketst.log,gen/Tst_pirTest/GDA_5/log/runtst.log,True,,,,,,,,,,False,False,False,100,,,,,,,,False,,512,,,,,,,,,,,,,,,,,,,,,,21780,,True,False,True
b2155383,2019-04-25 21:29:40,GDA_6,pirTest,Tst,1000000000.0,gen/Tst_pirTest/GDA_6/log/mappir.log,gen/Tst_pirTest/GDA_6/log/runpir.log,gen/Tst_pirTest/GDA_6/log/genpsim.log,gen/Tst_pirTest/GDA_6/log/gentrace.log,gen/Tst_pirTest/GDA_6/log/runpsim.log,gen/Tst_pirTest/GDA_6/log/runpsim.sh,gen/Tst_pirTest/GDA_6/log/runproute.log,gen/Tst_pirTest/GDA_6/log/runproute.sh,gen/Tst_pirTest/GDA_6/plastisim/summary.csv,gen/Tst_pirTest/GDA_6/pir/AccelMain.scala,gen/Tst_pirTest/GDA_6/log/gentst.log,gen/Tst_pirTest/GDA_6/log/maketst.log,gen/Tst_pirTest/GDA_6/log/runtst.log,True,,,,,,,,,,False,False,False,100,,,,,,,,False,,512,,,,,,,,,,,,,,,,,,,,,,1466197,,True,False,True
b2155383,2019-04-25 21:29:40,GEMM_0,pirTest,Tst,1000000000.0,gen/Tst_pirTest/GEMM_0/log/mappir.log,gen/Tst_pirTest/GEMM_0/log/runpir.log,gen/Tst_pirTest/GEMM_0/log/genpsim.log,gen/Tst_pirTest/GEMM_0/log/gentrace.log,gen/Tst_pirTest/GEMM_0/log/runpsim.log,gen/Tst_pirTest/GEMM_0/log/runpsim.sh,gen/Tst_pirTest/GEMM_0/log/runproute.log,gen/Tst_pirTest/GEMM_0/log/runproute.sh,gen/Tst_pirTest/GEMM_0/plastisim/summary.csv,gen/Tst_pirTest/GEMM_0/pir/AccelMain.scala,gen/Tst_pirTest/GEMM_0/log/gentst.log,gen/Tst_pirTest/GEMM_0/log/maketst.log,gen/Tst_pirTest/GEMM_0/log/runtst.log,True,,,,,,,,,,False,False,False,100,,,,,,,,False,,512,,,,,,,,,,,,,,,,,,,,,,132897,,True,False,True
b2155383,2019-04-25 21:29:40,GEMM_1,pirTest,Tst,1000000000.0,gen/Tst_pirTest/GEMM_1/log/mappir.log,gen/Tst_pirTest/GEMM_1/log/runpir.log,gen/Tst_pirTest/GEMM_1/log/genpsim.log,gen/Tst_pirTest/GEMM_1/log/gentrace.log,gen/Tst_pirTest/GEMM_1/log/runpsim.log,gen/Tst_pirTest/GEMM_1/log/runpsim.sh,gen/Tst_pirTest/GEMM_1/log/runproute.log,gen/Tst_pirTest/GEMM_1/log/runproute.sh,gen/Tst_pirTest/GEMM_1/plastisim/summary.csv,gen/Tst_pirTest/GEMM_1/pir/AccelMain.scala,gen/Tst_pirTest/GEMM_1/log/gentst.log,gen/Tst_pirTest/GEMM_1/log/maketst.log,gen/Tst_pirTest/GEMM_1/log/runtst.log,True,,,,,,,,,,False,False,False,100,,,,,,,,False,,512,,,,,,,,,,,,,,,,,,,,,,2109610,,True,False,True
b2155383,2019-04-25 21:29:40,GEMM_10,pirTest,Tst,1000000000.0,gen/Tst_pirTest/GEMM_10/log/mappir.log,gen/Tst_pirTest/GEMM_10/log/runpir.log,gen/Tst_pirTest/GEMM_10/log/genpsim.log,gen/Tst_pirTest/GEMM_10/log/gentrace.log,gen/Tst_pirTest/GEMM_10/log/runpsim.log,gen/Tst_pirTest/GEMM_10/log/runpsim.sh,gen/Tst_pirTest/GEMM_10/log/runproute.log,gen/Tst_pirTest/GEMM_10/log/runproute.sh,gen/Tst_pirTest/GEMM_10/plastisim/summary.csv,gen/Tst_pirTest/GEMM_10/pir/AccelMain.scala,gen/Tst_pirTest/GEMM_10/log/gentst.log,gen/Tst_pirTest/GEMM_10/log/maketst.log,gen/Tst_pirTest/GEMM_10/log/runtst.log,True,,,,,,,,,,False,False,False,100,,,,,,,,False,,512,,,,,,,,,,,,,,,,,,,,,,19967,,True,False,True
b2155383,2019-04-25 21:29:40,GEMM_11,pirTest,Tst,1000000000.0,gen/Tst_pirTest/GEMM_11/log/mappir.log,gen/Tst_pirTest/GEMM_11/log/runpir.log,gen/Tst_pirTest/GEMM_11/log/genpsim.log,gen/Tst_pirTest/GEMM_11/log/gentrace.log,gen/Tst_pirTest/GEMM_11/log/runpsim.log,gen/Tst_pirTest/GEMM_11/log/runpsim.sh,gen/Tst_pirTest/GEMM_11/log/runproute.log,gen/Tst_pirTest/GEMM_11/log/runproute.sh,gen/Tst_pirTest/GEMM_11/plastisim/summary.csv,gen/Tst_pirTest/GEMM_11/pir/AccelMain.scala,gen/Tst_pirTest/GEMM_11/log/gentst.log,gen/Tst_pirTest/GEMM_11/log/maketst.log,gen/Tst_pirTest/GEMM_11/log/runtst.log,True,,,,,,,,,,False,False,False,100,,,,,,,,False,,512,,,,,,,,,,,,,,,,,,,,,,9910,,True,False,True
b2155383,2019-04-25 21:29:40,GEMM_12,pirTest,Tst,1000000000.0,gen/Tst_pirTest/GEMM_12/log/mappir.log,gen/Tst_pirTest/GEMM_12/log/runpir.log,gen/Tst_pirTest/GEMM_12/log/genpsim.log,gen/Tst_pirTest/GEMM_12/log/gentrace.log,gen/Tst_pirTest/GEMM_12/log/runpsim.log,gen/Tst_pirTest/GEMM_12/log/runpsim.sh,gen/Tst_pirTest/GEMM_12/log/runproute.log,gen/Tst_pirTest/GEMM_12/log/runproute.sh,gen/Tst_pirTest/GEMM_12/plastisim/summary.csv,gen/Tst_pirTest/GEMM_12/pir/AccelMain.scala,gen/Tst_pirTest/GEMM_12/log/gentst.log,gen/Tst_pirTest/GEMM_12/log/maketst.log,gen/Tst_pirTest/GEMM_12/log/runtst.log,True,,,,,,,,,,False,False,False,100,,,,,,,,False,,512,,,,,,,,,,,,,,,,,,,,,,21080,,True,False,True
b2155383,2019-04-25 21:29:40,GEMM_13,pirTest,Tst,1000000000.0,gen/Tst_pirTest/GEMM_13/log/mappir.log,gen/Tst_pirTest/GEMM_13/log/runpir.log,gen/Tst_pirTest/GEMM_13/log/genpsim.log,gen/Tst_pirTest/GEMM_13/log/gentrace.log,gen/Tst_pirTest/GEMM_13/log/runpsim.log,gen/Tst_pirTest/GEMM_13/log/runpsim.sh,gen/Tst_pirTest/GEMM_13/log/runproute.log,gen/Tst_pirTest/GEMM_13/log/runproute.sh,gen/Tst_pirTest/GEMM_13/plastisim/summary.csv,gen/Tst_pirTest/GEMM_13/pir/AccelMain.scala,gen/Tst_pirTest/GEMM_13/log/gentst.log,gen/Tst_pirTest/GEMM_13/log/maketst.log,gen/Tst_pirTest/GEMM_13/log/runtst.log,True,,,,,,,,,,False,False,False,100,,,,,,,,False,,512,,,,,,,,,,,,,,,,,,,,,,9131,,True,False,True
b2155383,2019-04-25 21:29:40,GEMM_14,pirTest,Tst,1000000000.0,gen/Tst_pirTest/GEMM_14/log/mappir.log,gen/Tst_pirTest/GEMM_14/log/runpir.log,gen/Tst_pirTest/GEMM_14/log/genpsim.log,gen/Tst_pirTest/GEMM_14/log/gentrace.log,gen/Tst_pirTest/GEMM_14/log/runpsim.log,gen/Tst_pirTest/GEMM_14/log/runpsim.sh,gen/Tst_pirTest/GEMM_14/log/runproute.log,gen/Tst_pirTest/GEMM_14/log/runproute.sh,gen/Tst_pirTest/GEMM_14/plastisim/summary.csv,gen/Tst_pirTest/GEMM_14/pir/AccelMain.scala,gen/Tst_pirTest/GEMM_14/log/gentst.log,gen/Tst_pirTest/GEMM_14/log/maketst.log,gen/Tst_pirTest/GEMM_14/log/runtst.log,True,,,,,,,,,,False,False,False,100,,,,,,,,False,,512,,,,,,,,,,,,,,,,,,,,,,9392,,True,False,True
b2155383,2019-04-25 21:29:40,GEMM_15,pirTest,Tst,1000000000.0,gen/Tst_pirTest/GEMM_15/log/mappir.log,gen/Tst_pirTest/GEMM_15/log/runpir.log,gen/Tst_pirTest/GEMM_15/log/genpsim.log,gen/Tst_pirTest/GEMM_15/log/gentrace.log,gen/Tst_pirTest/GEMM_15/log/runpsim.log,gen/Tst_pirTest/GEMM_15/log/runpsim.sh,gen/Tst_pirTest/GEMM_15/log/runproute.log,gen/Tst_pirTest/GEMM_15/log/runproute.sh,gen/Tst_pirTest/GEMM_15/plastisim/summary.csv,gen/Tst_pirTest/GEMM_15/pir/AccelMain.scala,gen/Tst_pirTest/GEMM_15/log/gentst.log,gen/Tst_pirTest/GEMM_15/log/maketst.log,gen/Tst_pirTest/GEMM_15/log/runtst.log,True,,,,,,,,,,False,False,False,100,,,,,,,,False,,512,,,,,,,,,,,,,,,,,,,,,,12145,,True,False,True
b2155383,2019-04-25 21:29:40,GEMM_16,pirTest,Tst,1000000000.0,gen/Tst_pirTest/GEMM_16/log/mappir.log,gen/Tst_pirTest/GEMM_16/log/runpir.log,gen/Tst_pirTest/GEMM_16/log/genpsim.log,gen/Tst_pirTest/GEMM_16/log/gentrace.log,gen/Tst_pirTest/GEMM_16/log/runpsim.log,gen/Tst_pirTest/GEMM_16/log/runpsim.sh,gen/Tst_pirTest/GEMM_16/log/runproute.log,gen/Tst_pirTest/GEMM_16/log/runproute.sh,gen/Tst_pirTest/GEMM_16/plastisim/summary.csv,gen/Tst_pirTest/GEMM_16/pir/AccelMain.scala,gen/Tst_pirTest/GEMM_16/log/gentst.log,gen/Tst_pirTest/GEMM_16/log/maketst.log,gen/Tst_pirTest/GEMM_16/log/runtst.log,True,,,,,,,,,,False,False,False,100,,,,,,,,False,,512,,,,,,,,,,,,,,,,,,,,,,5040,,True,False,True
b2155383,2019-04-25 21:29:40,GEMM_17,pirTest,Tst,1000000000.0,gen/Tst_pirTest/GEMM_17/log/mappir.log,gen/Tst_pirTest/GEMM_17/log/runpir.log,gen/Tst_pirTest/GEMM_17/log/genpsim.log,gen/Tst_pirTest/GEMM_17/log/gentrace.log,gen/Tst_pirTest/GEMM_17/log/runpsim.log,gen/Tst_pirTest/GEMM_17/log/runpsim.sh,gen/Tst_pirTest/GEMM_17/log/runproute.log,gen/Tst_pirTest/GEMM_17/log/runproute.sh,gen/Tst_pirTest/GEMM_17/plastisim/summary.csv,gen/Tst_pirTest/GEMM_17/pir/AccelMain.scala,gen/Tst_pirTest/GEMM_17/log/gentst.log,gen/Tst_pirTest/GEMM_17/log/maketst.log,gen/Tst_pirTest/GEMM_17/log/runtst.log,True,,,,,,,,,,False,False,False,100,,,,,,,,False,,512,,,,,,,,,,,,,,,,,,,,,,5784,,True,False,True
b2155383,2019-04-25 21:29:40,GEMM_18,pirTest,Tst,1000000000.0,gen/Tst_pirTest/GEMM_18/log/mappir.log,gen/Tst_pirTest/GEMM_18/log/runpir.log,gen/Tst_pirTest/GEMM_18/log/genpsim.log,gen/Tst_pirTest/GEMM_18/log/gentrace.log,gen/Tst_pirTest/GEMM_18/log/runpsim.log,gen/Tst_pirTest/GEMM_18/log/runpsim.sh,gen/Tst_pirTest/GEMM_18/log/runproute.log,gen/Tst_pirTest/GEMM_18/log/runproute.sh,gen/Tst_pirTest/GEMM_18/plastisim/summary.csv,gen/Tst_pirTest/GEMM_18/pir/AccelMain.scala,gen/Tst_pirTest/GEMM_18/log/gentst.log,gen/Tst_pirTest/GEMM_18/log/maketst.log,gen/Tst_pirTest/GEMM_18/log/runtst.log,True,,,,,,,,,,False,False,False,100,,,,,,,,False,,512,,,,,,,,,,,,,,,,,,,,,,3226,,True,False,True
b2155383,2019-04-25 21:29:40,GEMM_2,pirTest,Tst,1000000000.0,gen/Tst_pirTest/GEMM_2/log/mappir.log,gen/Tst_pirTest/GEMM_2/log/runpir.log,gen/Tst_pirTest/GEMM_2/log/genpsim.log,gen/Tst_pirTest/GEMM_2/log/gentrace.log,gen/Tst_pirTest/GEMM_2/log/runpsim.log,gen/Tst_pirTest/GEMM_2/log/runpsim.sh,gen/Tst_pirTest/GEMM_2/log/runproute.log,gen/Tst_pirTest/GEMM_2/log/runproute.sh,gen/Tst_pirTest/GEMM_2/plastisim/summary.csv,gen/Tst_pirTest/GEMM_2/pir/AccelMain.scala,gen/Tst_pirTest/GEMM_2/log/gentst.log,gen/Tst_pirTest/GEMM_2/log/maketst.log,gen/Tst_pirTest/GEMM_2/log/runtst.log,True,,,,,,,,,,False,False,False,100,,,,,,,,False,,512,,,,,,,,,,,,,,,,,,,,,,94468,,True,False,True
b2155383,2019-04-25 21:29:40,GEMM_3,pirTest,Tst,1000000000.0,gen/Tst_pirTest/GEMM_3/log/mappir.log,gen/Tst_pirTest/GEMM_3/log/runpir.log,gen/Tst_pirTest/GEMM_3/log/genpsim.log,gen/Tst_pirTest/GEMM_3/log/gentrace.log,gen/Tst_pirTest/GEMM_3/log/runpsim.log,gen/Tst_pirTest/GEMM_3/log/runpsim.sh,gen/Tst_pirTest/GEMM_3/log/runproute.log,gen/Tst_pirTest/GEMM_3/log/runproute.sh,gen/Tst_pirTest/GEMM_3/plastisim/summary.csv,gen/Tst_pirTest/GEMM_3/pir/AccelMain.scala,gen/Tst_pirTest/GEMM_3/log/gentst.log,gen/Tst_pirTest/GEMM_3/log/maketst.log,gen/Tst_pirTest/GEMM_3/log/runtst.log,True,,,,,,,,,,False,False,False,100,,,,,,,,False,,512,,,,,,,,,,,,,,,,,,,,,,69686,,True,False,True
b2155383,2019-04-25 21:29:40,GEMM_4,pirTest,Tst,1000000000.0,gen/Tst_pirTest/GEMM_4/log/mappir.log,gen/Tst_pirTest/GEMM_4/log/runpir.log,gen/Tst_pirTest/GEMM_4/log/genpsim.log,gen/Tst_pirTest/GEMM_4/log/gentrace.log,gen/Tst_pirTest/GEMM_4/log/runpsim.log,gen/Tst_pirTest/GEMM_4/log/runpsim.sh,gen/Tst_pirTest/GEMM_4/log/runproute.log,gen/Tst_pirTest/GEMM_4/log/runproute.sh,gen/Tst_pirTest/GEMM_4/plastisim/summary.csv,gen/Tst_pirTest/GEMM_4/pir/AccelMain.scala,gen/Tst_pirTest/GEMM_4/log/gentst.log,gen/Tst_pirTest/GEMM_4/log/maketst.log,gen/Tst_pirTest/GEMM_4/log/runtst.log,True,,,,,,,,,,False,False,False,100,,,,,,,,False,,512,,,,,,,,,,,,,,,,,,,,,,67123,,True,False,True
b2155383,2019-04-25 21:29:40,GEMM_6,pirTest,Tst,1000000000.0,gen/Tst_pirTest/GEMM_6/log/mappir.log,gen/Tst_pirTest/GEMM_6/log/runpir.log,gen/Tst_pirTest/GEMM_6/log/genpsim.log,gen/Tst_pirTest/GEMM_6/log/gentrace.log,gen/Tst_pirTest/GEMM_6/log/runpsim.log,gen/Tst_pirTest/GEMM_6/log/runpsim.sh,gen/Tst_pirTest/GEMM_6/log/runproute.log,gen/Tst_pirTest/GEMM_6/log/runproute.sh,gen/Tst_pirTest/GEMM_6/plastisim/summary.csv,gen/Tst_pirTest/GEMM_6/pir/AccelMain.scala,gen/Tst_pirTest/GEMM_6/log/gentst.log,gen/Tst_pirTest/GEMM_6/log/maketst.log,gen/Tst_pirTest/GEMM_6/log/runtst.log,True,,,,,,,,,,False,False,False,100,,,,,,,,False,,512,,,,,,,,,,,,,,,,,,,,,,39596,,True,False,True
b2155383,2019-04-25 21:29:40,GEMM_7,pirTest,Tst,1000000000.0,gen/Tst_pirTest/GEMM_7/log/mappir.log,gen/Tst_pirTest/GEMM_7/log/runpir.log,gen/Tst_pirTest/GEMM_7/log/genpsim.log,gen/Tst_pirTest/GEMM_7/log/gentrace.log,gen/Tst_pirTest/GEMM_7/log/runpsim.log,gen/Tst_pirTest/GEMM_7/log/runpsim.sh,gen/Tst_pirTest/GEMM_7/log/runproute.log,gen/Tst_pirTest/GEMM_7/log/runproute.sh,gen/Tst_pirTest/GEMM_7/plastisim/summary.csv,gen/Tst_pirTest/GEMM_7/pir/AccelMain.scala,gen/Tst_pirTest/GEMM_7/log/gentst.log,gen/Tst_pirTest/GEMM_7/log/maketst.log,gen/Tst_pirTest/GEMM_7/log/runtst.log,True,,,,,,,,,,False,False,False,100,,,,,,,,False,,512,,,,,,,,,,,,,,,,,,,,,,38118,,True,False,True
b2155383,2019-04-25 21:29:40,GEMM_8,pirTest,Tst,1000000000.0,gen/Tst_pirTest/GEMM_8/log/mappir.log,gen/Tst_pirTest/GEMM_8/log/runpir.log,gen/Tst_pirTest/GEMM_8/log/genpsim.log,gen/Tst_pirTest/GEMM_8/log/gentrace.log,gen/Tst_pirTest/GEMM_8/log/runpsim.log,gen/Tst_pirTest/GEMM_8/log/runpsim.sh,gen/Tst_pirTest/GEMM_8/log/runproute.log,gen/Tst_pirTest/GEMM_8/log/runproute.sh,gen/Tst_pirTest/GEMM_8/plastisim/summary.csv,gen/Tst_pirTest/GEMM_8/pir/AccelMain.scala,gen/Tst_pirTest/GEMM_8/log/gentst.log,gen/Tst_pirTest/GEMM_8/log/maketst.log,gen/Tst_pirTest/GEMM_8/log/runtst.log,True,,,,,,,,,,False,False,False,100,,,,,,,,False,,512,,,,,,,,,,,,,,,,,,,,,,3245,,True,False,True
b2155383,2019-04-25 21:29:40,GEMM_9,pirTest,Tst,1000000000.0,gen/Tst_pirTest/GEMM_9/log/mappir.log,gen/Tst_pirTest/GEMM_9/log/runpir.log,gen/Tst_pirTest/GEMM_9/log/genpsim.log,gen/Tst_pirTest/GEMM_9/log/gentrace.log,gen/Tst_pirTest/GEMM_9/log/runpsim.log,gen/Tst_pirTest/GEMM_9/log/runpsim.sh,gen/Tst_pirTest/GEMM_9/log/runproute.log,gen/Tst_pirTest/GEMM_9/log/runproute.sh,gen/Tst_pirTest/GEMM_9/plastisim/summary.csv,gen/Tst_pirTest/GEMM_9/pir/AccelMain.scala,gen/Tst_pirTest/GEMM_9/log/gentst.log,gen/Tst_pirTest/GEMM_9/log/maketst.log,gen/Tst_pirTest/GEMM_9/log/runtst.log,True,,,,,,,,,,False,False,False,100,,,,,,,,False,,512,,,,,,,,,,,,,,,,,,,,,,12244,,True,False,True
b2155383,2019-04-25 21:29:40,GRU_0,pirTest,Tst,1000000000.0,gen/Tst_pirTest/GRU_0/log/mappir.log,gen/Tst_pirTest/GRU_0/log/runpir.log,gen/Tst_pirTest/GRU_0/log/genpsim.log,gen/Tst_pirTest/GRU_0/log/gentrace.log,gen/Tst_pirTest/GRU_0/log/runpsim.log,gen/Tst_pirTest/GRU_0/log/runpsim.sh,gen/Tst_pirTest/GRU_0/log/runproute.log,gen/Tst_pirTest/GRU_0/log/runproute.sh,gen/Tst_pirTest/GRU_0/plastisim/summary.csv,gen/Tst_pirTest/GRU_0/pir/AccelMain.scala,gen/Tst_pirTest/GRU_0/log/gentst.log,gen/Tst_pirTest/GRU_0/log/maketst.log,gen/Tst_pirTest/GRU_0/log/runtst.log,False,,,,,,,,,,False,False,False,100,,,,,,,,False,,512,,,,,,,,,,,,,,,,,,,,,,,,,False,False
b2155383,2019-04-25 21:29:40,GRU_1,pirTest,Tst,1000000000.0,gen/Tst_pirTest/GRU_1/log/mappir.log,gen/Tst_pirTest/GRU_1/log/runpir.log,gen/Tst_pirTest/GRU_1/log/genpsim.log,gen/Tst_pirTest/GRU_1/log/gentrace.log,gen/Tst_pirTest/GRU_1/log/runpsim.log,gen/Tst_pirTest/GRU_1/log/runpsim.sh,gen/Tst_pirTest/GRU_1/log/runproute.log,gen/Tst_pirTest/GRU_1/log/runproute.sh,gen/Tst_pirTest/GRU_1/plastisim/summary.csv,gen/Tst_pirTest/GRU_1/pir/AccelMain.scala,gen/Tst_pirTest/GRU_1/log/gentst.log,gen/Tst_pirTest/GRU_1/log/maketst.log,gen/Tst_pirTest/GRU_1/log/runtst.log,False,,,,,,,,,,False,False,False,100,,,,,,,,False,,512,,,,,,,,,,,,,,,,,,,,,,,,,False,False
b2155383,2019-04-25 21:29:40,Kmeans_0,pirTest,Tst,1000000000.0,gen/Tst_pirTest/Kmeans_0/log/mappir.log,gen/Tst_pirTest/Kmeans_0/log/runpir.log,gen/Tst_pirTest/Kmeans_0/log/genpsim.log,gen/Tst_pirTest/Kmeans_0/log/gentrace.log,gen/Tst_pirTest/Kmeans_0/log/runpsim.log,gen/Tst_pirTest/Kmeans_0/log/runpsim.sh,gen/Tst_pirTest/Kmeans_0/log/runproute.log,gen/Tst_pirTest/Kmeans_0/log/runproute.sh,gen/Tst_pirTest/Kmeans_0/plastisim/summary.csv,gen/Tst_pirTest/Kmeans_0/pir/AccelMain.scala,gen/Tst_pirTest/Kmeans_0/log/gentst.log,gen/Tst_pirTest/Kmeans_0/log/maketst.log,gen/Tst_pirTest/Kmeans_0/log/runtst.log,True,,,,,,,,,,False,False,False,100,,,,,,,,False,,512,,,,,,,,,,,,,,,,,,,,,,,"Caught exception: /DUT/SRAM65/SRAM65_b0: SetupRead SRAM twice in the same cycle. 
",,False,False
b2155383,2019-04-25 21:29:40,Kmeans_1,pirTest,Tst,1000000000.0,gen/Tst_pirTest/Kmeans_1/log/mappir.log,gen/Tst_pirTest/Kmeans_1/log/runpir.log,gen/Tst_pirTest/Kmeans_1/log/genpsim.log,gen/Tst_pirTest/Kmeans_1/log/gentrace.log,gen/Tst_pirTest/Kmeans_1/log/runpsim.log,gen/Tst_pirTest/Kmeans_1/log/runpsim.sh,gen/Tst_pirTest/Kmeans_1/log/runproute.log,gen/Tst_pirTest/Kmeans_1/log/runproute.sh,gen/Tst_pirTest/Kmeans_1/plastisim/summary.csv,gen/Tst_pirTest/Kmeans_1/pir/AccelMain.scala,gen/Tst_pirTest/Kmeans_1/log/gentst.log,gen/Tst_pirTest/Kmeans_1/log/maketst.log,gen/Tst_pirTest/Kmeans_1/log/runtst.log,True,,,,,,,,,,False,False,False,100,,,,,,,,False,,512,,,,,,,,,,,,,,,,,,,,,,,"Caught exception: /DUT/SRAM74/SRAM74_b0: SetupRead SRAM twice in the same cycle. 
",,False,False
b2155383,2019-04-25 21:29:40,LSTM_0,pirTest,Tst,1000000000.0,gen/Tst_pirTest/LSTM_0/log/mappir.log,gen/Tst_pirTest/LSTM_0/log/runpir.log,gen/Tst_pirTest/LSTM_0/log/genpsim.log,gen/Tst_pirTest/LSTM_0/log/gentrace.log,gen/Tst_pirTest/LSTM_0/log/runpsim.log,gen/Tst_pirTest/LSTM_0/log/runpsim.sh,gen/Tst_pirTest/LSTM_0/log/runproute.log,gen/Tst_pirTest/LSTM_0/log/runproute.sh,gen/Tst_pirTest/LSTM_0/plastisim/summary.csv,gen/Tst_pirTest/LSTM_0/pir/AccelMain.scala,gen/Tst_pirTest/LSTM_0/log/gentst.log,gen/Tst_pirTest/LSTM_0/log/maketst.log,gen/Tst_pirTest/LSTM_0/log/runtst.log,False,,,,,,,,,,False,False,False,100,,,,,,,,False,,512,,,,,,,,,,,,,,,,,,,,,,,,,False,False
b2155383,2019-04-25 21:29:40,LSTM_1,pirTest,Tst,1000000000.0,gen/Tst_pirTest/LSTM_1/log/mappir.log,gen/Tst_pirTest/LSTM_1/log/runpir.log,gen/Tst_pirTest/LSTM_1/log/genpsim.log,gen/Tst_pirTest/LSTM_1/log/gentrace.log,gen/Tst_pirTest/LSTM_1/log/runpsim.log,gen/Tst_pirTest/LSTM_1/log/runpsim.sh,gen/Tst_pirTest/LSTM_1/log/runproute.log,gen/Tst_pirTest/LSTM_1/log/runproute.sh,gen/Tst_pirTest/LSTM_1/plastisim/summary.csv,gen/Tst_pirTest/LSTM_1/pir/AccelMain.scala,gen/Tst_pirTest/LSTM_1/log/gentst.log,gen/Tst_pirTest/LSTM_1/log/maketst.log,gen/Tst_pirTest/LSTM_1/log/runtst.log,False,,,,,,,,,,False,False,False,100,,,,,,,,False,,512,,,,,,,,,,,,,,,,,,,,,,,,,False,False
b2155383,2019-04-25 21:29:40,Lattice_0,pirTest,Tst,1000000000.0,gen/Tst_pirTest/Lattice_0/log/mappir.log,gen/Tst_pirTest/Lattice_0/log/runpir.log,gen/Tst_pirTest/Lattice_0/log/genpsim.log,gen/Tst_pirTest/Lattice_0/log/gentrace.log,gen/Tst_pirTest/Lattice_0/log/runpsim.log,gen/Tst_pirTest/Lattice_0/log/runpsim.sh,gen/Tst_pirTest/Lattice_0/log/runproute.log,gen/Tst_pirTest/Lattice_0/log/runproute.sh,gen/Tst_pirTest/Lattice_0/plastisim/summary.csv,gen/Tst_pirTest/Lattice_0/pir/AccelMain.scala,gen/Tst_pirTest/Lattice_0/log/gentst.log,gen/Tst_pirTest/Lattice_0/log/maketst.log,gen/Tst_pirTest/Lattice_0/log/runtst.log,True,,,,,,,,,,False,False,False,100,,,,,,,,False,,512,,,,,,,,,,,,,,,,,,,,"[[31merror[0m] 50-TungstenPIRGen Top.h throw scala.MatchError: Fix(false,16,16) (of class pir.node.Fix)
",,,,,False,False
b2155383,2019-04-25 21:29:40,LeNet_0,pirTest,Tst,1000000000.0,gen/Tst_pirTest/LeNet_0/log/mappir.log,gen/Tst_pirTest/LeNet_0/log/runpir.log,gen/Tst_pirTest/LeNet_0/log/genpsim.log,gen/Tst_pirTest/LeNet_0/log/gentrace.log,gen/Tst_pirTest/LeNet_0/log/runpsim.log,gen/Tst_pirTest/LeNet_0/log/runpsim.sh,gen/Tst_pirTest/LeNet_0/log/runproute.log,gen/Tst_pirTest/LeNet_0/log/runproute.sh,gen/Tst_pirTest/LeNet_0/plastisim/summary.csv,gen/Tst_pirTest/LeNet_0/pir/AccelMain.scala,gen/Tst_pirTest/LeNet_0/log/gentst.log,gen/Tst_pirTest/LeNet_0/log/maketst.log,gen/Tst_pirTest/LeNet_0/log/runtst.log,False,,,,,,,,,,False,False,False,100,,,,,,,,False,,512,,,,,,,,,,,,,,,,,,,,,,,,,False,False
b2155383,2019-04-25 21:29:40,LeNet_4,pirTest,Tst,1000000000.0,gen/Tst_pirTest/LeNet_4/log/mappir.log,gen/Tst_pirTest/LeNet_4/log/runpir.log,gen/Tst_pirTest/LeNet_4/log/genpsim.log,gen/Tst_pirTest/LeNet_4/log/gentrace.log,gen/Tst_pirTest/LeNet_4/log/runpsim.log,gen/Tst_pirTest/LeNet_4/log/runpsim.sh,gen/Tst_pirTest/LeNet_4/log/runproute.log,gen/Tst_pirTest/LeNet_4/log/runproute.sh,gen/Tst_pirTest/LeNet_4/plastisim/summary.csv,gen/Tst_pirTest/LeNet_4/pir/AccelMain.scala,gen/Tst_pirTest/LeNet_4/log/gentst.log,gen/Tst_pirTest/LeNet_4/log/maketst.log,gen/Tst_pirTest/LeNet_4/log/runtst.log,False,,,,,,,,,,False,False,False,100,,,,,,,,False,,512,,,,,,,,,,,,,,,,,,,,,,,,,False,False
b2155383,2019-04-25 21:29:40,LogReg_0,pirTest,Tst,1000000000.0,gen/Tst_pirTest/LogReg_0/log/mappir.log,gen/Tst_pirTest/LogReg_0/log/runpir.log,gen/Tst_pirTest/LogReg_0/log/genpsim.log,gen/Tst_pirTest/LogReg_0/log/gentrace.log,gen/Tst_pirTest/LogReg_0/log/runpsim.log,gen/Tst_pirTest/LogReg_0/log/runpsim.sh,gen/Tst_pirTest/LogReg_0/log/runproute.log,gen/Tst_pirTest/LogReg_0/log/runproute.sh,gen/Tst_pirTest/LogReg_0/plastisim/summary.csv,gen/Tst_pirTest/LogReg_0/pir/AccelMain.scala,gen/Tst_pirTest/LogReg_0/log/gentst.log,gen/Tst_pirTest/LogReg_0/log/maketst.log,gen/Tst_pirTest/LogReg_0/log/runtst.log,True,,,,,,,,,,False,False,False,100,,,,,,,,False,,512,,,,,,,,,,,,,,,,,,,,,,12245,,True,False,True
b2155383,2019-04-25 21:29:40,LogReg_1,pirTest,Tst,1000000000.0,gen/Tst_pirTest/LogReg_1/log/mappir.log,gen/Tst_pirTest/LogReg_1/log/runpir.log,gen/Tst_pirTest/LogReg_1/log/genpsim.log,gen/Tst_pirTest/LogReg_1/log/gentrace.log,gen/Tst_pirTest/LogReg_1/log/runpsim.log,gen/Tst_pirTest/LogReg_1/log/runpsim.sh,gen/Tst_pirTest/LogReg_1/log/runproute.log,gen/Tst_pirTest/LogReg_1/log/runproute.sh,gen/Tst_pirTest/LogReg_1/plastisim/summary.csv,gen/Tst_pirTest/LogReg_1/pir/AccelMain.scala,gen/Tst_pirTest/LogReg_1/log/gentst.log,gen/Tst_pirTest/LogReg_1/log/maketst.log,gen/Tst_pirTest/LogReg_1/log/runtst.log,True,,,,,,,,,,False,False,False,100,,,,,,,,False,,512,,,,,,,,,,,,,,,,,,,,,,6359,,True,False,True
b2155383,2019-04-25 21:29:40,LogReg_2,pirTest,Tst,1000000000.0,gen/Tst_pirTest/LogReg_2/log/mappir.log,gen/Tst_pirTest/LogReg_2/log/runpir.log,gen/Tst_pirTest/LogReg_2/log/genpsim.log,gen/Tst_pirTest/LogReg_2/log/gentrace.log,gen/Tst_pirTest/LogReg_2/log/runpsim.log,gen/Tst_pirTest/LogReg_2/log/runpsim.sh,gen/Tst_pirTest/LogReg_2/log/runproute.log,gen/Tst_pirTest/LogReg_2/log/runproute.sh,gen/Tst_pirTest/LogReg_2/plastisim/summary.csv,gen/Tst_pirTest/LogReg_2/pir/AccelMain.scala,gen/Tst_pirTest/LogReg_2/log/gentst.log,gen/Tst_pirTest/LogReg_2/log/maketst.log,gen/Tst_pirTest/LogReg_2/log/runtst.log,True,,,,,,,,,,False,False,False,100,,,,,,,,False,,512,,,,,,,,,,,,,,,,,,,,,,6399,,True,False,True
b2155383,2019-04-25 21:29:40,LogReg_3,pirTest,Tst,1000000000.0,gen/Tst_pirTest/LogReg_3/log/mappir.log,gen/Tst_pirTest/LogReg_3/log/runpir.log,gen/Tst_pirTest/LogReg_3/log/genpsim.log,gen/Tst_pirTest/LogReg_3/log/gentrace.log,gen/Tst_pirTest/LogReg_3/log/runpsim.log,gen/Tst_pirTest/LogReg_3/log/runpsim.sh,gen/Tst_pirTest/LogReg_3/log/runproute.log,gen/Tst_pirTest/LogReg_3/log/runproute.sh,gen/Tst_pirTest/LogReg_3/plastisim/summary.csv,gen/Tst_pirTest/LogReg_3/pir/AccelMain.scala,gen/Tst_pirTest/LogReg_3/log/gentst.log,gen/Tst_pirTest/LogReg_3/log/maketst.log,gen/Tst_pirTest/LogReg_3/log/runtst.log,True,,,,,,,,,,False,False,False,100,,,,,,,,False,,512,,,,,,,,,,,,,,,,,,,,,,3443,,True,False,True
b2155383,2019-04-25 21:29:40,LogReg_4,pirTest,Tst,1000000000.0,gen/Tst_pirTest/LogReg_4/log/mappir.log,gen/Tst_pirTest/LogReg_4/log/runpir.log,gen/Tst_pirTest/LogReg_4/log/genpsim.log,gen/Tst_pirTest/LogReg_4/log/gentrace.log,gen/Tst_pirTest/LogReg_4/log/runpsim.log,gen/Tst_pirTest/LogReg_4/log/runpsim.sh,gen/Tst_pirTest/LogReg_4/log/runproute.log,gen/Tst_pirTest/LogReg_4/log/runproute.sh,gen/Tst_pirTest/LogReg_4/plastisim/summary.csv,gen/Tst_pirTest/LogReg_4/pir/AccelMain.scala,gen/Tst_pirTest/LogReg_4/log/gentst.log,gen/Tst_pirTest/LogReg_4/log/maketst.log,gen/Tst_pirTest/LogReg_4/log/runtst.log,True,,,,,,,,,,False,False,False,100,,,,,,,,False,,512,,,,,,,,,,,,,,,,,,,,,,2007,,True,False,True
b2155383,2019-04-25 21:29:40,LogReg_5,pirTest,Tst,1000000000.0,gen/Tst_pirTest/LogReg_5/log/mappir.log,gen/Tst_pirTest/LogReg_5/log/runpir.log,gen/Tst_pirTest/LogReg_5/log/genpsim.log,gen/Tst_pirTest/LogReg_5/log/gentrace.log,gen/Tst_pirTest/LogReg_5/log/runpsim.log,gen/Tst_pirTest/LogReg_5/log/runpsim.sh,gen/Tst_pirTest/LogReg_5/log/runproute.log,gen/Tst_pirTest/LogReg_5/log/runproute.sh,gen/Tst_pirTest/LogReg_5/plastisim/summary.csv,gen/Tst_pirTest/LogReg_5/pir/AccelMain.scala,gen/Tst_pirTest/LogReg_5/log/gentst.log,gen/Tst_pirTest/LogReg_5/log/maketst.log,gen/Tst_pirTest/LogReg_5/log/runtst.log,True,,,,,,,,,,False,False,False,100,,,,,,,,False,,512,,,,,,,,,,,,,,,,,,,,,,2147,,True,False,True
b2155383,2019-04-25 21:29:40,OuterProduct_0,pirTest,Tst,1000000000.0,gen/Tst_pirTest/OuterProduct_0/log/mappir.log,gen/Tst_pirTest/OuterProduct_0/log/runpir.log,gen/Tst_pirTest/OuterProduct_0/log/genpsim.log,gen/Tst_pirTest/OuterProduct_0/log/gentrace.log,gen/Tst_pirTest/OuterProduct_0/log/runpsim.log,gen/Tst_pirTest/OuterProduct_0/log/runpsim.sh,gen/Tst_pirTest/OuterProduct_0/log/runproute.log,gen/Tst_pirTest/OuterProduct_0/log/runproute.sh,gen/Tst_pirTest/OuterProduct_0/plastisim/summary.csv,gen/Tst_pirTest/OuterProduct_0/pir/AccelMain.scala,gen/Tst_pirTest/OuterProduct_0/log/gentst.log,gen/Tst_pirTest/OuterProduct_0/log/maketst.log,gen/Tst_pirTest/OuterProduct_0/log/runtst.log,True,,,,,,,,,,False,False,False,100,,,,,,,,False,,512,,,,,,,,,,,,,,,,,,,,,,18455,,True,False,True
b2155383,2019-04-25 21:29:40,OuterProduct_1,pirTest,Tst,1000000000.0,gen/Tst_pirTest/OuterProduct_1/log/mappir.log,gen/Tst_pirTest/OuterProduct_1/log/runpir.log,gen/Tst_pirTest/OuterProduct_1/log/genpsim.log,gen/Tst_pirTest/OuterProduct_1/log/gentrace.log,gen/Tst_pirTest/OuterProduct_1/log/runpsim.log,gen/Tst_pirTest/OuterProduct_1/log/runpsim.sh,gen/Tst_pirTest/OuterProduct_1/log/runproute.log,gen/Tst_pirTest/OuterProduct_1/log/runproute.sh,gen/Tst_pirTest/OuterProduct_1/plastisim/summary.csv,gen/Tst_pirTest/OuterProduct_1/pir/AccelMain.scala,gen/Tst_pirTest/OuterProduct_1/log/gentst.log,gen/Tst_pirTest/OuterProduct_1/log/maketst.log,gen/Tst_pirTest/OuterProduct_1/log/runtst.log,True,,,,,,,,,,False,False,False,100,,,,,,,,False,,512,,,,,,,,,,,,,,,,,,,,,,74066,,True,False,True
b2155383,2019-04-25 21:29:40,OuterProduct_2,pirTest,Tst,1000000000.0,gen/Tst_pirTest/OuterProduct_2/log/mappir.log,gen/Tst_pirTest/OuterProduct_2/log/runpir.log,gen/Tst_pirTest/OuterProduct_2/log/genpsim.log,gen/Tst_pirTest/OuterProduct_2/log/gentrace.log,gen/Tst_pirTest/OuterProduct_2/log/runpsim.log,gen/Tst_pirTest/OuterProduct_2/log/runpsim.sh,gen/Tst_pirTest/OuterProduct_2/log/runproute.log,gen/Tst_pirTest/OuterProduct_2/log/runproute.sh,gen/Tst_pirTest/OuterProduct_2/plastisim/summary.csv,gen/Tst_pirTest/OuterProduct_2/pir/AccelMain.scala,gen/Tst_pirTest/OuterProduct_2/log/gentst.log,gen/Tst_pirTest/OuterProduct_2/log/maketst.log,gen/Tst_pirTest/OuterProduct_2/log/runtst.log,True,,,,,,,,,,False,False,False,100,,,,,,,,False,,512,,,,,,,,,,,,,,,,,,,,,,37202,,True,False,True
b2155383,2019-04-25 21:29:40,OuterProduct_3,pirTest,Tst,1000000000.0,gen/Tst_pirTest/OuterProduct_3/log/mappir.log,gen/Tst_pirTest/OuterProduct_3/log/runpir.log,gen/Tst_pirTest/OuterProduct_3/log/genpsim.log,gen/Tst_pirTest/OuterProduct_3/log/gentrace.log,gen/Tst_pirTest/OuterProduct_3/log/runpsim.log,gen/Tst_pirTest/OuterProduct_3/log/runpsim.sh,gen/Tst_pirTest/OuterProduct_3/log/runproute.log,gen/Tst_pirTest/OuterProduct_3/log/runproute.sh,gen/Tst_pirTest/OuterProduct_3/plastisim/summary.csv,gen/Tst_pirTest/OuterProduct_3/pir/AccelMain.scala,gen/Tst_pirTest/OuterProduct_3/log/gentst.log,gen/Tst_pirTest/OuterProduct_3/log/maketst.log,gen/Tst_pirTest/OuterProduct_3/log/runtst.log,True,,,,,,,,,,False,False,False,100,,,,,,,,False,,512,,,,,,,,,,,,,,,,,,,,,,37207,,True,False,True
b2155383,2019-04-25 21:29:40,OuterProduct_4,pirTest,Tst,1000000000.0,gen/Tst_pirTest/OuterProduct_4/log/mappir.log,gen/Tst_pirTest/OuterProduct_4/log/runpir.log,gen/Tst_pirTest/OuterProduct_4/log/genpsim.log,gen/Tst_pirTest/OuterProduct_4/log/gentrace.log,gen/Tst_pirTest/OuterProduct_4/log/runpsim.log,gen/Tst_pirTest/OuterProduct_4/log/runpsim.sh,gen/Tst_pirTest/OuterProduct_4/log/runproute.log,gen/Tst_pirTest/OuterProduct_4/log/runproute.sh,gen/Tst_pirTest/OuterProduct_4/plastisim/summary.csv,gen/Tst_pirTest/OuterProduct_4/pir/AccelMain.scala,gen/Tst_pirTest/OuterProduct_4/log/gentst.log,gen/Tst_pirTest/OuterProduct_4/log/maketst.log,gen/Tst_pirTest/OuterProduct_4/log/runtst.log,True,,,,,,,,,,False,False,False,100,,,,,,,,False,,512,,,,,,,,,,,,,,,,,,,,,,18775,,True,False,True
b2155383,2019-04-25 21:29:40,OuterProduct_5,pirTest,Tst,1000000000.0,gen/Tst_pirTest/OuterProduct_5/log/mappir.log,gen/Tst_pirTest/OuterProduct_5/log/runpir.log,gen/Tst_pirTest/OuterProduct_5/log/genpsim.log,gen/Tst_pirTest/OuterProduct_5/log/gentrace.log,gen/Tst_pirTest/OuterProduct_5/log/runpsim.log,gen/Tst_pirTest/OuterProduct_5/log/runpsim.sh,gen/Tst_pirTest/OuterProduct_5/log/runproute.log,gen/Tst_pirTest/OuterProduct_5/log/runproute.sh,gen/Tst_pirTest/OuterProduct_5/plastisim/summary.csv,gen/Tst_pirTest/OuterProduct_5/pir/AccelMain.scala,gen/Tst_pirTest/OuterProduct_5/log/gentst.log,gen/Tst_pirTest/OuterProduct_5/log/maketst.log,gen/Tst_pirTest/OuterProduct_5/log/runtst.log,True,,,,,,,,,,False,False,False,100,,,,,,,,False,,512,,,,,,,,,,,,,,,,,,,,,,9040,,True,False,True
b2155383,2019-04-25 21:29:40,OuterProduct_6,pirTest,Tst,1000000000.0,gen/Tst_pirTest/OuterProduct_6/log/mappir.log,gen/Tst_pirTest/OuterProduct_6/log/runpir.log,gen/Tst_pirTest/OuterProduct_6/log/genpsim.log,gen/Tst_pirTest/OuterProduct_6/log/gentrace.log,gen/Tst_pirTest/OuterProduct_6/log/runpsim.log,gen/Tst_pirTest/OuterProduct_6/log/runpsim.sh,gen/Tst_pirTest/OuterProduct_6/log/runproute.log,gen/Tst_pirTest/OuterProduct_6/log/runproute.sh,gen/Tst_pirTest/OuterProduct_6/plastisim/summary.csv,gen/Tst_pirTest/OuterProduct_6/pir/AccelMain.scala,gen/Tst_pirTest/OuterProduct_6/log/gentst.log,gen/Tst_pirTest/OuterProduct_6/log/maketst.log,gen/Tst_pirTest/OuterProduct_6/log/runtst.log,True,,,,,,,,,,False,False,False,100,,,,,,,,False,,512,,,,,,,,,,,,,,,,,,,,,,18683,,True,False,True
b2155383,2019-04-25 21:29:40,OuterProduct_7,pirTest,Tst,1000000000.0,gen/Tst_pirTest/OuterProduct_7/log/mappir.log,gen/Tst_pirTest/OuterProduct_7/log/runpir.log,gen/Tst_pirTest/OuterProduct_7/log/genpsim.log,gen/Tst_pirTest/OuterProduct_7/log/gentrace.log,gen/Tst_pirTest/OuterProduct_7/log/runpsim.log,gen/Tst_pirTest/OuterProduct_7/log/runpsim.sh,gen/Tst_pirTest/OuterProduct_7/log/runproute.log,gen/Tst_pirTest/OuterProduct_7/log/runproute.sh,gen/Tst_pirTest/OuterProduct_7/plastisim/summary.csv,gen/Tst_pirTest/OuterProduct_7/pir/AccelMain.scala,gen/Tst_pirTest/OuterProduct_7/log/gentst.log,gen/Tst_pirTest/OuterProduct_7/log/maketst.log,gen/Tst_pirTest/OuterProduct_7/log/runtst.log,True,,,,,,,,,,False,False,False,100,,,,,,,,False,,512,,,,,,,,,,,,,,,,,,,,,,9428,,True,False,True
b2155383,2019-04-25 21:29:40,OuterProduct_8,pirTest,Tst,1000000000.0,gen/Tst_pirTest/OuterProduct_8/log/mappir.log,gen/Tst_pirTest/OuterProduct_8/log/runpir.log,gen/Tst_pirTest/OuterProduct_8/log/genpsim.log,gen/Tst_pirTest/OuterProduct_8/log/gentrace.log,gen/Tst_pirTest/OuterProduct_8/log/runpsim.log,gen/Tst_pirTest/OuterProduct_8/log/runpsim.sh,gen/Tst_pirTest/OuterProduct_8/log/runproute.log,gen/Tst_pirTest/OuterProduct_8/log/runproute.sh,gen/Tst_pirTest/OuterProduct_8/plastisim/summary.csv,gen/Tst_pirTest/OuterProduct_8/pir/AccelMain.scala,gen/Tst_pirTest/OuterProduct_8/log/gentst.log,gen/Tst_pirTest/OuterProduct_8/log/maketst.log,gen/Tst_pirTest/OuterProduct_8/log/runtst.log,True,,,,,,,,,,False,False,False,100,,,,,,,,False,,512,,,,,,,,,,,,,,,,,,,,,,9431,,True,False,True
b2155383,2019-04-25 21:29:40,SGD_0,pirTest,Tst,1000000000.0,gen/Tst_pirTest/SGD_0/log/mappir.log,gen/Tst_pirTest/SGD_0/log/runpir.log,gen/Tst_pirTest/SGD_0/log/genpsim.log,gen/Tst_pirTest/SGD_0/log/gentrace.log,gen/Tst_pirTest/SGD_0/log/runpsim.log,gen/Tst_pirTest/SGD_0/log/runpsim.sh,gen/Tst_pirTest/SGD_0/log/runproute.log,gen/Tst_pirTest/SGD_0/log/runproute.sh,gen/Tst_pirTest/SGD_0/plastisim/summary.csv,gen/Tst_pirTest/SGD_0/pir/AccelMain.scala,gen/Tst_pirTest/SGD_0/log/gentst.log,gen/Tst_pirTest/SGD_0/log/maketst.log,gen/Tst_pirTest/SGD_0/log/runtst.log,True,,,,,,,,,,False,False,False,100,,,,,,,,False,,512,,,,,,,,,,,,,,,,,,,,,,15282,,True,False,True
b2155383,2019-04-25 21:29:40,SGD_1,pirTest,Tst,1000000000.0,gen/Tst_pirTest/SGD_1/log/mappir.log,gen/Tst_pirTest/SGD_1/log/runpir.log,gen/Tst_pirTest/SGD_1/log/genpsim.log,gen/Tst_pirTest/SGD_1/log/gentrace.log,gen/Tst_pirTest/SGD_1/log/runpsim.log,gen/Tst_pirTest/SGD_1/log/runpsim.sh,gen/Tst_pirTest/SGD_1/log/runproute.log,gen/Tst_pirTest/SGD_1/log/runproute.sh,gen/Tst_pirTest/SGD_1/plastisim/summary.csv,gen/Tst_pirTest/SGD_1/pir/AccelMain.scala,gen/Tst_pirTest/SGD_1/log/gentst.log,gen/Tst_pirTest/SGD_1/log/maketst.log,gen/Tst_pirTest/SGD_1/log/runtst.log,True,,,,,,,,,,False,False,False,100,,,,,,,,False,,512,,,,,,,,,,,,,,,,,,,,,,9408,,True,False,True
b2155383,2019-04-25 21:29:40,SGD_2,pirTest,Tst,1000000000.0,gen/Tst_pirTest/SGD_2/log/mappir.log,gen/Tst_pirTest/SGD_2/log/runpir.log,gen/Tst_pirTest/SGD_2/log/genpsim.log,gen/Tst_pirTest/SGD_2/log/gentrace.log,gen/Tst_pirTest/SGD_2/log/runpsim.log,gen/Tst_pirTest/SGD_2/log/runpsim.sh,gen/Tst_pirTest/SGD_2/log/runproute.log,gen/Tst_pirTest/SGD_2/log/runproute.sh,gen/Tst_pirTest/SGD_2/plastisim/summary.csv,gen/Tst_pirTest/SGD_2/pir/AccelMain.scala,gen/Tst_pirTest/SGD_2/log/gentst.log,gen/Tst_pirTest/SGD_2/log/maketst.log,gen/Tst_pirTest/SGD_2/log/runtst.log,True,,,,,,,,,,False,False,False,100,,,,,,,,False,,512,,,,,,,,,,,,,,,,,,,,,,15338,,True,False,True
b2155383,2019-04-25 21:29:40,SGD_3,pirTest,Tst,1000000000.0,gen/Tst_pirTest/SGD_3/log/mappir.log,gen/Tst_pirTest/SGD_3/log/runpir.log,gen/Tst_pirTest/SGD_3/log/genpsim.log,gen/Tst_pirTest/SGD_3/log/gentrace.log,gen/Tst_pirTest/SGD_3/log/runpsim.log,gen/Tst_pirTest/SGD_3/log/runpsim.sh,gen/Tst_pirTest/SGD_3/log/runproute.log,gen/Tst_pirTest/SGD_3/log/runproute.sh,gen/Tst_pirTest/SGD_3/plastisim/summary.csv,gen/Tst_pirTest/SGD_3/pir/AccelMain.scala,gen/Tst_pirTest/SGD_3/log/gentst.log,gen/Tst_pirTest/SGD_3/log/maketst.log,gen/Tst_pirTest/SGD_3/log/runtst.log,True,,,,,,,,,,False,False,False,100,,,,,,,,False,,512,,,,,,,,,,,,,,,,,,,,,,8403,,True,False,True
b2155383,2019-04-25 21:29:40,SimpleDotProduct_0,pirTest,Tst,1000000000.0,gen/Tst_pirTest/SimpleDotProduct_0/log/mappir.log,gen/Tst_pirTest/SimpleDotProduct_0/log/runpir.log,gen/Tst_pirTest/SimpleDotProduct_0/log/genpsim.log,gen/Tst_pirTest/SimpleDotProduct_0/log/gentrace.log,gen/Tst_pirTest/SimpleDotProduct_0/log/runpsim.log,gen/Tst_pirTest/SimpleDotProduct_0/log/runpsim.sh,gen/Tst_pirTest/SimpleDotProduct_0/log/runproute.log,gen/Tst_pirTest/SimpleDotProduct_0/log/runproute.sh,gen/Tst_pirTest/SimpleDotProduct_0/plastisim/summary.csv,gen/Tst_pirTest/SimpleDotProduct_0/pir/AccelMain.scala,gen/Tst_pirTest/SimpleDotProduct_0/log/gentst.log,gen/Tst_pirTest/SimpleDotProduct_0/log/maketst.log,gen/Tst_pirTest/SimpleDotProduct_0/log/runtst.log,True,,,,,,,,,,False,False,False,100,,,,,,,,False,,512,,,,,,,,,,,,,,,,,,,,,,1104,,True,False,True
b2155383,2019-04-25 21:29:40,SimpleDotProduct_1,pirTest,Tst,1000000000.0,gen/Tst_pirTest/SimpleDotProduct_1/log/mappir.log,gen/Tst_pirTest/SimpleDotProduct_1/log/runpir.log,gen/Tst_pirTest/SimpleDotProduct_1/log/genpsim.log,gen/Tst_pirTest/SimpleDotProduct_1/log/gentrace.log,gen/Tst_pirTest/SimpleDotProduct_1/log/runpsim.log,gen/Tst_pirTest/SimpleDotProduct_1/log/runpsim.sh,gen/Tst_pirTest/SimpleDotProduct_1/log/runproute.log,gen/Tst_pirTest/SimpleDotProduct_1/log/runproute.sh,gen/Tst_pirTest/SimpleDotProduct_1/plastisim/summary.csv,gen/Tst_pirTest/SimpleDotProduct_1/pir/AccelMain.scala,gen/Tst_pirTest/SimpleDotProduct_1/log/gentst.log,gen/Tst_pirTest/SimpleDotProduct_1/log/maketst.log,gen/Tst_pirTest/SimpleDotProduct_1/log/runtst.log,True,,,,,,,,,,False,False,False,100,,,,,,,,False,,512,,,,,,,,,,,,,,,,,,,,,,592,,True,False,True
b2155383,2019-04-25 21:29:40,SplitStream,pirTest,Tst,1000000000.0,gen/Tst_pirTest/SplitStream/log/mappir.log,gen/Tst_pirTest/SplitStream/log/runpir.log,gen/Tst_pirTest/SplitStream/log/genpsim.log,gen/Tst_pirTest/SplitStream/log/gentrace.log,gen/Tst_pirTest/SplitStream/log/runpsim.log,gen/Tst_pirTest/SplitStream/log/runpsim.sh,gen/Tst_pirTest/SplitStream/log/runproute.log,gen/Tst_pirTest/SplitStream/log/runproute.sh,gen/Tst_pirTest/SplitStream/plastisim/summary.csv,gen/Tst_pirTest/SplitStream/pir/AccelMain.scala,gen/Tst_pirTest/SplitStream/log/gentst.log,gen/Tst_pirTest/SplitStream/log/maketst.log,gen/Tst_pirTest/SplitStream/log/runtst.log,False,,,,,,,,,,False,False,False,100,,,,,,,,False,,512,,,,,,,,,,,,,,,,,,,,,,,,,False,False
b2155383,2019-04-25 21:29:40,SplitStream2,pirTest,Tst,1000000000.0,gen/Tst_pirTest/SplitStream2/log/mappir.log,gen/Tst_pirTest/SplitStream2/log/runpir.log,gen/Tst_pirTest/SplitStream2/log/genpsim.log,gen/Tst_pirTest/SplitStream2/log/gentrace.log,gen/Tst_pirTest/SplitStream2/log/runpsim.log,gen/Tst_pirTest/SplitStream2/log/runpsim.sh,gen/Tst_pirTest/SplitStream2/log/runproute.log,gen/Tst_pirTest/SplitStream2/log/runproute.sh,gen/Tst_pirTest/SplitStream2/plastisim/summary.csv,gen/Tst_pirTest/SplitStream2/pir/AccelMain.scala,gen/Tst_pirTest/SplitStream2/log/gentst.log,gen/Tst_pirTest/SplitStream2/log/maketst.log,gen/Tst_pirTest/SplitStream2/log/runtst.log,False,,,,,,,,,,False,False,False,100,,,,,,,,False,,512,,,,,,,,,,,,,,,,,,,,,,,,,False,False
b2155383,2019-04-25 21:29:40,SumSquare_0,pirTest,Tst,1000000000.0,gen/Tst_pirTest/SumSquare_0/log/mappir.log,gen/Tst_pirTest/SumSquare_0/log/runpir.log,gen/Tst_pirTest/SumSquare_0/log/genpsim.log,gen/Tst_pirTest/SumSquare_0/log/gentrace.log,gen/Tst_pirTest/SumSquare_0/log/runpsim.log,gen/Tst_pirTest/SumSquare_0/log/runpsim.sh,gen/Tst_pirTest/SumSquare_0/log/runproute.log,gen/Tst_pirTest/SumSquare_0/log/runproute.sh,gen/Tst_pirTest/SumSquare_0/plastisim/summary.csv,gen/Tst_pirTest/SumSquare_0/pir/AccelMain.scala,gen/Tst_pirTest/SumSquare_0/log/gentst.log,gen/Tst_pirTest/SumSquare_0/log/maketst.log,gen/Tst_pirTest/SumSquare_0/log/runtst.log,True,,,,,,,,,,False,False,False,100,,,,,,,,False,,512,,,,,,,,,,,,,,,,,,,,,,246,,True,False,True
b2155383,2019-04-25 21:29:40,SumSquare_1,pirTest,Tst,1000000000.0,gen/Tst_pirTest/SumSquare_1/log/mappir.log,gen/Tst_pirTest/SumSquare_1/log/runpir.log,gen/Tst_pirTest/SumSquare_1/log/genpsim.log,gen/Tst_pirTest/SumSquare_1/log/gentrace.log,gen/Tst_pirTest/SumSquare_1/log/runpsim.log,gen/Tst_pirTest/SumSquare_1/log/runpsim.sh,gen/Tst_pirTest/SumSquare_1/log/runproute.log,gen/Tst_pirTest/SumSquare_1/log/runproute.sh,gen/Tst_pirTest/SumSquare_1/plastisim/summary.csv,gen/Tst_pirTest/SumSquare_1/pir/AccelMain.scala,gen/Tst_pirTest/SumSquare_1/log/gentst.log,gen/Tst_pirTest/SumSquare_1/log/maketst.log,gen/Tst_pirTest/SumSquare_1/log/runtst.log,True,,,,,,,,,,False,False,False,100,,,,,,,,False,,512,,,,,,,,,,,,,,,,,,,,,,1051,,True,False,True
b2155383,2019-04-25 21:29:40,SumSquare_2,pirTest,Tst,1000000000.0,gen/Tst_pirTest/SumSquare_2/log/mappir.log,gen/Tst_pirTest/SumSquare_2/log/runpir.log,gen/Tst_pirTest/SumSquare_2/log/genpsim.log,gen/Tst_pirTest/SumSquare_2/log/gentrace.log,gen/Tst_pirTest/SumSquare_2/log/runpsim.log,gen/Tst_pirTest/SumSquare_2/log/runpsim.sh,gen/Tst_pirTest/SumSquare_2/log/runproute.log,gen/Tst_pirTest/SumSquare_2/log/runproute.sh,gen/Tst_pirTest/SumSquare_2/plastisim/summary.csv,gen/Tst_pirTest/SumSquare_2/pir/AccelMain.scala,gen/Tst_pirTest/SumSquare_2/log/gentst.log,gen/Tst_pirTest/SumSquare_2/log/maketst.log,gen/Tst_pirTest/SumSquare_2/log/runtst.log,True,,,,,,,,,,False,False,False,100,,,,,,,,False,,512,,,,,,,,,,,,,,,,,,,,,,379,,True,False,True
b2155383,2019-04-25 21:29:40,SumSquare_3,pirTest,Tst,1000000000.0,gen/Tst_pirTest/SumSquare_3/log/mappir.log,gen/Tst_pirTest/SumSquare_3/log/runpir.log,gen/Tst_pirTest/SumSquare_3/log/genpsim.log,gen/Tst_pirTest/SumSquare_3/log/gentrace.log,gen/Tst_pirTest/SumSquare_3/log/runpsim.log,gen/Tst_pirTest/SumSquare_3/log/runpsim.sh,gen/Tst_pirTest/SumSquare_3/log/runproute.log,gen/Tst_pirTest/SumSquare_3/log/runproute.sh,gen/Tst_pirTest/SumSquare_3/plastisim/summary.csv,gen/Tst_pirTest/SumSquare_3/pir/AccelMain.scala,gen/Tst_pirTest/SumSquare_3/log/gentst.log,gen/Tst_pirTest/SumSquare_3/log/maketst.log,gen/Tst_pirTest/SumSquare_3/log/runtst.log,True,,,,,,,,,,False,False,False,100,,,,,,,,False,,512,,,,,,,,,,,,,,,,,,,,,,539,,True,False,True
b2155383,2019-04-25 21:29:40,SumSquare_5,pirTest,Tst,1000000000.0,gen/Tst_pirTest/SumSquare_5/log/mappir.log,gen/Tst_pirTest/SumSquare_5/log/runpir.log,gen/Tst_pirTest/SumSquare_5/log/genpsim.log,gen/Tst_pirTest/SumSquare_5/log/gentrace.log,gen/Tst_pirTest/SumSquare_5/log/runpsim.log,gen/Tst_pirTest/SumSquare_5/log/runpsim.sh,gen/Tst_pirTest/SumSquare_5/log/runproute.log,gen/Tst_pirTest/SumSquare_5/log/runproute.sh,gen/Tst_pirTest/SumSquare_5/plastisim/summary.csv,gen/Tst_pirTest/SumSquare_5/pir/AccelMain.scala,gen/Tst_pirTest/SumSquare_5/log/gentst.log,gen/Tst_pirTest/SumSquare_5/log/maketst.log,gen/Tst_pirTest/SumSquare_5/log/runtst.log,True,,,,,,,,,,False,False,False,100,,,,,,,,False,,512,,,,,,,,,,,,,,,,,,,,,,203,,True,False,True
b2155383,2019-04-25 21:29:40,TPCHQ6_0,pirTest,Tst,1000000000.0,gen/Tst_pirTest/TPCHQ6_0/log/mappir.log,gen/Tst_pirTest/TPCHQ6_0/log/runpir.log,gen/Tst_pirTest/TPCHQ6_0/log/genpsim.log,gen/Tst_pirTest/TPCHQ6_0/log/gentrace.log,gen/Tst_pirTest/TPCHQ6_0/log/runpsim.log,gen/Tst_pirTest/TPCHQ6_0/log/runpsim.sh,gen/Tst_pirTest/TPCHQ6_0/log/runproute.log,gen/Tst_pirTest/TPCHQ6_0/log/runproute.sh,gen/Tst_pirTest/TPCHQ6_0/plastisim/summary.csv,gen/Tst_pirTest/TPCHQ6_0/pir/AccelMain.scala,gen/Tst_pirTest/TPCHQ6_0/log/gentst.log,gen/Tst_pirTest/TPCHQ6_0/log/maketst.log,gen/Tst_pirTest/TPCHQ6_0/log/runtst.log,True,,,,,,,,,,False,False,False,100,,,,,,,,False,,512,,,,,,,,,,,,,,,,,,,,,,425,,True,False,True
b2155383,2019-04-25 21:29:40,TPCHQ6_1,pirTest,Tst,1000000000.0,gen/Tst_pirTest/TPCHQ6_1/log/mappir.log,gen/Tst_pirTest/TPCHQ6_1/log/runpir.log,gen/Tst_pirTest/TPCHQ6_1/log/genpsim.log,gen/Tst_pirTest/TPCHQ6_1/log/gentrace.log,gen/Tst_pirTest/TPCHQ6_1/log/runpsim.log,gen/Tst_pirTest/TPCHQ6_1/log/runpsim.sh,gen/Tst_pirTest/TPCHQ6_1/log/runproute.log,gen/Tst_pirTest/TPCHQ6_1/log/runproute.sh,gen/Tst_pirTest/TPCHQ6_1/plastisim/summary.csv,gen/Tst_pirTest/TPCHQ6_1/pir/AccelMain.scala,gen/Tst_pirTest/TPCHQ6_1/log/gentst.log,gen/Tst_pirTest/TPCHQ6_1/log/maketst.log,gen/Tst_pirTest/TPCHQ6_1/log/runtst.log,True,,,,,,,,,,False,False,False,100,,,,,,,,False,,512,,,,,,,,,,,,,,,,,,,,,,3922,,True,False,True
b2155383,2019-04-25 21:29:40,TPCHQ6_2,pirTest,Tst,1000000000.0,gen/Tst_pirTest/TPCHQ6_2/log/mappir.log,gen/Tst_pirTest/TPCHQ6_2/log/runpir.log,gen/Tst_pirTest/TPCHQ6_2/log/genpsim.log,gen/Tst_pirTest/TPCHQ6_2/log/gentrace.log,gen/Tst_pirTest/TPCHQ6_2/log/runpsim.log,gen/Tst_pirTest/TPCHQ6_2/log/runpsim.sh,gen/Tst_pirTest/TPCHQ6_2/log/runproute.log,gen/Tst_pirTest/TPCHQ6_2/log/runproute.sh,gen/Tst_pirTest/TPCHQ6_2/plastisim/summary.csv,gen/Tst_pirTest/TPCHQ6_2/pir/AccelMain.scala,gen/Tst_pirTest/TPCHQ6_2/log/gentst.log,gen/Tst_pirTest/TPCHQ6_2/log/maketst.log,gen/Tst_pirTest/TPCHQ6_2/log/runtst.log,True,,,,,,,,,,False,False,False,100,,,,,,,,False,,512,,,,,,,,,,,,,,,,,,,,,,450,,True,False,True
b2155383,2019-04-25 21:29:40,TPCHQ6_3,pirTest,Tst,1000000000.0,gen/Tst_pirTest/TPCHQ6_3/log/mappir.log,gen/Tst_pirTest/TPCHQ6_3/log/runpir.log,gen/Tst_pirTest/TPCHQ6_3/log/genpsim.log,gen/Tst_pirTest/TPCHQ6_3/log/gentrace.log,gen/Tst_pirTest/TPCHQ6_3/log/runpsim.log,gen/Tst_pirTest/TPCHQ6_3/log/runpsim.sh,gen/Tst_pirTest/TPCHQ6_3/log/runproute.log,gen/Tst_pirTest/TPCHQ6_3/log/runproute.sh,gen/Tst_pirTest/TPCHQ6_3/plastisim/summary.csv,gen/Tst_pirTest/TPCHQ6_3/pir/AccelMain.scala,gen/Tst_pirTest/TPCHQ6_3/log/gentst.log,gen/Tst_pirTest/TPCHQ6_3/log/maketst.log,gen/Tst_pirTest/TPCHQ6_3/log/runtst.log,True,,,,,,,,,,False,False,False,100,,,,,,,,False,,512,,,,,,,,,,,,,,,,,,,,,,2065,,True,False,True
b2155383,2019-04-25 21:29:40,TPCHQ6_4,pirTest,Tst,1000000000.0,gen/Tst_pirTest/TPCHQ6_4/log/mappir.log,gen/Tst_pirTest/TPCHQ6_4/log/runpir.log,gen/Tst_pirTest/TPCHQ6_4/log/genpsim.log,gen/Tst_pirTest/TPCHQ6_4/log/gentrace.log,gen/Tst_pirTest/TPCHQ6_4/log/runpsim.log,gen/Tst_pirTest/TPCHQ6_4/log/runpsim.sh,gen/Tst_pirTest/TPCHQ6_4/log/runproute.log,gen/Tst_pirTest/TPCHQ6_4/log/runproute.sh,gen/Tst_pirTest/TPCHQ6_4/plastisim/summary.csv,gen/Tst_pirTest/TPCHQ6_4/pir/AccelMain.scala,gen/Tst_pirTest/TPCHQ6_4/log/gentst.log,gen/Tst_pirTest/TPCHQ6_4/log/maketst.log,gen/Tst_pirTest/TPCHQ6_4/log/runtst.log,True,,,,,,,,,,False,False,False,100,,,,,,,,False,,512,,,,,,,,,,,,,,,,,,,,,,445,,True,False,True
b2155383,2019-04-25 21:29:40,VecTest,pirTest,Tst,1000000000.0,gen/Tst_pirTest/VecTest/log/mappir.log,gen/Tst_pirTest/VecTest/log/runpir.log,gen/Tst_pirTest/VecTest/log/genpsim.log,gen/Tst_pirTest/VecTest/log/gentrace.log,gen/Tst_pirTest/VecTest/log/runpsim.log,gen/Tst_pirTest/VecTest/log/runpsim.sh,gen/Tst_pirTest/VecTest/log/runproute.log,gen/Tst_pirTest/VecTest/log/runproute.sh,gen/Tst_pirTest/VecTest/plastisim/summary.csv,gen/Tst_pirTest/VecTest/pir/AccelMain.scala,gen/Tst_pirTest/VecTest/log/gentst.log,gen/Tst_pirTest/VecTest/log/maketst.log,gen/Tst_pirTest/VecTest/log/runtst.log,True,,,,,,,,,,False,False,False,100,,,,,,,,False,,512,,,,,,,,,,,,,,,,,,,,,,588,,True,False,True
