sha,time,app,project,backend,freq,mappirlog,runpirlog,genpsimlog,gentracelog,runpsimlog,psimsh,runproutelog,proutesh,prouteSummary,AccelMain,logpath,gentstlog,maketstlog,runtstlog,genpir,genpir_err,runpir_time,runpir_err,notFit,MC,DAG,PMU,PCU,row,col,p2p,asic,scheduled,fifo_depth,mappir_err,mappir_time,genpsim_err,gentrace_err,psimcycle,lbw,sbw,psim_deadlock,algo,pattern,slink,vlink,prtime,vcLimit,DynHopsVec,DynHopsScal,StatHopsVec,StatHopsScal,Score,NetVC,TotPkts,LinkLim,InjectLim,EjectLim,LongRoute,Q0Pct,Q0Lim,gentst_err,gentst_time,maketst_err,tstcycle,runtst_err,runtst_pass,tst_deadlock,tst_complete,succeeded
efa47d6e,2019-05-15 12:57:15,BlackScholes_0,pirTest,Tst,1000000000.0,../gen/Tst_pirTest/BlackScholes_0/log/mappir.log,../gen/Tst_pirTest/BlackScholes_0/log/runpir.log,../gen/Tst_pirTest/BlackScholes_0/log/genpsim.log,../gen/Tst_pirTest/BlackScholes_0/log/gentrace.log,../gen/Tst_pirTest/BlackScholes_0/log/runpsim.log,../gen/Tst_pirTest/BlackScholes_0/log/runpsim.sh,../gen/Tst_pirTest/BlackScholes_0/log/runproute.log,../gen/Tst_pirTest/BlackScholes_0/log/runproute.sh,../gen/Tst_pirTest/BlackScholes_0/plastisim/summary.csv,../gen/Tst_pirTest/BlackScholes_0/pir/AccelMain.scala,../gen/Tst_pirTest/BlackScholes_0/log/,../gen/Tst_pirTest/BlackScholes_0/log/gentst.log,../gen/Tst_pirTest/BlackScholes_0/log/maketst.log,../gen/Tst_pirTest/BlackScholes_0/log/runtst.log,True,,,,,,,,,,,False,False,False,100,,,,,,,,False,,,,,,,,,,,,,,,,,,,,,22.904379094,,2016,,True,False,True,True
efa47d6e,2019-05-15 12:57:15,BlackScholes_1,pirTest,Tst,1000000000.0,../gen/Tst_pirTest/BlackScholes_1/log/mappir.log,../gen/Tst_pirTest/BlackScholes_1/log/runpir.log,../gen/Tst_pirTest/BlackScholes_1/log/genpsim.log,../gen/Tst_pirTest/BlackScholes_1/log/gentrace.log,../gen/Tst_pirTest/BlackScholes_1/log/runpsim.log,../gen/Tst_pirTest/BlackScholes_1/log/runpsim.sh,../gen/Tst_pirTest/BlackScholes_1/log/runproute.log,../gen/Tst_pirTest/BlackScholes_1/log/runproute.sh,../gen/Tst_pirTest/BlackScholes_1/plastisim/summary.csv,../gen/Tst_pirTest/BlackScholes_1/pir/AccelMain.scala,../gen/Tst_pirTest/BlackScholes_1/log/,../gen/Tst_pirTest/BlackScholes_1/log/gentst.log,../gen/Tst_pirTest/BlackScholes_1/log/maketst.log,../gen/Tst_pirTest/BlackScholes_1/log/runtst.log,True,,,,,,,,,,,False,False,False,100,,,,,,,,False,,,,,,,,,,,,,,,,,,,,,22.835220161,,28773,,True,False,True,True
efa47d6e,2019-05-15 12:57:15,DotProduct_0,pirTest,Tst,1000000000.0,../gen/Tst_pirTest/DotProduct_0/log/mappir.log,../gen/Tst_pirTest/DotProduct_0/log/runpir.log,../gen/Tst_pirTest/DotProduct_0/log/genpsim.log,../gen/Tst_pirTest/DotProduct_0/log/gentrace.log,../gen/Tst_pirTest/DotProduct_0/log/runpsim.log,../gen/Tst_pirTest/DotProduct_0/log/runpsim.sh,../gen/Tst_pirTest/DotProduct_0/log/runproute.log,../gen/Tst_pirTest/DotProduct_0/log/runproute.sh,../gen/Tst_pirTest/DotProduct_0/plastisim/summary.csv,../gen/Tst_pirTest/DotProduct_0/pir/AccelMain.scala,../gen/Tst_pirTest/DotProduct_0/log/,../gen/Tst_pirTest/DotProduct_0/log/gentst.log,../gen/Tst_pirTest/DotProduct_0/log/maketst.log,../gen/Tst_pirTest/DotProduct_0/log/runtst.log,True,,,,,,,,,,,False,False,False,100,,,,,,,,False,,,,,,,,,,,,,,,,,,,,,8.467274043,,308,,True,False,True,True
efa47d6e,2019-05-15 12:57:15,DotProduct_1,pirTest,Tst,1000000000.0,../gen/Tst_pirTest/DotProduct_1/log/mappir.log,../gen/Tst_pirTest/DotProduct_1/log/runpir.log,../gen/Tst_pirTest/DotProduct_1/log/genpsim.log,../gen/Tst_pirTest/DotProduct_1/log/gentrace.log,../gen/Tst_pirTest/DotProduct_1/log/runpsim.log,../gen/Tst_pirTest/DotProduct_1/log/runpsim.sh,../gen/Tst_pirTest/DotProduct_1/log/runproute.log,../gen/Tst_pirTest/DotProduct_1/log/runproute.sh,../gen/Tst_pirTest/DotProduct_1/plastisim/summary.csv,../gen/Tst_pirTest/DotProduct_1/pir/AccelMain.scala,../gen/Tst_pirTest/DotProduct_1/log/,../gen/Tst_pirTest/DotProduct_1/log/gentst.log,../gen/Tst_pirTest/DotProduct_1/log/maketst.log,../gen/Tst_pirTest/DotProduct_1/log/runtst.log,True,,,,,,,,,,,False,False,False,100,,,,,,,,False,,,,,,,,,,,,,,,,,,,,,8.687826421,,1143,,True,False,True,True
efa47d6e,2019-05-15 12:57:15,DotProduct_2,pirTest,Tst,1000000000.0,../gen/Tst_pirTest/DotProduct_2/log/mappir.log,../gen/Tst_pirTest/DotProduct_2/log/runpir.log,../gen/Tst_pirTest/DotProduct_2/log/genpsim.log,../gen/Tst_pirTest/DotProduct_2/log/gentrace.log,../gen/Tst_pirTest/DotProduct_2/log/runpsim.log,../gen/Tst_pirTest/DotProduct_2/log/runpsim.sh,../gen/Tst_pirTest/DotProduct_2/log/runproute.log,../gen/Tst_pirTest/DotProduct_2/log/runproute.sh,../gen/Tst_pirTest/DotProduct_2/plastisim/summary.csv,../gen/Tst_pirTest/DotProduct_2/pir/AccelMain.scala,../gen/Tst_pirTest/DotProduct_2/log/,../gen/Tst_pirTest/DotProduct_2/log/gentst.log,../gen/Tst_pirTest/DotProduct_2/log/maketst.log,../gen/Tst_pirTest/DotProduct_2/log/runtst.log,True,,,,,,,,,,,False,False,False,100,,,,,,,,False,,,,,,,,,,,,,,,,,,,,,12.633714389,,636,,True,False,True,True
efa47d6e,2019-05-15 12:57:15,DotProduct_3,pirTest,Tst,1000000000.0,../gen/Tst_pirTest/DotProduct_3/log/mappir.log,../gen/Tst_pirTest/DotProduct_3/log/runpir.log,../gen/Tst_pirTest/DotProduct_3/log/genpsim.log,../gen/Tst_pirTest/DotProduct_3/log/gentrace.log,../gen/Tst_pirTest/DotProduct_3/log/runpsim.log,../gen/Tst_pirTest/DotProduct_3/log/runpsim.sh,../gen/Tst_pirTest/DotProduct_3/log/runproute.log,../gen/Tst_pirTest/DotProduct_3/log/runproute.sh,../gen/Tst_pirTest/DotProduct_3/plastisim/summary.csv,../gen/Tst_pirTest/DotProduct_3/pir/AccelMain.scala,../gen/Tst_pirTest/DotProduct_3/log/,../gen/Tst_pirTest/DotProduct_3/log/gentst.log,../gen/Tst_pirTest/DotProduct_3/log/maketst.log,../gen/Tst_pirTest/DotProduct_3/log/runtst.log,True,,,,,,,,,,,False,False,False,100,,,,,,,,False,,,,,,,,,,,,,,,,,,,,,11.883901273,,246,,True,False,True,True
efa47d6e,2019-05-15 12:57:15,GDA_0,pirTest,Tst,1000000000.0,../gen/Tst_pirTest/GDA_0/log/mappir.log,../gen/Tst_pirTest/GDA_0/log/runpir.log,../gen/Tst_pirTest/GDA_0/log/genpsim.log,../gen/Tst_pirTest/GDA_0/log/gentrace.log,../gen/Tst_pirTest/GDA_0/log/runpsim.log,../gen/Tst_pirTest/GDA_0/log/runpsim.sh,../gen/Tst_pirTest/GDA_0/log/runproute.log,../gen/Tst_pirTest/GDA_0/log/runproute.sh,../gen/Tst_pirTest/GDA_0/plastisim/summary.csv,../gen/Tst_pirTest/GDA_0/pir/AccelMain.scala,../gen/Tst_pirTest/GDA_0/log/,../gen/Tst_pirTest/GDA_0/log/gentst.log,../gen/Tst_pirTest/GDA_0/log/maketst.log,../gen/Tst_pirTest/GDA_0/log/runtst.log,True,,,,,,,,,,,False,False,False,100,,,,,,,,False,,,,,,,,,,,,,,,,,,,,,22.919351282,,1078987,,True,False,True,True
efa47d6e,2019-05-15 12:57:15,GDA_1,pirTest,Tst,1000000000.0,../gen/Tst_pirTest/GDA_1/log/mappir.log,../gen/Tst_pirTest/GDA_1/log/runpir.log,../gen/Tst_pirTest/GDA_1/log/genpsim.log,../gen/Tst_pirTest/GDA_1/log/gentrace.log,../gen/Tst_pirTest/GDA_1/log/runpsim.log,../gen/Tst_pirTest/GDA_1/log/runpsim.sh,../gen/Tst_pirTest/GDA_1/log/runproute.log,../gen/Tst_pirTest/GDA_1/log/runproute.sh,../gen/Tst_pirTest/GDA_1/plastisim/summary.csv,../gen/Tst_pirTest/GDA_1/pir/AccelMain.scala,../gen/Tst_pirTest/GDA_1/log/,../gen/Tst_pirTest/GDA_1/log/gentst.log,../gen/Tst_pirTest/GDA_1/log/maketst.log,../gen/Tst_pirTest/GDA_1/log/runtst.log,True,,,,,,,,,,,False,False,False,100,,,,,,,,False,,,,,,,,,,,,,,,,,,,,,24.512981187,,6016,,True,False,True,True
efa47d6e,2019-05-15 12:57:15,GDA_14,pirTest,Tst,1000000000.0,../gen/Tst_pirTest/GDA_14/log/mappir.log,../gen/Tst_pirTest/GDA_14/log/runpir.log,../gen/Tst_pirTest/GDA_14/log/genpsim.log,../gen/Tst_pirTest/GDA_14/log/gentrace.log,../gen/Tst_pirTest/GDA_14/log/runpsim.log,../gen/Tst_pirTest/GDA_14/log/runpsim.sh,../gen/Tst_pirTest/GDA_14/log/runproute.log,../gen/Tst_pirTest/GDA_14/log/runproute.sh,../gen/Tst_pirTest/GDA_14/plastisim/summary.csv,../gen/Tst_pirTest/GDA_14/pir/AccelMain.scala,../gen/Tst_pirTest/GDA_14/log/,../gen/Tst_pirTest/GDA_14/log/gentst.log,../gen/Tst_pirTest/GDA_14/log/maketst.log,../gen/Tst_pirTest/GDA_14/log/runtst.log,True,,,,,,,,,,,False,False,False,100,,,,,,,,False,,,,,,,,,,,,,,,,,,,,,59.223561366,,999292,,True,False,True,True
efa47d6e,2019-05-15 12:57:15,GDA_2,pirTest,Tst,1000000000.0,../gen/Tst_pirTest/GDA_2/log/mappir.log,../gen/Tst_pirTest/GDA_2/log/runpir.log,../gen/Tst_pirTest/GDA_2/log/genpsim.log,../gen/Tst_pirTest/GDA_2/log/gentrace.log,../gen/Tst_pirTest/GDA_2/log/runpsim.log,../gen/Tst_pirTest/GDA_2/log/runpsim.sh,../gen/Tst_pirTest/GDA_2/log/runproute.log,../gen/Tst_pirTest/GDA_2/log/runproute.sh,../gen/Tst_pirTest/GDA_2/plastisim/summary.csv,../gen/Tst_pirTest/GDA_2/pir/AccelMain.scala,../gen/Tst_pirTest/GDA_2/log/,../gen/Tst_pirTest/GDA_2/log/gentst.log,../gen/Tst_pirTest/GDA_2/log/maketst.log,../gen/Tst_pirTest/GDA_2/log/runtst.log,True,,,,,,,,,,,False,False,False,100,,,,,,,,False,,,,,,,,,,,,,,,,,,,,,36.940665602,,3322,,True,False,True,True
efa47d6e,2019-05-15 12:57:15,GDA_3,pirTest,Tst,1000000000.0,../gen/Tst_pirTest/GDA_3/log/mappir.log,../gen/Tst_pirTest/GDA_3/log/runpir.log,../gen/Tst_pirTest/GDA_3/log/genpsim.log,../gen/Tst_pirTest/GDA_3/log/gentrace.log,../gen/Tst_pirTest/GDA_3/log/runpsim.log,../gen/Tst_pirTest/GDA_3/log/runpsim.sh,../gen/Tst_pirTest/GDA_3/log/runproute.log,../gen/Tst_pirTest/GDA_3/log/runproute.sh,../gen/Tst_pirTest/GDA_3/plastisim/summary.csv,../gen/Tst_pirTest/GDA_3/pir/AccelMain.scala,../gen/Tst_pirTest/GDA_3/log/,../gen/Tst_pirTest/GDA_3/log/gentst.log,../gen/Tst_pirTest/GDA_3/log/maketst.log,../gen/Tst_pirTest/GDA_3/log/runtst.log,True,,,,,,,,,,,False,False,False,100,,,,,,,,False,,,,,,,,,,,,,,,,,,,,,30.664378227,,7367,,True,False,True,True
efa47d6e,2019-05-15 12:57:15,GDA_4,pirTest,Tst,1000000000.0,../gen/Tst_pirTest/GDA_4/log/mappir.log,../gen/Tst_pirTest/GDA_4/log/runpir.log,../gen/Tst_pirTest/GDA_4/log/genpsim.log,../gen/Tst_pirTest/GDA_4/log/gentrace.log,../gen/Tst_pirTest/GDA_4/log/runpsim.log,../gen/Tst_pirTest/GDA_4/log/runpsim.sh,../gen/Tst_pirTest/GDA_4/log/runproute.log,../gen/Tst_pirTest/GDA_4/log/runproute.sh,../gen/Tst_pirTest/GDA_4/plastisim/summary.csv,../gen/Tst_pirTest/GDA_4/pir/AccelMain.scala,../gen/Tst_pirTest/GDA_4/log/,../gen/Tst_pirTest/GDA_4/log/gentst.log,../gen/Tst_pirTest/GDA_4/log/maketst.log,../gen/Tst_pirTest/GDA_4/log/runtst.log,True,,,,,,,,,,,False,False,False,100,,,,,,,,False,,,,,,,,,,,,,,,,,,,,,56.158404302,,3973,,True,False,True,True
efa47d6e,2019-05-15 12:57:15,GDA_5,pirTest,Tst,1000000000.0,../gen/Tst_pirTest/GDA_5/log/mappir.log,../gen/Tst_pirTest/GDA_5/log/runpir.log,../gen/Tst_pirTest/GDA_5/log/genpsim.log,../gen/Tst_pirTest/GDA_5/log/gentrace.log,../gen/Tst_pirTest/GDA_5/log/runpsim.log,../gen/Tst_pirTest/GDA_5/log/runpsim.sh,../gen/Tst_pirTest/GDA_5/log/runproute.log,../gen/Tst_pirTest/GDA_5/log/runproute.sh,../gen/Tst_pirTest/GDA_5/plastisim/summary.csv,../gen/Tst_pirTest/GDA_5/pir/AccelMain.scala,../gen/Tst_pirTest/GDA_5/log/,../gen/Tst_pirTest/GDA_5/log/gentst.log,../gen/Tst_pirTest/GDA_5/log/maketst.log,../gen/Tst_pirTest/GDA_5/log/runtst.log,True,,,,,,,,,,,False,False,False,100,,,,,,,,False,,,,,,,,,,,,,,,,,,,,,26.306465528,,21803,,True,False,True,True
efa47d6e,2019-05-15 12:57:15,GDA_6,pirTest,Tst,1000000000.0,../gen/Tst_pirTest/GDA_6/log/mappir.log,../gen/Tst_pirTest/GDA_6/log/runpir.log,../gen/Tst_pirTest/GDA_6/log/genpsim.log,../gen/Tst_pirTest/GDA_6/log/gentrace.log,../gen/Tst_pirTest/GDA_6/log/runpsim.log,../gen/Tst_pirTest/GDA_6/log/runpsim.sh,../gen/Tst_pirTest/GDA_6/log/runproute.log,../gen/Tst_pirTest/GDA_6/log/runproute.sh,../gen/Tst_pirTest/GDA_6/plastisim/summary.csv,../gen/Tst_pirTest/GDA_6/pir/AccelMain.scala,../gen/Tst_pirTest/GDA_6/log/,../gen/Tst_pirTest/GDA_6/log/gentst.log,../gen/Tst_pirTest/GDA_6/log/maketst.log,../gen/Tst_pirTest/GDA_6/log/runtst.log,True,,,,,,,,,,,False,False,False,100,,,,,,,,False,,,,,,,,,,,,,,,,,,,,,51.197161511,,2630868,,True,False,True,True
efa47d6e,2019-05-15 12:57:15,GEMM_0,pirTest,Tst,1000000000.0,../gen/Tst_pirTest/GEMM_0/log/mappir.log,../gen/Tst_pirTest/GEMM_0/log/runpir.log,../gen/Tst_pirTest/GEMM_0/log/genpsim.log,../gen/Tst_pirTest/GEMM_0/log/gentrace.log,../gen/Tst_pirTest/GEMM_0/log/runpsim.log,../gen/Tst_pirTest/GEMM_0/log/runpsim.sh,../gen/Tst_pirTest/GEMM_0/log/runproute.log,../gen/Tst_pirTest/GEMM_0/log/runproute.sh,../gen/Tst_pirTest/GEMM_0/plastisim/summary.csv,../gen/Tst_pirTest/GEMM_0/pir/AccelMain.scala,../gen/Tst_pirTest/GEMM_0/log/,../gen/Tst_pirTest/GEMM_0/log/gentst.log,../gen/Tst_pirTest/GEMM_0/log/maketst.log,../gen/Tst_pirTest/GEMM_0/log/runtst.log,True,,,,,,,,,,,False,False,False,100,,,,,,,,False,,,,,,,,,,,,,,,,,,,,,20.654555362,,132616,,True,False,True,True
efa47d6e,2019-05-15 12:57:15,GEMM_1,pirTest,Tst,1000000000.0,../gen/Tst_pirTest/GEMM_1/log/mappir.log,../gen/Tst_pirTest/GEMM_1/log/runpir.log,../gen/Tst_pirTest/GEMM_1/log/genpsim.log,../gen/Tst_pirTest/GEMM_1/log/gentrace.log,../gen/Tst_pirTest/GEMM_1/log/runpsim.log,../gen/Tst_pirTest/GEMM_1/log/runpsim.sh,../gen/Tst_pirTest/GEMM_1/log/runproute.log,../gen/Tst_pirTest/GEMM_1/log/runproute.sh,../gen/Tst_pirTest/GEMM_1/plastisim/summary.csv,../gen/Tst_pirTest/GEMM_1/pir/AccelMain.scala,../gen/Tst_pirTest/GEMM_1/log/,../gen/Tst_pirTest/GEMM_1/log/gentst.log,../gen/Tst_pirTest/GEMM_1/log/maketst.log,../gen/Tst_pirTest/GEMM_1/log/runtst.log,True,,,,,,,,,,,False,False,False,100,,,,,,,,False,,,,,,,,,,,,,,,,,,,,,20.210066189,,2109610,,True,False,True,True
efa47d6e,2019-05-15 12:57:15,GEMM_10,pirTest,Tst,1000000000.0,../gen/Tst_pirTest/GEMM_10/log/mappir.log,../gen/Tst_pirTest/GEMM_10/log/runpir.log,../gen/Tst_pirTest/GEMM_10/log/genpsim.log,../gen/Tst_pirTest/GEMM_10/log/gentrace.log,../gen/Tst_pirTest/GEMM_10/log/runpsim.log,../gen/Tst_pirTest/GEMM_10/log/runpsim.sh,../gen/Tst_pirTest/GEMM_10/log/runproute.log,../gen/Tst_pirTest/GEMM_10/log/runproute.sh,../gen/Tst_pirTest/GEMM_10/plastisim/summary.csv,../gen/Tst_pirTest/GEMM_10/pir/AccelMain.scala,../gen/Tst_pirTest/GEMM_10/log/,../gen/Tst_pirTest/GEMM_10/log/gentst.log,../gen/Tst_pirTest/GEMM_10/log/maketst.log,../gen/Tst_pirTest/GEMM_10/log/runtst.log,True,,,,,,,,,,,False,False,False,100,,,,,,,,False,,,,,,,,,,,,,,,,,,,,,45.637076607,,9520,,True,False,True,True
efa47d6e,2019-05-15 12:57:15,GEMM_11,pirTest,Tst,1000000000.0,../gen/Tst_pirTest/GEMM_11/log/mappir.log,../gen/Tst_pirTest/GEMM_11/log/runpir.log,../gen/Tst_pirTest/GEMM_11/log/genpsim.log,../gen/Tst_pirTest/GEMM_11/log/gentrace.log,../gen/Tst_pirTest/GEMM_11/log/runpsim.log,../gen/Tst_pirTest/GEMM_11/log/runpsim.sh,../gen/Tst_pirTest/GEMM_11/log/runproute.log,../gen/Tst_pirTest/GEMM_11/log/runproute.sh,../gen/Tst_pirTest/GEMM_11/plastisim/summary.csv,../gen/Tst_pirTest/GEMM_11/pir/AccelMain.scala,../gen/Tst_pirTest/GEMM_11/log/,../gen/Tst_pirTest/GEMM_11/log/gentst.log,../gen/Tst_pirTest/GEMM_11/log/maketst.log,../gen/Tst_pirTest/GEMM_11/log/runtst.log,True,,,,,,,,,,,False,False,False,100,,,,,,,,False,,,,,,,,,,,,,,,,,,,,,35.855919761,,9910,,True,False,True,True
efa47d6e,2019-05-15 12:57:15,GEMM_12,pirTest,Tst,1000000000.0,../gen/Tst_pirTest/GEMM_12/log/mappir.log,../gen/Tst_pirTest/GEMM_12/log/runpir.log,../gen/Tst_pirTest/GEMM_12/log/genpsim.log,../gen/Tst_pirTest/GEMM_12/log/gentrace.log,../gen/Tst_pirTest/GEMM_12/log/runpsim.log,../gen/Tst_pirTest/GEMM_12/log/runpsim.sh,../gen/Tst_pirTest/GEMM_12/log/runproute.log,../gen/Tst_pirTest/GEMM_12/log/runproute.sh,../gen/Tst_pirTest/GEMM_12/plastisim/summary.csv,../gen/Tst_pirTest/GEMM_12/pir/AccelMain.scala,../gen/Tst_pirTest/GEMM_12/log/,../gen/Tst_pirTest/GEMM_12/log/gentst.log,../gen/Tst_pirTest/GEMM_12/log/maketst.log,../gen/Tst_pirTest/GEMM_12/log/runtst.log,True,,,,,,,,,,,False,False,False,100,,,,,,,,False,,,,,,,,,,,,,,,,,,,,,39.767812999,,9920,,True,False,True,True
efa47d6e,2019-05-15 12:57:15,GEMM_13,pirTest,Tst,1000000000.0,../gen/Tst_pirTest/GEMM_13/log/mappir.log,../gen/Tst_pirTest/GEMM_13/log/runpir.log,../gen/Tst_pirTest/GEMM_13/log/genpsim.log,../gen/Tst_pirTest/GEMM_13/log/gentrace.log,../gen/Tst_pirTest/GEMM_13/log/runpsim.log,../gen/Tst_pirTest/GEMM_13/log/runpsim.sh,../gen/Tst_pirTest/GEMM_13/log/runproute.log,../gen/Tst_pirTest/GEMM_13/log/runproute.sh,../gen/Tst_pirTest/GEMM_13/plastisim/summary.csv,../gen/Tst_pirTest/GEMM_13/pir/AccelMain.scala,../gen/Tst_pirTest/GEMM_13/log/,../gen/Tst_pirTest/GEMM_13/log/gentst.log,../gen/Tst_pirTest/GEMM_13/log/maketst.log,../gen/Tst_pirTest/GEMM_13/log/runtst.log,True,,,,,,,,,,,False,False,False,100,,,,,,,,False,,,,,,,,,,,,,,,,,,,,,52.419094307,,9131,,True,False,True,True
efa47d6e,2019-05-15 12:57:15,GEMM_14,pirTest,Tst,1000000000.0,../gen/Tst_pirTest/GEMM_14/log/mappir.log,../gen/Tst_pirTest/GEMM_14/log/runpir.log,../gen/Tst_pirTest/GEMM_14/log/genpsim.log,../gen/Tst_pirTest/GEMM_14/log/gentrace.log,../gen/Tst_pirTest/GEMM_14/log/runpsim.log,../gen/Tst_pirTest/GEMM_14/log/runpsim.sh,../gen/Tst_pirTest/GEMM_14/log/runproute.log,../gen/Tst_pirTest/GEMM_14/log/runproute.sh,../gen/Tst_pirTest/GEMM_14/plastisim/summary.csv,../gen/Tst_pirTest/GEMM_14/pir/AccelMain.scala,../gen/Tst_pirTest/GEMM_14/log/,../gen/Tst_pirTest/GEMM_14/log/gentst.log,../gen/Tst_pirTest/GEMM_14/log/maketst.log,../gen/Tst_pirTest/GEMM_14/log/runtst.log,True,,,,,,,,,,,False,False,False,100,,,,,,,,False,,,,,,,,,,,,,,,,,,,,,60.040434974,,9392,,True,False,True,True
efa47d6e,2019-05-15 12:57:15,GEMM_15,pirTest,Tst,1000000000.0,../gen/Tst_pirTest/GEMM_15/log/mappir.log,../gen/Tst_pirTest/GEMM_15/log/runpir.log,../gen/Tst_pirTest/GEMM_15/log/genpsim.log,../gen/Tst_pirTest/GEMM_15/log/gentrace.log,../gen/Tst_pirTest/GEMM_15/log/runpsim.log,../gen/Tst_pirTest/GEMM_15/log/runpsim.sh,../gen/Tst_pirTest/GEMM_15/log/runproute.log,../gen/Tst_pirTest/GEMM_15/log/runproute.sh,../gen/Tst_pirTest/GEMM_15/plastisim/summary.csv,../gen/Tst_pirTest/GEMM_15/pir/AccelMain.scala,../gen/Tst_pirTest/GEMM_15/log/,../gen/Tst_pirTest/GEMM_15/log/gentst.log,../gen/Tst_pirTest/GEMM_15/log/maketst.log,../gen/Tst_pirTest/GEMM_15/log/runtst.log,True,,,,,,,,,,,False,False,False,100,,,,,,,,False,,,,,,,,,,,,,,,,,,,,,76.26707673,,6197,,True,False,True,True
efa47d6e,2019-05-15 12:57:15,GEMM_16,pirTest,Tst,1000000000.0,../gen/Tst_pirTest/GEMM_16/log/mappir.log,../gen/Tst_pirTest/GEMM_16/log/runpir.log,../gen/Tst_pirTest/GEMM_16/log/genpsim.log,../gen/Tst_pirTest/GEMM_16/log/gentrace.log,../gen/Tst_pirTest/GEMM_16/log/runpsim.log,../gen/Tst_pirTest/GEMM_16/log/runpsim.sh,../gen/Tst_pirTest/GEMM_16/log/runproute.log,../gen/Tst_pirTest/GEMM_16/log/runproute.sh,../gen/Tst_pirTest/GEMM_16/plastisim/summary.csv,../gen/Tst_pirTest/GEMM_16/pir/AccelMain.scala,../gen/Tst_pirTest/GEMM_16/log/,../gen/Tst_pirTest/GEMM_16/log/gentst.log,../gen/Tst_pirTest/GEMM_16/log/maketst.log,../gen/Tst_pirTest/GEMM_16/log/runtst.log,True,,,,,,,,,,,False,False,False,100,,,,,,,,False,,,,,,,,,,,,,,,,,,,,,81.484161976,,5040,,True,False,True,True
efa47d6e,2019-05-15 12:57:15,GEMM_17,pirTest,Tst,1000000000.0,../gen/Tst_pirTest/GEMM_17/log/mappir.log,../gen/Tst_pirTest/GEMM_17/log/runpir.log,../gen/Tst_pirTest/GEMM_17/log/genpsim.log,../gen/Tst_pirTest/GEMM_17/log/gentrace.log,../gen/Tst_pirTest/GEMM_17/log/runpsim.log,../gen/Tst_pirTest/GEMM_17/log/runpsim.sh,../gen/Tst_pirTest/GEMM_17/log/runproute.log,../gen/Tst_pirTest/GEMM_17/log/runproute.sh,../gen/Tst_pirTest/GEMM_17/plastisim/summary.csv,../gen/Tst_pirTest/GEMM_17/pir/AccelMain.scala,../gen/Tst_pirTest/GEMM_17/log/,../gen/Tst_pirTest/GEMM_17/log/gentst.log,../gen/Tst_pirTest/GEMM_17/log/maketst.log,../gen/Tst_pirTest/GEMM_17/log/runtst.log,True,,,,,,,,,,,False,False,False,100,,,,,,,,False,,,,,,,,,,,,,,,,,,,,,88.047990199,,3472,,True,False,True,True
efa47d6e,2019-05-15 12:57:15,GEMM_18,pirTest,Tst,1000000000.0,../gen/Tst_pirTest/GEMM_18/log/mappir.log,../gen/Tst_pirTest/GEMM_18/log/runpir.log,../gen/Tst_pirTest/GEMM_18/log/genpsim.log,../gen/Tst_pirTest/GEMM_18/log/gentrace.log,../gen/Tst_pirTest/GEMM_18/log/runpsim.log,../gen/Tst_pirTest/GEMM_18/log/runpsim.sh,../gen/Tst_pirTest/GEMM_18/log/runproute.log,../gen/Tst_pirTest/GEMM_18/log/runproute.sh,../gen/Tst_pirTest/GEMM_18/plastisim/summary.csv,../gen/Tst_pirTest/GEMM_18/pir/AccelMain.scala,../gen/Tst_pirTest/GEMM_18/log/,../gen/Tst_pirTest/GEMM_18/log/gentst.log,../gen/Tst_pirTest/GEMM_18/log/maketst.log,../gen/Tst_pirTest/GEMM_18/log/runtst.log,True,,,,,,,,,,,False,False,False,100,,,,,,,,False,,,,,,,,,,,,,,,,,,,,,75.088077169,,3205,,True,False,True,True
efa47d6e,2019-05-15 12:57:15,GEMM_2,pirTest,Tst,1000000000.0,../gen/Tst_pirTest/GEMM_2/log/mappir.log,../gen/Tst_pirTest/GEMM_2/log/runpir.log,../gen/Tst_pirTest/GEMM_2/log/genpsim.log,../gen/Tst_pirTest/GEMM_2/log/gentrace.log,../gen/Tst_pirTest/GEMM_2/log/runpsim.log,../gen/Tst_pirTest/GEMM_2/log/runpsim.sh,../gen/Tst_pirTest/GEMM_2/log/runproute.log,../gen/Tst_pirTest/GEMM_2/log/runproute.sh,../gen/Tst_pirTest/GEMM_2/plastisim/summary.csv,../gen/Tst_pirTest/GEMM_2/pir/AccelMain.scala,../gen/Tst_pirTest/GEMM_2/log/,../gen/Tst_pirTest/GEMM_2/log/gentst.log,../gen/Tst_pirTest/GEMM_2/log/maketst.log,../gen/Tst_pirTest/GEMM_2/log/runtst.log,True,,,,,,,,,,,False,False,False,100,,,,,,,,False,,,,,,,,,,,,,,,,,,,,,27.770940645,,67105,,True,False,True,True
efa47d6e,2019-05-15 12:57:15,GEMM_3,pirTest,Tst,1000000000.0,../gen/Tst_pirTest/GEMM_3/log/mappir.log,../gen/Tst_pirTest/GEMM_3/log/runpir.log,../gen/Tst_pirTest/GEMM_3/log/genpsim.log,../gen/Tst_pirTest/GEMM_3/log/gentrace.log,../gen/Tst_pirTest/GEMM_3/log/runpsim.log,../gen/Tst_pirTest/GEMM_3/log/runpsim.sh,../gen/Tst_pirTest/GEMM_3/log/runproute.log,../gen/Tst_pirTest/GEMM_3/log/runproute.sh,../gen/Tst_pirTest/GEMM_3/plastisim/summary.csv,../gen/Tst_pirTest/GEMM_3/pir/AccelMain.scala,../gen/Tst_pirTest/GEMM_3/log/,../gen/Tst_pirTest/GEMM_3/log/gentst.log,../gen/Tst_pirTest/GEMM_3/log/maketst.log,../gen/Tst_pirTest/GEMM_3/log/runtst.log,True,,,,,,,,,,,False,False,False,100,,,,,,,,False,,,,,,,,,,,,,,,,,,,,,25.898275083,,70003,,True,False,True,True
efa47d6e,2019-05-15 12:57:15,GEMM_4,pirTest,Tst,1000000000.0,../gen/Tst_pirTest/GEMM_4/log/mappir.log,../gen/Tst_pirTest/GEMM_4/log/runpir.log,../gen/Tst_pirTest/GEMM_4/log/genpsim.log,../gen/Tst_pirTest/GEMM_4/log/gentrace.log,../gen/Tst_pirTest/GEMM_4/log/runpsim.log,../gen/Tst_pirTest/GEMM_4/log/runpsim.sh,../gen/Tst_pirTest/GEMM_4/log/runproute.log,../gen/Tst_pirTest/GEMM_4/log/runproute.sh,../gen/Tst_pirTest/GEMM_4/plastisim/summary.csv,../gen/Tst_pirTest/GEMM_4/pir/AccelMain.scala,../gen/Tst_pirTest/GEMM_4/log/,../gen/Tst_pirTest/GEMM_4/log/gentst.log,../gen/Tst_pirTest/GEMM_4/log/maketst.log,../gen/Tst_pirTest/GEMM_4/log/runtst.log,True,,,,,,,,,,,False,False,False,100,,,,,,,,False,,,,,,,,,,,,,,,,,,,,,29.222216958,,67146,,True,False,True,True
efa47d6e,2019-05-15 12:57:15,GEMM_6,pirTest,Tst,1000000000.0,../gen/Tst_pirTest/GEMM_6/log/mappir.log,../gen/Tst_pirTest/GEMM_6/log/runpir.log,../gen/Tst_pirTest/GEMM_6/log/genpsim.log,../gen/Tst_pirTest/GEMM_6/log/gentrace.log,../gen/Tst_pirTest/GEMM_6/log/runpsim.log,../gen/Tst_pirTest/GEMM_6/log/runpsim.sh,../gen/Tst_pirTest/GEMM_6/log/runproute.log,../gen/Tst_pirTest/GEMM_6/log/runproute.sh,../gen/Tst_pirTest/GEMM_6/plastisim/summary.csv,../gen/Tst_pirTest/GEMM_6/pir/AccelMain.scala,../gen/Tst_pirTest/GEMM_6/log/,../gen/Tst_pirTest/GEMM_6/log/gentst.log,../gen/Tst_pirTest/GEMM_6/log/maketst.log,../gen/Tst_pirTest/GEMM_6/log/runtst.log,True,,,,,,,,,,,False,False,False,100,,,,,,,,False,,,,,,,,,,,,,,,,,,,,,87.632869683,,20383,,True,False,True,True
efa47d6e,2019-05-15 12:57:15,GEMM_7,pirTest,Tst,1000000000.0,../gen/Tst_pirTest/GEMM_7/log/mappir.log,../gen/Tst_pirTest/GEMM_7/log/runpir.log,../gen/Tst_pirTest/GEMM_7/log/genpsim.log,../gen/Tst_pirTest/GEMM_7/log/gentrace.log,../gen/Tst_pirTest/GEMM_7/log/runpsim.log,../gen/Tst_pirTest/GEMM_7/log/runpsim.sh,../gen/Tst_pirTest/GEMM_7/log/runproute.log,../gen/Tst_pirTest/GEMM_7/log/runproute.sh,../gen/Tst_pirTest/GEMM_7/plastisim/summary.csv,../gen/Tst_pirTest/GEMM_7/pir/AccelMain.scala,../gen/Tst_pirTest/GEMM_7/log/,../gen/Tst_pirTest/GEMM_7/log/gentst.log,../gen/Tst_pirTest/GEMM_7/log/maketst.log,../gen/Tst_pirTest/GEMM_7/log/runtst.log,True,,,,,,,,,,,False,False,False,100,,,,,,,,False,,,,,,,,,,,,,,,,,,,,,25.5081535,,17338,,True,False,True,True
efa47d6e,2019-05-15 12:57:15,GEMM_8,pirTest,Tst,1000000000.0,../gen/Tst_pirTest/GEMM_8/log/mappir.log,../gen/Tst_pirTest/GEMM_8/log/runpir.log,../gen/Tst_pirTest/GEMM_8/log/genpsim.log,../gen/Tst_pirTest/GEMM_8/log/gentrace.log,../gen/Tst_pirTest/GEMM_8/log/runpsim.log,../gen/Tst_pirTest/GEMM_8/log/runpsim.sh,../gen/Tst_pirTest/GEMM_8/log/runproute.log,../gen/Tst_pirTest/GEMM_8/log/runproute.sh,../gen/Tst_pirTest/GEMM_8/plastisim/summary.csv,../gen/Tst_pirTest/GEMM_8/pir/AccelMain.scala,../gen/Tst_pirTest/GEMM_8/log/,../gen/Tst_pirTest/GEMM_8/log/gentst.log,../gen/Tst_pirTest/GEMM_8/log/maketst.log,../gen/Tst_pirTest/GEMM_8/log/runtst.log,True,,,,,,,,,,,False,False,False,100,,,,,,,,False,,,,,,,,,,,,,,,,,,,,,27.326139554,,2368,,True,False,True,True
efa47d6e,2019-05-15 12:57:15,GEMM_9,pirTest,Tst,1000000000.0,../gen/Tst_pirTest/GEMM_9/log/mappir.log,../gen/Tst_pirTest/GEMM_9/log/runpir.log,../gen/Tst_pirTest/GEMM_9/log/genpsim.log,../gen/Tst_pirTest/GEMM_9/log/gentrace.log,../gen/Tst_pirTest/GEMM_9/log/runpsim.log,../gen/Tst_pirTest/GEMM_9/log/runpsim.sh,../gen/Tst_pirTest/GEMM_9/log/runproute.log,../gen/Tst_pirTest/GEMM_9/log/runproute.sh,../gen/Tst_pirTest/GEMM_9/plastisim/summary.csv,../gen/Tst_pirTest/GEMM_9/pir/AccelMain.scala,../gen/Tst_pirTest/GEMM_9/log/,../gen/Tst_pirTest/GEMM_9/log/gentst.log,../gen/Tst_pirTest/GEMM_9/log/maketst.log,../gen/Tst_pirTest/GEMM_9/log/runtst.log,True,,,,,,,,,,,False,False,False,100,,,,,,,,False,,,,,,,,,,,,,,,,,,,,,28.834249835,,8804,,True,False,True,True
efa47d6e,2019-05-15 12:57:15,GRU_0,pirTest,Tst,1000000000.0,../gen/Tst_pirTest/GRU_0/log/mappir.log,../gen/Tst_pirTest/GRU_0/log/runpir.log,../gen/Tst_pirTest/GRU_0/log/genpsim.log,../gen/Tst_pirTest/GRU_0/log/gentrace.log,../gen/Tst_pirTest/GRU_0/log/runpsim.log,../gen/Tst_pirTest/GRU_0/log/runpsim.sh,../gen/Tst_pirTest/GRU_0/log/runproute.log,../gen/Tst_pirTest/GRU_0/log/runproute.sh,../gen/Tst_pirTest/GRU_0/plastisim/summary.csv,../gen/Tst_pirTest/GRU_0/pir/AccelMain.scala,../gen/Tst_pirTest/GRU_0/log/,../gen/Tst_pirTest/GRU_0/log/gentst.log,../gen/Tst_pirTest/GRU_0/log/maketst.log,../gen/Tst_pirTest/GRU_0/log/runtst.log,False,,,,,,,,,,,False,False,False,100,,,,,,,,False,,,,,,,,,,,,,,,,,,,,,,,,,,False,False,False
efa47d6e,2019-05-15 12:57:15,GRU_1,pirTest,Tst,1000000000.0,../gen/Tst_pirTest/GRU_1/log/mappir.log,../gen/Tst_pirTest/GRU_1/log/runpir.log,../gen/Tst_pirTest/GRU_1/log/genpsim.log,../gen/Tst_pirTest/GRU_1/log/gentrace.log,../gen/Tst_pirTest/GRU_1/log/runpsim.log,../gen/Tst_pirTest/GRU_1/log/runpsim.sh,../gen/Tst_pirTest/GRU_1/log/runproute.log,../gen/Tst_pirTest/GRU_1/log/runproute.sh,../gen/Tst_pirTest/GRU_1/plastisim/summary.csv,../gen/Tst_pirTest/GRU_1/pir/AccelMain.scala,../gen/Tst_pirTest/GRU_1/log/,../gen/Tst_pirTest/GRU_1/log/gentst.log,../gen/Tst_pirTest/GRU_1/log/maketst.log,../gen/Tst_pirTest/GRU_1/log/runtst.log,False,,,,,,,,,,,False,False,False,100,,,,,,,,False,,,,,,,,,,,,,,,,,,,,,,,,,,False,False,False
efa47d6e,2019-05-15 12:57:15,Kmeans_0,pirTest,Tst,1000000000.0,../gen/Tst_pirTest/Kmeans_0/log/mappir.log,../gen/Tst_pirTest/Kmeans_0/log/runpir.log,../gen/Tst_pirTest/Kmeans_0/log/genpsim.log,../gen/Tst_pirTest/Kmeans_0/log/gentrace.log,../gen/Tst_pirTest/Kmeans_0/log/runpsim.log,../gen/Tst_pirTest/Kmeans_0/log/runpsim.sh,../gen/Tst_pirTest/Kmeans_0/log/runproute.log,../gen/Tst_pirTest/Kmeans_0/log/runproute.sh,../gen/Tst_pirTest/Kmeans_0/plastisim/summary.csv,../gen/Tst_pirTest/Kmeans_0/pir/AccelMain.scala,../gen/Tst_pirTest/Kmeans_0/log/,../gen/Tst_pirTest/Kmeans_0/log/gentst.log,../gen/Tst_pirTest/Kmeans_0/log/maketst.log,../gen/Tst_pirTest/Kmeans_0/log/runtst.log,True,,,,,,,,,,,False,False,False,100,,,,,,,,False,,,,,,,,,,,,,,,,,,,,,29.85788972,,571298,,True,False,True,True
efa47d6e,2019-05-15 12:57:15,Kmeans_1,pirTest,Tst,1000000000.0,../gen/Tst_pirTest/Kmeans_1/log/mappir.log,../gen/Tst_pirTest/Kmeans_1/log/runpir.log,../gen/Tst_pirTest/Kmeans_1/log/genpsim.log,../gen/Tst_pirTest/Kmeans_1/log/gentrace.log,../gen/Tst_pirTest/Kmeans_1/log/runpsim.log,../gen/Tst_pirTest/Kmeans_1/log/runpsim.sh,../gen/Tst_pirTest/Kmeans_1/log/runproute.log,../gen/Tst_pirTest/Kmeans_1/log/runproute.sh,../gen/Tst_pirTest/Kmeans_1/plastisim/summary.csv,../gen/Tst_pirTest/Kmeans_1/pir/AccelMain.scala,../gen/Tst_pirTest/Kmeans_1/log/,../gen/Tst_pirTest/Kmeans_1/log/gentst.log,../gen/Tst_pirTest/Kmeans_1/log/maketst.log,../gen/Tst_pirTest/Kmeans_1/log/runtst.log,True,,,,,,,,,,,False,False,False,100,,,,,,,,False,,,,,,,,,,,,,,,,,,,,,25.257193196,,8493698,,True,False,True,True
efa47d6e,2019-05-15 12:57:15,Kmeans_2,pirTest,Tst,1000000000.0,../gen/Tst_pirTest/Kmeans_2/log/mappir.log,../gen/Tst_pirTest/Kmeans_2/log/runpir.log,../gen/Tst_pirTest/Kmeans_2/log/genpsim.log,../gen/Tst_pirTest/Kmeans_2/log/gentrace.log,../gen/Tst_pirTest/Kmeans_2/log/runpsim.log,../gen/Tst_pirTest/Kmeans_2/log/runpsim.sh,../gen/Tst_pirTest/Kmeans_2/log/runproute.log,../gen/Tst_pirTest/Kmeans_2/log/runproute.sh,../gen/Tst_pirTest/Kmeans_2/plastisim/summary.csv,../gen/Tst_pirTest/Kmeans_2/pir/AccelMain.scala,../gen/Tst_pirTest/Kmeans_2/log/,../gen/Tst_pirTest/Kmeans_2/log/gentst.log,../gen/Tst_pirTest/Kmeans_2/log/maketst.log,../gen/Tst_pirTest/Kmeans_2/log/runtst.log,True,,,,,,,,,,,False,False,False,100,,,,,,,,False,,,,,,,,,,,,,,,,,,,,,48.272482302,,594508,,True,False,True,True
efa47d6e,2019-05-15 12:57:15,Kmeans_3,pirTest,Tst,1000000000.0,../gen/Tst_pirTest/Kmeans_3/log/mappir.log,../gen/Tst_pirTest/Kmeans_3/log/runpir.log,../gen/Tst_pirTest/Kmeans_3/log/genpsim.log,../gen/Tst_pirTest/Kmeans_3/log/gentrace.log,../gen/Tst_pirTest/Kmeans_3/log/runpsim.log,../gen/Tst_pirTest/Kmeans_3/log/runpsim.sh,../gen/Tst_pirTest/Kmeans_3/log/runproute.log,../gen/Tst_pirTest/Kmeans_3/log/runproute.sh,../gen/Tst_pirTest/Kmeans_3/plastisim/summary.csv,../gen/Tst_pirTest/Kmeans_3/pir/AccelMain.scala,../gen/Tst_pirTest/Kmeans_3/log/,../gen/Tst_pirTest/Kmeans_3/log/gentst.log,../gen/Tst_pirTest/Kmeans_3/log/maketst.log,../gen/Tst_pirTest/Kmeans_3/log/runtst.log,True,,,,,,,,,,,False,False,False,100,,,,,,,,False,,,,,,,,,,,,,,,,,,,,,45.460086093,,594341,,True,False,True,True
efa47d6e,2019-05-15 12:57:15,Kmeans_4,pirTest,Tst,1000000000.0,../gen/Tst_pirTest/Kmeans_4/log/mappir.log,../gen/Tst_pirTest/Kmeans_4/log/runpir.log,../gen/Tst_pirTest/Kmeans_4/log/genpsim.log,../gen/Tst_pirTest/Kmeans_4/log/gentrace.log,../gen/Tst_pirTest/Kmeans_4/log/runpsim.log,../gen/Tst_pirTest/Kmeans_4/log/runpsim.sh,../gen/Tst_pirTest/Kmeans_4/log/runproute.log,../gen/Tst_pirTest/Kmeans_4/log/runproute.sh,../gen/Tst_pirTest/Kmeans_4/plastisim/summary.csv,../gen/Tst_pirTest/Kmeans_4/pir/AccelMain.scala,../gen/Tst_pirTest/Kmeans_4/log/,../gen/Tst_pirTest/Kmeans_4/log/gentst.log,../gen/Tst_pirTest/Kmeans_4/log/maketst.log,../gen/Tst_pirTest/Kmeans_4/log/runtst.log,True,,,,,,,,,,,False,False,False,100,,,,,,,,False,,,,,,,,,,,,,,,,,,,,,51.93494249,,726127,,True,False,True,True
efa47d6e,2019-05-15 12:57:15,Kmeans_5,pirTest,Tst,1000000000.0,../gen/Tst_pirTest/Kmeans_5/log/mappir.log,../gen/Tst_pirTest/Kmeans_5/log/runpir.log,../gen/Tst_pirTest/Kmeans_5/log/genpsim.log,../gen/Tst_pirTest/Kmeans_5/log/gentrace.log,../gen/Tst_pirTest/Kmeans_5/log/runpsim.log,../gen/Tst_pirTest/Kmeans_5/log/runpsim.sh,../gen/Tst_pirTest/Kmeans_5/log/runproute.log,../gen/Tst_pirTest/Kmeans_5/log/runproute.sh,../gen/Tst_pirTest/Kmeans_5/plastisim/summary.csv,../gen/Tst_pirTest/Kmeans_5/pir/AccelMain.scala,../gen/Tst_pirTest/Kmeans_5/log/,../gen/Tst_pirTest/Kmeans_5/log/gentst.log,../gen/Tst_pirTest/Kmeans_5/log/maketst.log,../gen/Tst_pirTest/Kmeans_5/log/runtst.log,True,,,,,,,,,,,False,False,False,100,,,,,,,,False,,,,,,,,,,,,,,,,,,,,,87.420160499,,594691,,True,False,True,True
efa47d6e,2019-05-15 12:57:15,Kmeans_6,pirTest,Tst,1000000000.0,../gen/Tst_pirTest/Kmeans_6/log/mappir.log,../gen/Tst_pirTest/Kmeans_6/log/runpir.log,../gen/Tst_pirTest/Kmeans_6/log/genpsim.log,../gen/Tst_pirTest/Kmeans_6/log/gentrace.log,../gen/Tst_pirTest/Kmeans_6/log/runpsim.log,../gen/Tst_pirTest/Kmeans_6/log/runpsim.sh,../gen/Tst_pirTest/Kmeans_6/log/runproute.log,../gen/Tst_pirTest/Kmeans_6/log/runproute.sh,../gen/Tst_pirTest/Kmeans_6/plastisim/summary.csv,../gen/Tst_pirTest/Kmeans_6/pir/AccelMain.scala,../gen/Tst_pirTest/Kmeans_6/log/,../gen/Tst_pirTest/Kmeans_6/log/gentst.log,../gen/Tst_pirTest/Kmeans_6/log/maketst.log,../gen/Tst_pirTest/Kmeans_6/log/runtst.log,True,,,,,,,,,,,False,False,False,100,,,,,,,,False,,,,,,,,,,,,,,,,,,,,,65.384156003,,594863,,True,False,True,True
efa47d6e,2019-05-15 12:57:15,Kmeans_7,pirTest,Tst,1000000000.0,../gen/Tst_pirTest/Kmeans_7/log/mappir.log,../gen/Tst_pirTest/Kmeans_7/log/runpir.log,../gen/Tst_pirTest/Kmeans_7/log/genpsim.log,../gen/Tst_pirTest/Kmeans_7/log/gentrace.log,../gen/Tst_pirTest/Kmeans_7/log/runpsim.log,../gen/Tst_pirTest/Kmeans_7/log/runpsim.sh,../gen/Tst_pirTest/Kmeans_7/log/runproute.log,../gen/Tst_pirTest/Kmeans_7/log/runproute.sh,../gen/Tst_pirTest/Kmeans_7/plastisim/summary.csv,../gen/Tst_pirTest/Kmeans_7/pir/AccelMain.scala,../gen/Tst_pirTest/Kmeans_7/log/,../gen/Tst_pirTest/Kmeans_7/log/gentst.log,../gen/Tst_pirTest/Kmeans_7/log/maketst.log,../gen/Tst_pirTest/Kmeans_7/log/runtst.log,True,,,,,,,,,,,False,False,False,100,,,,,,,,False,,,,,,,,,,,,,,,,,,,,,84.716205521,,890343,,True,False,True,True
efa47d6e,2019-05-15 12:57:15,Kmeans_8,pirTest,Tst,1000000000.0,../gen/Tst_pirTest/Kmeans_8/log/mappir.log,../gen/Tst_pirTest/Kmeans_8/log/runpir.log,../gen/Tst_pirTest/Kmeans_8/log/genpsim.log,../gen/Tst_pirTest/Kmeans_8/log/gentrace.log,../gen/Tst_pirTest/Kmeans_8/log/runpsim.log,../gen/Tst_pirTest/Kmeans_8/log/runpsim.sh,../gen/Tst_pirTest/Kmeans_8/log/runproute.log,../gen/Tst_pirTest/Kmeans_8/log/runproute.sh,../gen/Tst_pirTest/Kmeans_8/plastisim/summary.csv,../gen/Tst_pirTest/Kmeans_8/pir/AccelMain.scala,../gen/Tst_pirTest/Kmeans_8/log/,../gen/Tst_pirTest/Kmeans_8/log/gentst.log,../gen/Tst_pirTest/Kmeans_8/log/maketst.log,../gen/Tst_pirTest/Kmeans_8/log/runtst.log,True,,,,,,,,,,,False,False,False,100,,,,,,,,False,,,,,,,,,,,,,,,,,,,,,107.337544998,,595073,,True,False,True,True
efa47d6e,2019-05-15 12:57:15,LSTM_0,pirTest,Tst,1000000000.0,../gen/Tst_pirTest/LSTM_0/log/mappir.log,../gen/Tst_pirTest/LSTM_0/log/runpir.log,../gen/Tst_pirTest/LSTM_0/log/genpsim.log,../gen/Tst_pirTest/LSTM_0/log/gentrace.log,../gen/Tst_pirTest/LSTM_0/log/runpsim.log,../gen/Tst_pirTest/LSTM_0/log/runpsim.sh,../gen/Tst_pirTest/LSTM_0/log/runproute.log,../gen/Tst_pirTest/LSTM_0/log/runproute.sh,../gen/Tst_pirTest/LSTM_0/plastisim/summary.csv,../gen/Tst_pirTest/LSTM_0/pir/AccelMain.scala,../gen/Tst_pirTest/LSTM_0/log/,../gen/Tst_pirTest/LSTM_0/log/gentst.log,../gen/Tst_pirTest/LSTM_0/log/maketst.log,../gen/Tst_pirTest/LSTM_0/log/runtst.log,False,[error] //TODO: Plasticine does not support unbanked unrolled access at the moment. ,,,,,,,,,,False,False,False,100,,,,,,,,False,,,,,,,,,,,,,,,,,,,,,,,,,,False,False,False
efa47d6e,2019-05-15 12:57:15,LSTM_1,pirTest,Tst,1000000000.0,../gen/Tst_pirTest/LSTM_1/log/mappir.log,../gen/Tst_pirTest/LSTM_1/log/runpir.log,../gen/Tst_pirTest/LSTM_1/log/genpsim.log,../gen/Tst_pirTest/LSTM_1/log/gentrace.log,../gen/Tst_pirTest/LSTM_1/log/runpsim.log,../gen/Tst_pirTest/LSTM_1/log/runpsim.sh,../gen/Tst_pirTest/LSTM_1/log/runproute.log,../gen/Tst_pirTest/LSTM_1/log/runproute.sh,../gen/Tst_pirTest/LSTM_1/plastisim/summary.csv,../gen/Tst_pirTest/LSTM_1/pir/AccelMain.scala,../gen/Tst_pirTest/LSTM_1/log/,../gen/Tst_pirTest/LSTM_1/log/gentst.log,../gen/Tst_pirTest/LSTM_1/log/maketst.log,../gen/Tst_pirTest/LSTM_1/log/runtst.log,False,[error] //TODO: Plasticine does not support unbanked unrolled access at the moment. ,,,,,,,,,,False,False,False,100,,,,,,,,False,,,,,,,,,,,,,,,,,,,,,,,,,,False,False,False
efa47d6e,2019-05-15 12:57:15,LUTTest_0,pirTest,Tst,1000000000.0,../gen/Tst_pirTest/LUTTest_0/log/mappir.log,../gen/Tst_pirTest/LUTTest_0/log/runpir.log,../gen/Tst_pirTest/LUTTest_0/log/genpsim.log,../gen/Tst_pirTest/LUTTest_0/log/gentrace.log,../gen/Tst_pirTest/LUTTest_0/log/runpsim.log,../gen/Tst_pirTest/LUTTest_0/log/runpsim.sh,../gen/Tst_pirTest/LUTTest_0/log/runproute.log,../gen/Tst_pirTest/LUTTest_0/log/runproute.sh,../gen/Tst_pirTest/LUTTest_0/plastisim/summary.csv,../gen/Tst_pirTest/LUTTest_0/pir/AccelMain.scala,../gen/Tst_pirTest/LUTTest_0/log/,../gen/Tst_pirTest/LUTTest_0/log/gentst.log,../gen/Tst_pirTest/LUTTest_0/log/maketst.log,../gen/Tst_pirTest/LUTTest_0/log/runtst.log,True,,,,,,,,,,,False,False,False,100,,,,,,,,False,,,,,,,,,,,,,,,,,,,,,5.619734093,,53,,True,False,True,True
efa47d6e,2019-05-15 12:57:15,LUTTest_1,pirTest,Tst,1000000000.0,../gen/Tst_pirTest/LUTTest_1/log/mappir.log,../gen/Tst_pirTest/LUTTest_1/log/runpir.log,../gen/Tst_pirTest/LUTTest_1/log/genpsim.log,../gen/Tst_pirTest/LUTTest_1/log/gentrace.log,../gen/Tst_pirTest/LUTTest_1/log/runpsim.log,../gen/Tst_pirTest/LUTTest_1/log/runpsim.sh,../gen/Tst_pirTest/LUTTest_1/log/runproute.log,../gen/Tst_pirTest/LUTTest_1/log/runproute.sh,../gen/Tst_pirTest/LUTTest_1/plastisim/summary.csv,../gen/Tst_pirTest/LUTTest_1/pir/AccelMain.scala,../gen/Tst_pirTest/LUTTest_1/log/,../gen/Tst_pirTest/LUTTest_1/log/gentst.log,../gen/Tst_pirTest/LUTTest_1/log/maketst.log,../gen/Tst_pirTest/LUTTest_1/log/runtst.log,True,,,,,,,,,,,False,False,False,100,,,,,,,,False,,,,,,,,,,,,,,,,,,,,,5.578050885,,158,,True,False,True,True
efa47d6e,2019-05-15 12:57:15,LUTTest_2,pirTest,Tst,1000000000.0,../gen/Tst_pirTest/LUTTest_2/log/mappir.log,../gen/Tst_pirTest/LUTTest_2/log/runpir.log,../gen/Tst_pirTest/LUTTest_2/log/genpsim.log,../gen/Tst_pirTest/LUTTest_2/log/gentrace.log,../gen/Tst_pirTest/LUTTest_2/log/runpsim.log,../gen/Tst_pirTest/LUTTest_2/log/runpsim.sh,../gen/Tst_pirTest/LUTTest_2/log/runproute.log,../gen/Tst_pirTest/LUTTest_2/log/runproute.sh,../gen/Tst_pirTest/LUTTest_2/plastisim/summary.csv,../gen/Tst_pirTest/LUTTest_2/pir/AccelMain.scala,../gen/Tst_pirTest/LUTTest_2/log/,../gen/Tst_pirTest/LUTTest_2/log/gentst.log,../gen/Tst_pirTest/LUTTest_2/log/maketst.log,../gen/Tst_pirTest/LUTTest_2/log/runtst.log,True,,,,,,,,,,,False,False,False,100,,,,,,,,False,,,,,,,,,,,,,,,,,,,,,8.467688886,,101,,True,False,True,True
efa47d6e,2019-05-15 12:57:15,LUTTest_3,pirTest,Tst,1000000000.0,../gen/Tst_pirTest/LUTTest_3/log/mappir.log,../gen/Tst_pirTest/LUTTest_3/log/runpir.log,../gen/Tst_pirTest/LUTTest_3/log/genpsim.log,../gen/Tst_pirTest/LUTTest_3/log/gentrace.log,../gen/Tst_pirTest/LUTTest_3/log/runpsim.log,../gen/Tst_pirTest/LUTTest_3/log/runpsim.sh,../gen/Tst_pirTest/LUTTest_3/log/runproute.log,../gen/Tst_pirTest/LUTTest_3/log/runproute.sh,../gen/Tst_pirTest/LUTTest_3/plastisim/summary.csv,../gen/Tst_pirTest/LUTTest_3/pir/AccelMain.scala,../gen/Tst_pirTest/LUTTest_3/log/,../gen/Tst_pirTest/LUTTest_3/log/gentst.log,../gen/Tst_pirTest/LUTTest_3/log/maketst.log,../gen/Tst_pirTest/LUTTest_3/log/runtst.log,True,,,,,,,,,,,False,False,False,100,,,,,,,,False,,,,,,,,,,,,,,,,,,,,,12.567966391,,64,,True,False,True,True
efa47d6e,2019-05-15 12:57:15,LUTTest_4,pirTest,Tst,1000000000.0,../gen/Tst_pirTest/LUTTest_4/log/mappir.log,../gen/Tst_pirTest/LUTTest_4/log/runpir.log,../gen/Tst_pirTest/LUTTest_4/log/genpsim.log,../gen/Tst_pirTest/LUTTest_4/log/gentrace.log,../gen/Tst_pirTest/LUTTest_4/log/runpsim.log,../gen/Tst_pirTest/LUTTest_4/log/runpsim.sh,../gen/Tst_pirTest/LUTTest_4/log/runproute.log,../gen/Tst_pirTest/LUTTest_4/log/runproute.sh,../gen/Tst_pirTest/LUTTest_4/plastisim/summary.csv,../gen/Tst_pirTest/LUTTest_4/pir/AccelMain.scala,../gen/Tst_pirTest/LUTTest_4/log/,../gen/Tst_pirTest/LUTTest_4/log/gentst.log,../gen/Tst_pirTest/LUTTest_4/log/maketst.log,../gen/Tst_pirTest/LUTTest_4/log/runtst.log,True,,,,,,,,,,,False,False,False,100,,,,,,,,False,,,,,,,,,,,,,,,,,,,,,4.756482821,,19,,True,False,True,True
efa47d6e,2019-05-15 12:57:15,LeNet_0,pirTest,Tst,1000000000.0,../gen/Tst_pirTest/LeNet_0/log/mappir.log,../gen/Tst_pirTest/LeNet_0/log/runpir.log,../gen/Tst_pirTest/LeNet_0/log/genpsim.log,../gen/Tst_pirTest/LeNet_0/log/gentrace.log,../gen/Tst_pirTest/LeNet_0/log/runpsim.log,../gen/Tst_pirTest/LeNet_0/log/runpsim.sh,../gen/Tst_pirTest/LeNet_0/log/runproute.log,../gen/Tst_pirTest/LeNet_0/log/runproute.sh,../gen/Tst_pirTest/LeNet_0/plastisim/summary.csv,../gen/Tst_pirTest/LeNet_0/pir/AccelMain.scala,../gen/Tst_pirTest/LeNet_0/log/,../gen/Tst_pirTest/LeNet_0/log/gentst.log,../gen/Tst_pirTest/LeNet_0/log/maketst.log,../gen/Tst_pirTest/LeNet_0/log/runtst.log,True,,,,,,,,,,,False,False,False,100,,,,,,,,False,,,,,,,,,,,,,,,,,,,,,62.98275554,,,"tungsten: src/main.cc:24: int main(int, char**): Assertion `x739_file.good() && ""File Const(/home/shadjis/spatial/DEVELOP_spatial-lang/csv_LeNetDNNW/data_in2.csv) does not exist""' failed.
",,False,False,False
efa47d6e,2019-05-15 12:57:15,LeNet_4,pirTest,Tst,1000000000.0,../gen/Tst_pirTest/LeNet_4/log/mappir.log,../gen/Tst_pirTest/LeNet_4/log/runpir.log,../gen/Tst_pirTest/LeNet_4/log/genpsim.log,../gen/Tst_pirTest/LeNet_4/log/gentrace.log,../gen/Tst_pirTest/LeNet_4/log/runpsim.log,../gen/Tst_pirTest/LeNet_4/log/runpsim.sh,../gen/Tst_pirTest/LeNet_4/log/runproute.log,../gen/Tst_pirTest/LeNet_4/log/runproute.sh,../gen/Tst_pirTest/LeNet_4/plastisim/summary.csv,../gen/Tst_pirTest/LeNet_4/pir/AccelMain.scala,../gen/Tst_pirTest/LeNet_4/log/,../gen/Tst_pirTest/LeNet_4/log/gentst.log,../gen/Tst_pirTest/LeNet_4/log/maketst.log,../gen/Tst_pirTest/LeNet_4/log/runtst.log,True,,,,,,,,,,,False,False,False,100,,,,,,,,False,,,,,,,,,,,,,,,,,,,,,128.045002122,,,"tungsten: src/main.cc:24: int main(int, char**): Assertion `x739_file.good() && ""File Const(/home/shadjis/spatial/DEVELOP_spatial-lang/csv_LeNetDNNW/data_in2.csv) does not exist""' failed.
",,False,False,False
efa47d6e,2019-05-15 12:57:15,LogReg_0,pirTest,Tst,1000000000.0,../gen/Tst_pirTest/LogReg_0/log/mappir.log,../gen/Tst_pirTest/LogReg_0/log/runpir.log,../gen/Tst_pirTest/LogReg_0/log/genpsim.log,../gen/Tst_pirTest/LogReg_0/log/gentrace.log,../gen/Tst_pirTest/LogReg_0/log/runpsim.log,../gen/Tst_pirTest/LogReg_0/log/runpsim.sh,../gen/Tst_pirTest/LogReg_0/log/runproute.log,../gen/Tst_pirTest/LogReg_0/log/runproute.sh,../gen/Tst_pirTest/LogReg_0/plastisim/summary.csv,../gen/Tst_pirTest/LogReg_0/pir/AccelMain.scala,../gen/Tst_pirTest/LogReg_0/log/,../gen/Tst_pirTest/LogReg_0/log/gentst.log,../gen/Tst_pirTest/LogReg_0/log/maketst.log,../gen/Tst_pirTest/LogReg_0/log/runtst.log,True,,,,,,,,,,,False,False,False,100,,,,,,,,False,,,,,,,,,,,,,,,,,,,,,26.825732463,,12247,,True,False,True,True
efa47d6e,2019-05-15 12:57:15,LogReg_1,pirTest,Tst,1000000000.0,../gen/Tst_pirTest/LogReg_1/log/mappir.log,../gen/Tst_pirTest/LogReg_1/log/runpir.log,../gen/Tst_pirTest/LogReg_1/log/genpsim.log,../gen/Tst_pirTest/LogReg_1/log/gentrace.log,../gen/Tst_pirTest/LogReg_1/log/runpsim.log,../gen/Tst_pirTest/LogReg_1/log/runpsim.sh,../gen/Tst_pirTest/LogReg_1/log/runproute.log,../gen/Tst_pirTest/LogReg_1/log/runproute.sh,../gen/Tst_pirTest/LogReg_1/plastisim/summary.csv,../gen/Tst_pirTest/LogReg_1/pir/AccelMain.scala,../gen/Tst_pirTest/LogReg_1/log/,../gen/Tst_pirTest/LogReg_1/log/gentst.log,../gen/Tst_pirTest/LogReg_1/log/maketst.log,../gen/Tst_pirTest/LogReg_1/log/runtst.log,True,,,,,,,,,,,False,False,False,100,,,,,,,,False,,,,,,,,,,,,,,,,,,,,,37.378379497,,6371,,True,False,True,True
efa47d6e,2019-05-15 12:57:15,LogReg_2,pirTest,Tst,1000000000.0,../gen/Tst_pirTest/LogReg_2/log/mappir.log,../gen/Tst_pirTest/LogReg_2/log/runpir.log,../gen/Tst_pirTest/LogReg_2/log/genpsim.log,../gen/Tst_pirTest/LogReg_2/log/gentrace.log,../gen/Tst_pirTest/LogReg_2/log/runpsim.log,../gen/Tst_pirTest/LogReg_2/log/runpsim.sh,../gen/Tst_pirTest/LogReg_2/log/runproute.log,../gen/Tst_pirTest/LogReg_2/log/runproute.sh,../gen/Tst_pirTest/LogReg_2/plastisim/summary.csv,../gen/Tst_pirTest/LogReg_2/pir/AccelMain.scala,../gen/Tst_pirTest/LogReg_2/log/,../gen/Tst_pirTest/LogReg_2/log/gentst.log,../gen/Tst_pirTest/LogReg_2/log/maketst.log,../gen/Tst_pirTest/LogReg_2/log/runtst.log,True,,,,,,,,,,,False,False,False,100,,,,,,,,False,,,,,,,,,,,,,,,,,,,,,42.880323873,,6378,,True,False,True,True
efa47d6e,2019-05-15 12:57:15,LogReg_3,pirTest,Tst,1000000000.0,../gen/Tst_pirTest/LogReg_3/log/mappir.log,../gen/Tst_pirTest/LogReg_3/log/runpir.log,../gen/Tst_pirTest/LogReg_3/log/genpsim.log,../gen/Tst_pirTest/LogReg_3/log/gentrace.log,../gen/Tst_pirTest/LogReg_3/log/runpsim.log,../gen/Tst_pirTest/LogReg_3/log/runpsim.sh,../gen/Tst_pirTest/LogReg_3/log/runproute.log,../gen/Tst_pirTest/LogReg_3/log/runproute.sh,../gen/Tst_pirTest/LogReg_3/plastisim/summary.csv,../gen/Tst_pirTest/LogReg_3/pir/AccelMain.scala,../gen/Tst_pirTest/LogReg_3/log/,../gen/Tst_pirTest/LogReg_3/log/gentst.log,../gen/Tst_pirTest/LogReg_3/log/maketst.log,../gen/Tst_pirTest/LogReg_3/log/runtst.log,True,,,,,,,,,,,False,False,False,100,,,,,,,,False,,,,,,,,,,,,,,,,,,,,,83.464747667,,3444,,True,False,True,True
efa47d6e,2019-05-15 12:57:15,LogReg_4,pirTest,Tst,1000000000.0,../gen/Tst_pirTest/LogReg_4/log/mappir.log,../gen/Tst_pirTest/LogReg_4/log/runpir.log,../gen/Tst_pirTest/LogReg_4/log/genpsim.log,../gen/Tst_pirTest/LogReg_4/log/gentrace.log,../gen/Tst_pirTest/LogReg_4/log/runpsim.log,../gen/Tst_pirTest/LogReg_4/log/runpsim.sh,../gen/Tst_pirTest/LogReg_4/log/runproute.log,../gen/Tst_pirTest/LogReg_4/log/runproute.sh,../gen/Tst_pirTest/LogReg_4/plastisim/summary.csv,../gen/Tst_pirTest/LogReg_4/pir/AccelMain.scala,../gen/Tst_pirTest/LogReg_4/log/,../gen/Tst_pirTest/LogReg_4/log/gentst.log,../gen/Tst_pirTest/LogReg_4/log/maketst.log,../gen/Tst_pirTest/LogReg_4/log/runtst.log,True,,,,,,,,,,,False,False,False,100,,,,,,,,False,,,,,,,,,,,,,,,,,,,,,176.176197381,,1992,,True,False,True,True
efa47d6e,2019-05-15 12:57:15,LogReg_5,pirTest,Tst,1000000000.0,../gen/Tst_pirTest/LogReg_5/log/mappir.log,../gen/Tst_pirTest/LogReg_5/log/runpir.log,../gen/Tst_pirTest/LogReg_5/log/genpsim.log,../gen/Tst_pirTest/LogReg_5/log/gentrace.log,../gen/Tst_pirTest/LogReg_5/log/runpsim.log,../gen/Tst_pirTest/LogReg_5/log/runpsim.sh,../gen/Tst_pirTest/LogReg_5/log/runproute.log,../gen/Tst_pirTest/LogReg_5/log/runproute.sh,../gen/Tst_pirTest/LogReg_5/plastisim/summary.csv,../gen/Tst_pirTest/LogReg_5/pir/AccelMain.scala,../gen/Tst_pirTest/LogReg_5/log/,../gen/Tst_pirTest/LogReg_5/log/gentst.log,../gen/Tst_pirTest/LogReg_5/log/maketst.log,../gen/Tst_pirTest/LogReg_5/log/runtst.log,True,,,,,,,,,,,False,False,False,100,,,,,,,,False,,,,,,,,,,,,,,,,,,,,,193.393590635,,2153,,True,False,True,True
efa47d6e,2019-05-15 12:57:15,OuterProduct_0,pirTest,Tst,1000000000.0,../gen/Tst_pirTest/OuterProduct_0/log/mappir.log,../gen/Tst_pirTest/OuterProduct_0/log/runpir.log,../gen/Tst_pirTest/OuterProduct_0/log/genpsim.log,../gen/Tst_pirTest/OuterProduct_0/log/gentrace.log,../gen/Tst_pirTest/OuterProduct_0/log/runpsim.log,../gen/Tst_pirTest/OuterProduct_0/log/runpsim.sh,../gen/Tst_pirTest/OuterProduct_0/log/runproute.log,../gen/Tst_pirTest/OuterProduct_0/log/runproute.sh,../gen/Tst_pirTest/OuterProduct_0/plastisim/summary.csv,../gen/Tst_pirTest/OuterProduct_0/pir/AccelMain.scala,../gen/Tst_pirTest/OuterProduct_0/log/,../gen/Tst_pirTest/OuterProduct_0/log/gentst.log,../gen/Tst_pirTest/OuterProduct_0/log/maketst.log,../gen/Tst_pirTest/OuterProduct_0/log/runtst.log,True,,,,,,,,,,,False,False,False,100,,,,,,,,False,,,,,,,,,,,,,,,,,,,,,11.732510717,,18260,,True,False,True,True
efa47d6e,2019-05-15 12:57:15,OuterProduct_1,pirTest,Tst,1000000000.0,../gen/Tst_pirTest/OuterProduct_1/log/mappir.log,../gen/Tst_pirTest/OuterProduct_1/log/runpir.log,../gen/Tst_pirTest/OuterProduct_1/log/genpsim.log,../gen/Tst_pirTest/OuterProduct_1/log/gentrace.log,../gen/Tst_pirTest/OuterProduct_1/log/runpsim.log,../gen/Tst_pirTest/OuterProduct_1/log/runpsim.sh,../gen/Tst_pirTest/OuterProduct_1/log/runproute.log,../gen/Tst_pirTest/OuterProduct_1/log/runproute.sh,../gen/Tst_pirTest/OuterProduct_1/plastisim/summary.csv,../gen/Tst_pirTest/OuterProduct_1/pir/AccelMain.scala,../gen/Tst_pirTest/OuterProduct_1/log/,../gen/Tst_pirTest/OuterProduct_1/log/gentst.log,../gen/Tst_pirTest/OuterProduct_1/log/maketst.log,../gen/Tst_pirTest/OuterProduct_1/log/runtst.log,True,,,,,,,,,,,False,False,False,100,,,,,,,,False,,,,,,,,,,,,,,,,,,,,,11.87532788,,65873,,True,False,True,True
efa47d6e,2019-05-15 12:57:15,OuterProduct_2,pirTest,Tst,1000000000.0,../gen/Tst_pirTest/OuterProduct_2/log/mappir.log,../gen/Tst_pirTest/OuterProduct_2/log/runpir.log,../gen/Tst_pirTest/OuterProduct_2/log/genpsim.log,../gen/Tst_pirTest/OuterProduct_2/log/gentrace.log,../gen/Tst_pirTest/OuterProduct_2/log/runpsim.log,../gen/Tst_pirTest/OuterProduct_2/log/runpsim.sh,../gen/Tst_pirTest/OuterProduct_2/log/runproute.log,../gen/Tst_pirTest/OuterProduct_2/log/runproute.sh,../gen/Tst_pirTest/OuterProduct_2/plastisim/summary.csv,../gen/Tst_pirTest/OuterProduct_2/pir/AccelMain.scala,../gen/Tst_pirTest/OuterProduct_2/log/,../gen/Tst_pirTest/OuterProduct_2/log/gentst.log,../gen/Tst_pirTest/OuterProduct_2/log/maketst.log,../gen/Tst_pirTest/OuterProduct_2/log/runtst.log,True,,,,,,,,,,,False,False,False,100,,,,,,,,False,,,,,,,,,,,,,,,,,,,,,19.226429344,,33105,,True,False,True,True
efa47d6e,2019-05-15 12:57:15,OuterProduct_3,pirTest,Tst,1000000000.0,../gen/Tst_pirTest/OuterProduct_3/log/mappir.log,../gen/Tst_pirTest/OuterProduct_3/log/runpir.log,../gen/Tst_pirTest/OuterProduct_3/log/genpsim.log,../gen/Tst_pirTest/OuterProduct_3/log/gentrace.log,../gen/Tst_pirTest/OuterProduct_3/log/runpsim.log,../gen/Tst_pirTest/OuterProduct_3/log/runpsim.sh,../gen/Tst_pirTest/OuterProduct_3/log/runproute.log,../gen/Tst_pirTest/OuterProduct_3/log/runproute.sh,../gen/Tst_pirTest/OuterProduct_3/plastisim/summary.csv,../gen/Tst_pirTest/OuterProduct_3/pir/AccelMain.scala,../gen/Tst_pirTest/OuterProduct_3/log/,../gen/Tst_pirTest/OuterProduct_3/log/gentst.log,../gen/Tst_pirTest/OuterProduct_3/log/maketst.log,../gen/Tst_pirTest/OuterProduct_3/log/runtst.log,True,,,,,,,,,,,False,False,False,100,,,,,,,,False,,,,,,,,,,,,,,,,,,,,,21.276477777,,33110,,True,False,True,True
efa47d6e,2019-05-15 12:57:15,OuterProduct_4,pirTest,Tst,1000000000.0,../gen/Tst_pirTest/OuterProduct_4/log/mappir.log,../gen/Tst_pirTest/OuterProduct_4/log/runpir.log,../gen/Tst_pirTest/OuterProduct_4/log/genpsim.log,../gen/Tst_pirTest/OuterProduct_4/log/gentrace.log,../gen/Tst_pirTest/OuterProduct_4/log/runpsim.log,../gen/Tst_pirTest/OuterProduct_4/log/runpsim.sh,../gen/Tst_pirTest/OuterProduct_4/log/runproute.log,../gen/Tst_pirTest/OuterProduct_4/log/runproute.sh,../gen/Tst_pirTest/OuterProduct_4/plastisim/summary.csv,../gen/Tst_pirTest/OuterProduct_4/pir/AccelMain.scala,../gen/Tst_pirTest/OuterProduct_4/log/,../gen/Tst_pirTest/OuterProduct_4/log/gentst.log,../gen/Tst_pirTest/OuterProduct_4/log/maketst.log,../gen/Tst_pirTest/OuterProduct_4/log/runtst.log,True,,,,,,,,,,,False,False,False,100,,,,,,,,False,,,,,,,,,,,,,,,,,,,,,38.975320244,,16726,,True,False,True,True
efa47d6e,2019-05-15 12:57:15,OuterProduct_5,pirTest,Tst,1000000000.0,../gen/Tst_pirTest/OuterProduct_5/log/mappir.log,../gen/Tst_pirTest/OuterProduct_5/log/runpir.log,../gen/Tst_pirTest/OuterProduct_5/log/genpsim.log,../gen/Tst_pirTest/OuterProduct_5/log/gentrace.log,../gen/Tst_pirTest/OuterProduct_5/log/runpsim.log,../gen/Tst_pirTest/OuterProduct_5/log/runpsim.sh,../gen/Tst_pirTest/OuterProduct_5/log/runproute.log,../gen/Tst_pirTest/OuterProduct_5/log/runproute.sh,../gen/Tst_pirTest/OuterProduct_5/plastisim/summary.csv,../gen/Tst_pirTest/OuterProduct_5/pir/AccelMain.scala,../gen/Tst_pirTest/OuterProduct_5/log/,../gen/Tst_pirTest/OuterProduct_5/log/gentst.log,../gen/Tst_pirTest/OuterProduct_5/log/maketst.log,../gen/Tst_pirTest/OuterProduct_5/log/runtst.log,True,,,,,,,,,,,False,False,False,100,,,,,,,,False,,,,,,,,,,,,,,,,,,,,,40.448479214,,8878,,True,False,True,True
efa47d6e,2019-05-15 12:57:15,OuterProduct_6,pirTest,Tst,1000000000.0,../gen/Tst_pirTest/OuterProduct_6/log/mappir.log,../gen/Tst_pirTest/OuterProduct_6/log/runpir.log,../gen/Tst_pirTest/OuterProduct_6/log/genpsim.log,../gen/Tst_pirTest/OuterProduct_6/log/gentrace.log,../gen/Tst_pirTest/OuterProduct_6/log/runpsim.log,../gen/Tst_pirTest/OuterProduct_6/log/runpsim.sh,../gen/Tst_pirTest/OuterProduct_6/log/runproute.log,../gen/Tst_pirTest/OuterProduct_6/log/runproute.sh,../gen/Tst_pirTest/OuterProduct_6/plastisim/summary.csv,../gen/Tst_pirTest/OuterProduct_6/pir/AccelMain.scala,../gen/Tst_pirTest/OuterProduct_6/log/,../gen/Tst_pirTest/OuterProduct_6/log/gentst.log,../gen/Tst_pirTest/OuterProduct_6/log/maketst.log,../gen/Tst_pirTest/OuterProduct_6/log/runtst.log,True,,,,,,,,,,,False,False,False,100,,,,,,,,False,,,,,,,,,,,,,,,,,,,,,12.924294118,,18541,,True,False,True,True
efa47d6e,2019-05-15 12:57:15,OuterProduct_7,pirTest,Tst,1000000000.0,../gen/Tst_pirTest/OuterProduct_7/log/mappir.log,../gen/Tst_pirTest/OuterProduct_7/log/runpir.log,../gen/Tst_pirTest/OuterProduct_7/log/genpsim.log,../gen/Tst_pirTest/OuterProduct_7/log/gentrace.log,../gen/Tst_pirTest/OuterProduct_7/log/runpsim.log,../gen/Tst_pirTest/OuterProduct_7/log/runpsim.sh,../gen/Tst_pirTest/OuterProduct_7/log/runproute.log,../gen/Tst_pirTest/OuterProduct_7/log/runproute.sh,../gen/Tst_pirTest/OuterProduct_7/plastisim/summary.csv,../gen/Tst_pirTest/OuterProduct_7/pir/AccelMain.scala,../gen/Tst_pirTest/OuterProduct_7/log/,../gen/Tst_pirTest/OuterProduct_7/log/gentst.log,../gen/Tst_pirTest/OuterProduct_7/log/maketst.log,../gen/Tst_pirTest/OuterProduct_7/log/runtst.log,True,,,,,,,,,,,False,False,False,100,,,,,,,,False,,,,,,,,,,,,,,,,,,,,,21.91898771,,9441,,True,False,True,True
efa47d6e,2019-05-15 12:57:15,OuterProduct_8,pirTest,Tst,1000000000.0,../gen/Tst_pirTest/OuterProduct_8/log/mappir.log,../gen/Tst_pirTest/OuterProduct_8/log/runpir.log,../gen/Tst_pirTest/OuterProduct_8/log/genpsim.log,../gen/Tst_pirTest/OuterProduct_8/log/gentrace.log,../gen/Tst_pirTest/OuterProduct_8/log/runpsim.log,../gen/Tst_pirTest/OuterProduct_8/log/runpsim.sh,../gen/Tst_pirTest/OuterProduct_8/log/runproute.log,../gen/Tst_pirTest/OuterProduct_8/log/runproute.sh,../gen/Tst_pirTest/OuterProduct_8/plastisim/summary.csv,../gen/Tst_pirTest/OuterProduct_8/pir/AccelMain.scala,../gen/Tst_pirTest/OuterProduct_8/log/,../gen/Tst_pirTest/OuterProduct_8/log/gentst.log,../gen/Tst_pirTest/OuterProduct_8/log/maketst.log,../gen/Tst_pirTest/OuterProduct_8/log/runtst.log,True,,,,,,,,,,,False,False,False,100,,,,,,,,False,,,,,,,,,,,,,,,,,,,,,20.850535853,,9437,,True,False,True,True
efa47d6e,2019-05-15 12:57:15,SGD_0,pirTest,Tst,1000000000.0,../gen/Tst_pirTest/SGD_0/log/mappir.log,../gen/Tst_pirTest/SGD_0/log/runpir.log,../gen/Tst_pirTest/SGD_0/log/genpsim.log,../gen/Tst_pirTest/SGD_0/log/gentrace.log,../gen/Tst_pirTest/SGD_0/log/runpsim.log,../gen/Tst_pirTest/SGD_0/log/runpsim.sh,../gen/Tst_pirTest/SGD_0/log/runproute.log,../gen/Tst_pirTest/SGD_0/log/runproute.sh,../gen/Tst_pirTest/SGD_0/plastisim/summary.csv,../gen/Tst_pirTest/SGD_0/pir/AccelMain.scala,../gen/Tst_pirTest/SGD_0/log/,../gen/Tst_pirTest/SGD_0/log/gentst.log,../gen/Tst_pirTest/SGD_0/log/maketst.log,../gen/Tst_pirTest/SGD_0/log/runtst.log,True,,,,,,,,,,,False,False,False,100,,,,,,,,False,,,,,,,,,,,,,,,,,,,,,20.172328044,,15265,,True,False,True,True
efa47d6e,2019-05-15 12:57:15,SGD_1,pirTest,Tst,1000000000.0,../gen/Tst_pirTest/SGD_1/log/mappir.log,../gen/Tst_pirTest/SGD_1/log/runpir.log,../gen/Tst_pirTest/SGD_1/log/genpsim.log,../gen/Tst_pirTest/SGD_1/log/gentrace.log,../gen/Tst_pirTest/SGD_1/log/runpsim.log,../gen/Tst_pirTest/SGD_1/log/runpsim.sh,../gen/Tst_pirTest/SGD_1/log/runproute.log,../gen/Tst_pirTest/SGD_1/log/runproute.sh,../gen/Tst_pirTest/SGD_1/plastisim/summary.csv,../gen/Tst_pirTest/SGD_1/pir/AccelMain.scala,../gen/Tst_pirTest/SGD_1/log/,../gen/Tst_pirTest/SGD_1/log/gentst.log,../gen/Tst_pirTest/SGD_1/log/maketst.log,../gen/Tst_pirTest/SGD_1/log/runtst.log,True,,,,,,,,,,,False,False,False,100,,,,,,,,False,,,,,,,,,,,,,,,,,,,,,26.454735495,,8312,,True,False,True,True
efa47d6e,2019-05-15 12:57:15,SGD_2,pirTest,Tst,1000000000.0,../gen/Tst_pirTest/SGD_2/log/mappir.log,../gen/Tst_pirTest/SGD_2/log/runpir.log,../gen/Tst_pirTest/SGD_2/log/genpsim.log,../gen/Tst_pirTest/SGD_2/log/gentrace.log,../gen/Tst_pirTest/SGD_2/log/runpsim.log,../gen/Tst_pirTest/SGD_2/log/runpsim.sh,../gen/Tst_pirTest/SGD_2/log/runproute.log,../gen/Tst_pirTest/SGD_2/log/runproute.sh,../gen/Tst_pirTest/SGD_2/plastisim/summary.csv,../gen/Tst_pirTest/SGD_2/pir/AccelMain.scala,../gen/Tst_pirTest/SGD_2/log/,../gen/Tst_pirTest/SGD_2/log/gentst.log,../gen/Tst_pirTest/SGD_2/log/maketst.log,../gen/Tst_pirTest/SGD_2/log/runtst.log,True,,,,,,,,,,,False,False,False,100,,,,,,,,False,,,,,,,,,,,,,,,,,,,,,28.516961177,,15350,,True,False,True,True
efa47d6e,2019-05-15 12:57:15,SGD_3,pirTest,Tst,1000000000.0,../gen/Tst_pirTest/SGD_3/log/mappir.log,../gen/Tst_pirTest/SGD_3/log/runpir.log,../gen/Tst_pirTest/SGD_3/log/genpsim.log,../gen/Tst_pirTest/SGD_3/log/gentrace.log,../gen/Tst_pirTest/SGD_3/log/runpsim.log,../gen/Tst_pirTest/SGD_3/log/runpsim.sh,../gen/Tst_pirTest/SGD_3/log/runproute.log,../gen/Tst_pirTest/SGD_3/log/runproute.sh,../gen/Tst_pirTest/SGD_3/plastisim/summary.csv,../gen/Tst_pirTest/SGD_3/pir/AccelMain.scala,../gen/Tst_pirTest/SGD_3/log/,../gen/Tst_pirTest/SGD_3/log/gentst.log,../gen/Tst_pirTest/SGD_3/log/maketst.log,../gen/Tst_pirTest/SGD_3/log/runtst.log,True,,,,,,,,,,,False,False,False,100,,,,,,,,False,,,,,,,,,,,,,,,,,,,,,35.5893988,,9475,,True,False,True,True
efa47d6e,2019-05-15 12:57:15,SimpleDotProduct_0,pirTest,Tst,1000000000.0,../gen/Tst_pirTest/SimpleDotProduct_0/log/mappir.log,../gen/Tst_pirTest/SimpleDotProduct_0/log/runpir.log,../gen/Tst_pirTest/SimpleDotProduct_0/log/genpsim.log,../gen/Tst_pirTest/SimpleDotProduct_0/log/gentrace.log,../gen/Tst_pirTest/SimpleDotProduct_0/log/runpsim.log,../gen/Tst_pirTest/SimpleDotProduct_0/log/runpsim.sh,../gen/Tst_pirTest/SimpleDotProduct_0/log/runproute.log,../gen/Tst_pirTest/SimpleDotProduct_0/log/runproute.sh,../gen/Tst_pirTest/SimpleDotProduct_0/plastisim/summary.csv,../gen/Tst_pirTest/SimpleDotProduct_0/pir/AccelMain.scala,../gen/Tst_pirTest/SimpleDotProduct_0/log/,../gen/Tst_pirTest/SimpleDotProduct_0/log/gentst.log,../gen/Tst_pirTest/SimpleDotProduct_0/log/maketst.log,../gen/Tst_pirTest/SimpleDotProduct_0/log/runtst.log,True,,,,,,,,,,,False,False,False,100,,,,,,,,False,,,,,,,,,,,,,,,,,,,,,6.125292839,,1095,,True,False,True,True
efa47d6e,2019-05-15 12:57:15,SimpleDotProduct_1,pirTest,Tst,1000000000.0,../gen/Tst_pirTest/SimpleDotProduct_1/log/mappir.log,../gen/Tst_pirTest/SimpleDotProduct_1/log/runpir.log,../gen/Tst_pirTest/SimpleDotProduct_1/log/genpsim.log,../gen/Tst_pirTest/SimpleDotProduct_1/log/gentrace.log,../gen/Tst_pirTest/SimpleDotProduct_1/log/runpsim.log,../gen/Tst_pirTest/SimpleDotProduct_1/log/runpsim.sh,../gen/Tst_pirTest/SimpleDotProduct_1/log/runproute.log,../gen/Tst_pirTest/SimpleDotProduct_1/log/runproute.sh,../gen/Tst_pirTest/SimpleDotProduct_1/plastisim/summary.csv,../gen/Tst_pirTest/SimpleDotProduct_1/pir/AccelMain.scala,../gen/Tst_pirTest/SimpleDotProduct_1/log/,../gen/Tst_pirTest/SimpleDotProduct_1/log/gentst.log,../gen/Tst_pirTest/SimpleDotProduct_1/log/maketst.log,../gen/Tst_pirTest/SimpleDotProduct_1/log/runtst.log,True,,,,,,,,,,,False,False,False,100,,,,,,,,False,,,,,,,,,,,,,,,,,,,,,8.160173718,,583,,True,False,True,True
efa47d6e,2019-05-15 12:57:15,SplitStream,pirTest,Tst,1000000000.0,../gen/Tst_pirTest/SplitStream/log/mappir.log,../gen/Tst_pirTest/SplitStream/log/runpir.log,../gen/Tst_pirTest/SplitStream/log/genpsim.log,../gen/Tst_pirTest/SplitStream/log/gentrace.log,../gen/Tst_pirTest/SplitStream/log/runpsim.log,../gen/Tst_pirTest/SplitStream/log/runpsim.sh,../gen/Tst_pirTest/SplitStream/log/runproute.log,../gen/Tst_pirTest/SplitStream/log/runproute.sh,../gen/Tst_pirTest/SplitStream/plastisim/summary.csv,../gen/Tst_pirTest/SplitStream/pir/AccelMain.scala,../gen/Tst_pirTest/SplitStream/log/,../gen/Tst_pirTest/SplitStream/log/gentst.log,../gen/Tst_pirTest/SplitStream/log/maketst.log,../gen/Tst_pirTest/SplitStream/log/runtst.log,False,[bug] Encountered exception while updating node,,,,,,,,,,False,False,False,100,,,,,,,,False,,,,,,,,,,,,,,,,,,,,,,,,,,False,False,False
efa47d6e,2019-05-15 12:57:15,SplitStream2,pirTest,Tst,1000000000.0,../gen/Tst_pirTest/SplitStream2/log/mappir.log,../gen/Tst_pirTest/SplitStream2/log/runpir.log,../gen/Tst_pirTest/SplitStream2/log/genpsim.log,../gen/Tst_pirTest/SplitStream2/log/gentrace.log,../gen/Tst_pirTest/SplitStream2/log/runpsim.log,../gen/Tst_pirTest/SplitStream2/log/runpsim.sh,../gen/Tst_pirTest/SplitStream2/log/runproute.log,../gen/Tst_pirTest/SplitStream2/log/runproute.sh,../gen/Tst_pirTest/SplitStream2/plastisim/summary.csv,../gen/Tst_pirTest/SplitStream2/pir/AccelMain.scala,../gen/Tst_pirTest/SplitStream2/log/,../gen/Tst_pirTest/SplitStream2/log/gentst.log,../gen/Tst_pirTest/SplitStream2/log/maketst.log,../gen/Tst_pirTest/SplitStream2/log/runtst.log,False,[bug] Encountered exception while updating node,,,,,,,,,,False,False,False,100,,,,,,,,False,,,,,,,,,,,,,,,,,,,,,,,,,,False,False,False
efa47d6e,2019-05-15 12:57:15,StreamInOut,pirTest,Tst,1000000000.0,../gen/Tst_pirTest/StreamInOut/log/mappir.log,../gen/Tst_pirTest/StreamInOut/log/runpir.log,../gen/Tst_pirTest/StreamInOut/log/genpsim.log,../gen/Tst_pirTest/StreamInOut/log/gentrace.log,../gen/Tst_pirTest/StreamInOut/log/runpsim.log,../gen/Tst_pirTest/StreamInOut/log/runpsim.sh,../gen/Tst_pirTest/StreamInOut/log/runproute.log,../gen/Tst_pirTest/StreamInOut/log/runproute.sh,../gen/Tst_pirTest/StreamInOut/plastisim/summary.csv,../gen/Tst_pirTest/StreamInOut/pir/AccelMain.scala,../gen/Tst_pirTest/StreamInOut/log/,../gen/Tst_pirTest/StreamInOut/log/gentst.log,../gen/Tst_pirTest/StreamInOut/log/maketst.log,../gen/Tst_pirTest/StreamInOut/log/runtst.log,True,,,,,,,,,,,False,False,False,100,,,,,,,,False,,,,,,,,,,,,,,,,,,,,,4.163874147,,10015,,True,True,True,False
efa47d6e,2019-05-15 12:57:15,StreamInOutStop,pirTest,Tst,1000000000.0,../gen/Tst_pirTest/StreamInOutStop/log/mappir.log,../gen/Tst_pirTest/StreamInOutStop/log/runpir.log,../gen/Tst_pirTest/StreamInOutStop/log/genpsim.log,../gen/Tst_pirTest/StreamInOutStop/log/gentrace.log,../gen/Tst_pirTest/StreamInOutStop/log/runpsim.log,../gen/Tst_pirTest/StreamInOutStop/log/runpsim.sh,../gen/Tst_pirTest/StreamInOutStop/log/runproute.log,../gen/Tst_pirTest/StreamInOutStop/log/runproute.sh,../gen/Tst_pirTest/StreamInOutStop/plastisim/summary.csv,../gen/Tst_pirTest/StreamInOutStop/pir/AccelMain.scala,../gen/Tst_pirTest/StreamInOutStop/log/,../gen/Tst_pirTest/StreamInOutStop/log/gentst.log,../gen/Tst_pirTest/StreamInOutStop/log/maketst.log,../gen/Tst_pirTest/StreamInOutStop/log/runtst.log,True,,,,,,,,,,,False,False,False,100,,,,,,,,False,,,,,,,,,,,,,,,,,,,,,4.426485781,,16,,True,False,True,True
efa47d6e,2019-05-15 12:57:15,StreamSumFields_0,pirTest,Tst,1000000000.0,../gen/Tst_pirTest/StreamSumFields_0/log/mappir.log,../gen/Tst_pirTest/StreamSumFields_0/log/runpir.log,../gen/Tst_pirTest/StreamSumFields_0/log/genpsim.log,../gen/Tst_pirTest/StreamSumFields_0/log/gentrace.log,../gen/Tst_pirTest/StreamSumFields_0/log/runpsim.log,../gen/Tst_pirTest/StreamSumFields_0/log/runpsim.sh,../gen/Tst_pirTest/StreamSumFields_0/log/runproute.log,../gen/Tst_pirTest/StreamSumFields_0/log/runproute.sh,../gen/Tst_pirTest/StreamSumFields_0/plastisim/summary.csv,../gen/Tst_pirTest/StreamSumFields_0/pir/AccelMain.scala,../gen/Tst_pirTest/StreamSumFields_0/log/,../gen/Tst_pirTest/StreamSumFields_0/log/gentst.log,../gen/Tst_pirTest/StreamSumFields_0/log/maketst.log,../gen/Tst_pirTest/StreamSumFields_0/log/runtst.log,True,,,,,,,,,,,False,False,False,100,,,,,,,,False,,,,,,,,,,,,,,,,,,,,,9.322429977,,184,,True,False,True,True
efa47d6e,2019-05-15 12:57:15,StreamSumFields_1,pirTest,Tst,1000000000.0,../gen/Tst_pirTest/StreamSumFields_1/log/mappir.log,../gen/Tst_pirTest/StreamSumFields_1/log/runpir.log,../gen/Tst_pirTest/StreamSumFields_1/log/genpsim.log,../gen/Tst_pirTest/StreamSumFields_1/log/gentrace.log,../gen/Tst_pirTest/StreamSumFields_1/log/runpsim.log,../gen/Tst_pirTest/StreamSumFields_1/log/runpsim.sh,../gen/Tst_pirTest/StreamSumFields_1/log/runproute.log,../gen/Tst_pirTest/StreamSumFields_1/log/runproute.sh,../gen/Tst_pirTest/StreamSumFields_1/plastisim/summary.csv,../gen/Tst_pirTest/StreamSumFields_1/pir/AccelMain.scala,../gen/Tst_pirTest/StreamSumFields_1/log/,../gen/Tst_pirTest/StreamSumFields_1/log/gentst.log,../gen/Tst_pirTest/StreamSumFields_1/log/maketst.log,../gen/Tst_pirTest/StreamSumFields_1/log/runtst.log,True,,,,,,,,,,,False,False,False,100,,,,,,,,False,,,,,,,,,,,,,,,,,,,,,10.907817683,,314,,True,False,True,True
efa47d6e,2019-05-15 12:57:15,SumSquare_0,pirTest,Tst,1000000000.0,../gen/Tst_pirTest/SumSquare_0/log/mappir.log,../gen/Tst_pirTest/SumSquare_0/log/runpir.log,../gen/Tst_pirTest/SumSquare_0/log/genpsim.log,../gen/Tst_pirTest/SumSquare_0/log/gentrace.log,../gen/Tst_pirTest/SumSquare_0/log/runpsim.log,../gen/Tst_pirTest/SumSquare_0/log/runpsim.sh,../gen/Tst_pirTest/SumSquare_0/log/runproute.log,../gen/Tst_pirTest/SumSquare_0/log/runproute.sh,../gen/Tst_pirTest/SumSquare_0/plastisim/summary.csv,../gen/Tst_pirTest/SumSquare_0/pir/AccelMain.scala,../gen/Tst_pirTest/SumSquare_0/log/,../gen/Tst_pirTest/SumSquare_0/log/gentst.log,../gen/Tst_pirTest/SumSquare_0/log/maketst.log,../gen/Tst_pirTest/SumSquare_0/log/runtst.log,True,,,,,,,,,,,False,False,False,100,,,,,,,,False,,,,,,,,,,,,,,,,,,,,,5.272249636,,237,,True,False,True,True
efa47d6e,2019-05-15 12:57:15,SumSquare_1,pirTest,Tst,1000000000.0,../gen/Tst_pirTest/SumSquare_1/log/mappir.log,../gen/Tst_pirTest/SumSquare_1/log/runpir.log,../gen/Tst_pirTest/SumSquare_1/log/genpsim.log,../gen/Tst_pirTest/SumSquare_1/log/gentrace.log,../gen/Tst_pirTest/SumSquare_1/log/runpsim.log,../gen/Tst_pirTest/SumSquare_1/log/runpsim.sh,../gen/Tst_pirTest/SumSquare_1/log/runproute.log,../gen/Tst_pirTest/SumSquare_1/log/runproute.sh,../gen/Tst_pirTest/SumSquare_1/plastisim/summary.csv,../gen/Tst_pirTest/SumSquare_1/pir/AccelMain.scala,../gen/Tst_pirTest/SumSquare_1/log/,../gen/Tst_pirTest/SumSquare_1/log/gentst.log,../gen/Tst_pirTest/SumSquare_1/log/maketst.log,../gen/Tst_pirTest/SumSquare_1/log/runtst.log,True,,,,,,,,,,,False,False,False,100,,,,,,,,False,,,,,,,,,,,,,,,,,,,,,4.917841735,,1042,,True,False,True,True
efa47d6e,2019-05-15 12:57:15,SumSquare_2,pirTest,Tst,1000000000.0,../gen/Tst_pirTest/SumSquare_2/log/mappir.log,../gen/Tst_pirTest/SumSquare_2/log/runpir.log,../gen/Tst_pirTest/SumSquare_2/log/genpsim.log,../gen/Tst_pirTest/SumSquare_2/log/gentrace.log,../gen/Tst_pirTest/SumSquare_2/log/runpsim.log,../gen/Tst_pirTest/SumSquare_2/log/runpsim.sh,../gen/Tst_pirTest/SumSquare_2/log/runproute.log,../gen/Tst_pirTest/SumSquare_2/log/runproute.sh,../gen/Tst_pirTest/SumSquare_2/plastisim/summary.csv,../gen/Tst_pirTest/SumSquare_2/pir/AccelMain.scala,../gen/Tst_pirTest/SumSquare_2/log/,../gen/Tst_pirTest/SumSquare_2/log/gentst.log,../gen/Tst_pirTest/SumSquare_2/log/maketst.log,../gen/Tst_pirTest/SumSquare_2/log/runtst.log,True,,,,,,,,,,,False,False,False,100,,,,,,,,False,,,,,,,,,,,,,,,,,,,,,5.362117829,,370,,True,False,True,True
efa47d6e,2019-05-15 12:57:15,SumSquare_3,pirTest,Tst,1000000000.0,../gen/Tst_pirTest/SumSquare_3/log/mappir.log,../gen/Tst_pirTest/SumSquare_3/log/runpir.log,../gen/Tst_pirTest/SumSquare_3/log/genpsim.log,../gen/Tst_pirTest/SumSquare_3/log/gentrace.log,../gen/Tst_pirTest/SumSquare_3/log/runpsim.log,../gen/Tst_pirTest/SumSquare_3/log/runpsim.sh,../gen/Tst_pirTest/SumSquare_3/log/runproute.log,../gen/Tst_pirTest/SumSquare_3/log/runproute.sh,../gen/Tst_pirTest/SumSquare_3/plastisim/summary.csv,../gen/Tst_pirTest/SumSquare_3/pir/AccelMain.scala,../gen/Tst_pirTest/SumSquare_3/log/,../gen/Tst_pirTest/SumSquare_3/log/gentst.log,../gen/Tst_pirTest/SumSquare_3/log/maketst.log,../gen/Tst_pirTest/SumSquare_3/log/runtst.log,True,,,,,,,,,,,False,False,False,100,,,,,,,,False,,,,,,,,,,,,,,,,,,,,,5.919098928,,530,,True,False,True,True
efa47d6e,2019-05-15 12:57:15,SumSquare_5,pirTest,Tst,1000000000.0,../gen/Tst_pirTest/SumSquare_5/log/mappir.log,../gen/Tst_pirTest/SumSquare_5/log/runpir.log,../gen/Tst_pirTest/SumSquare_5/log/genpsim.log,../gen/Tst_pirTest/SumSquare_5/log/gentrace.log,../gen/Tst_pirTest/SumSquare_5/log/runpsim.log,../gen/Tst_pirTest/SumSquare_5/log/runpsim.sh,../gen/Tst_pirTest/SumSquare_5/log/runproute.log,../gen/Tst_pirTest/SumSquare_5/log/runproute.sh,../gen/Tst_pirTest/SumSquare_5/plastisim/summary.csv,../gen/Tst_pirTest/SumSquare_5/pir/AccelMain.scala,../gen/Tst_pirTest/SumSquare_5/log/,../gen/Tst_pirTest/SumSquare_5/log/gentst.log,../gen/Tst_pirTest/SumSquare_5/log/maketst.log,../gen/Tst_pirTest/SumSquare_5/log/runtst.log,True,,,,,,,,,,,False,False,False,100,,,,,,,,False,,,,,,,,,,,,,,,,,,,,,5.782848067,,194,,True,False,True,True
efa47d6e,2019-05-15 12:57:15,TPCHQ6_0,pirTest,Tst,1000000000.0,../gen/Tst_pirTest/TPCHQ6_0/log/mappir.log,../gen/Tst_pirTest/TPCHQ6_0/log/runpir.log,../gen/Tst_pirTest/TPCHQ6_0/log/genpsim.log,../gen/Tst_pirTest/TPCHQ6_0/log/gentrace.log,../gen/Tst_pirTest/TPCHQ6_0/log/runpsim.log,../gen/Tst_pirTest/TPCHQ6_0/log/runpsim.sh,../gen/Tst_pirTest/TPCHQ6_0/log/runproute.log,../gen/Tst_pirTest/TPCHQ6_0/log/runproute.sh,../gen/Tst_pirTest/TPCHQ6_0/plastisim/summary.csv,../gen/Tst_pirTest/TPCHQ6_0/pir/AccelMain.scala,../gen/Tst_pirTest/TPCHQ6_0/log/,../gen/Tst_pirTest/TPCHQ6_0/log/gentst.log,../gen/Tst_pirTest/TPCHQ6_0/log/maketst.log,../gen/Tst_pirTest/TPCHQ6_0/log/runtst.log,True,,,,,,,,,,,False,False,False,100,,,,,,,,False,,,,,,,,,,,,,,,,,,,,,12.488730027,,425,,True,False,True,True
efa47d6e,2019-05-15 12:57:15,TPCHQ6_1,pirTest,Tst,1000000000.0,../gen/Tst_pirTest/TPCHQ6_1/log/mappir.log,../gen/Tst_pirTest/TPCHQ6_1/log/runpir.log,../gen/Tst_pirTest/TPCHQ6_1/log/genpsim.log,../gen/Tst_pirTest/TPCHQ6_1/log/gentrace.log,../gen/Tst_pirTest/TPCHQ6_1/log/runpsim.log,../gen/Tst_pirTest/TPCHQ6_1/log/runpsim.sh,../gen/Tst_pirTest/TPCHQ6_1/log/runproute.log,../gen/Tst_pirTest/TPCHQ6_1/log/runproute.sh,../gen/Tst_pirTest/TPCHQ6_1/plastisim/summary.csv,../gen/Tst_pirTest/TPCHQ6_1/pir/AccelMain.scala,../gen/Tst_pirTest/TPCHQ6_1/log/,../gen/Tst_pirTest/TPCHQ6_1/log/gentst.log,../gen/Tst_pirTest/TPCHQ6_1/log/maketst.log,../gen/Tst_pirTest/TPCHQ6_1/log/runtst.log,True,,,,,,,,,,,False,False,False,100,,,,,,,,False,,,,,,,,,,,,,,,,,,,,,12.237732486,,3913,,True,False,True,True
efa47d6e,2019-05-15 12:57:15,TPCHQ6_2,pirTest,Tst,1000000000.0,../gen/Tst_pirTest/TPCHQ6_2/log/mappir.log,../gen/Tst_pirTest/TPCHQ6_2/log/runpir.log,../gen/Tst_pirTest/TPCHQ6_2/log/genpsim.log,../gen/Tst_pirTest/TPCHQ6_2/log/gentrace.log,../gen/Tst_pirTest/TPCHQ6_2/log/runpsim.log,../gen/Tst_pirTest/TPCHQ6_2/log/runpsim.sh,../gen/Tst_pirTest/TPCHQ6_2/log/runproute.log,../gen/Tst_pirTest/TPCHQ6_2/log/runproute.sh,../gen/Tst_pirTest/TPCHQ6_2/plastisim/summary.csv,../gen/Tst_pirTest/TPCHQ6_2/pir/AccelMain.scala,../gen/Tst_pirTest/TPCHQ6_2/log/,../gen/Tst_pirTest/TPCHQ6_2/log/gentst.log,../gen/Tst_pirTest/TPCHQ6_2/log/maketst.log,../gen/Tst_pirTest/TPCHQ6_2/log/runtst.log,True,,,,,,,,,,,False,False,False,100,,,,,,,,False,,,,,,,,,,,,,,,,,,,,,17.765586199,,441,,True,False,True,True
efa47d6e,2019-05-15 12:57:15,TPCHQ6_3,pirTest,Tst,1000000000.0,../gen/Tst_pirTest/TPCHQ6_3/log/mappir.log,../gen/Tst_pirTest/TPCHQ6_3/log/runpir.log,../gen/Tst_pirTest/TPCHQ6_3/log/genpsim.log,../gen/Tst_pirTest/TPCHQ6_3/log/gentrace.log,../gen/Tst_pirTest/TPCHQ6_3/log/runpsim.log,../gen/Tst_pirTest/TPCHQ6_3/log/runpsim.sh,../gen/Tst_pirTest/TPCHQ6_3/log/runproute.log,../gen/Tst_pirTest/TPCHQ6_3/log/runproute.sh,../gen/Tst_pirTest/TPCHQ6_3/plastisim/summary.csv,../gen/Tst_pirTest/TPCHQ6_3/pir/AccelMain.scala,../gen/Tst_pirTest/TPCHQ6_3/log/,../gen/Tst_pirTest/TPCHQ6_3/log/gentst.log,../gen/Tst_pirTest/TPCHQ6_3/log/maketst.log,../gen/Tst_pirTest/TPCHQ6_3/log/runtst.log,True,,,,,,,,,,,False,False,False,100,,,,,,,,False,,,,,,,,,,,,,,,,,,,,,18.91336974,,2051,,True,False,True,True
efa47d6e,2019-05-15 12:57:15,TPCHQ6_4,pirTest,Tst,1000000000.0,../gen/Tst_pirTest/TPCHQ6_4/log/mappir.log,../gen/Tst_pirTest/TPCHQ6_4/log/runpir.log,../gen/Tst_pirTest/TPCHQ6_4/log/genpsim.log,../gen/Tst_pirTest/TPCHQ6_4/log/gentrace.log,../gen/Tst_pirTest/TPCHQ6_4/log/runpsim.log,../gen/Tst_pirTest/TPCHQ6_4/log/runpsim.sh,../gen/Tst_pirTest/TPCHQ6_4/log/runproute.log,../gen/Tst_pirTest/TPCHQ6_4/log/runproute.sh,../gen/Tst_pirTest/TPCHQ6_4/plastisim/summary.csv,../gen/Tst_pirTest/TPCHQ6_4/pir/AccelMain.scala,../gen/Tst_pirTest/TPCHQ6_4/log/,../gen/Tst_pirTest/TPCHQ6_4/log/gentst.log,../gen/Tst_pirTest/TPCHQ6_4/log/maketst.log,../gen/Tst_pirTest/TPCHQ6_4/log/runtst.log,True,,,,,,,,,,,False,False,False,100,,,,,,,,False,,,,,,,,,,,,,,,,,,,,,42.328396993,,435,,True,False,True,True
efa47d6e,2019-05-15 12:57:15,VecTest,pirTest,Tst,1000000000.0,../gen/Tst_pirTest/VecTest/log/mappir.log,../gen/Tst_pirTest/VecTest/log/runpir.log,../gen/Tst_pirTest/VecTest/log/genpsim.log,../gen/Tst_pirTest/VecTest/log/gentrace.log,../gen/Tst_pirTest/VecTest/log/runpsim.log,../gen/Tst_pirTest/VecTest/log/runpsim.sh,../gen/Tst_pirTest/VecTest/log/runproute.log,../gen/Tst_pirTest/VecTest/log/runproute.sh,../gen/Tst_pirTest/VecTest/plastisim/summary.csv,../gen/Tst_pirTest/VecTest/pir/AccelMain.scala,../gen/Tst_pirTest/VecTest/log/,../gen/Tst_pirTest/VecTest/log/gentst.log,../gen/Tst_pirTest/VecTest/log/maketst.log,../gen/Tst_pirTest/VecTest/log/runtst.log,True,,,,,,,,,,,False,False,False,100,,,,,,,,False,,,,,,,,,,,,,,,,,,,,,12.421777203,,588,,True,False,True,True
