sha,time,app,project,backend,freq,mappirlog,runpirlog,genpsimlog,gentracelog,runpsimlog,psimsh,runproutelog,proutesh,prouteSummary,AccelMain,logpath,gentstlog,maketstlog,runtstlog,genpir,genpir_err,runpir_time,runpir_err,notFit,MC,DAG,PMU,PCU,row,col,p2p,asic,scheduled,fifo_depth,mappir_err,mappir_time,genpsim_err,gentrace_err,psimcycle,lbw,sbw,psim_deadlock,algo,pattern,slink,vlink,prtime,vcLimit,DynHopsVec,DynHopsScal,StatHopsVec,StatHopsScal,Score,NetVC,TotPkts,LinkLim,InjectLim,EjectLim,LongRoute,Q0Pct,Q0Lim,gentst_err,gentst_time,maketst_err,tstcycle,runtst_err,runtst_pass,tst_deadlock,tst_complete,tst_dram_power,succeeded
77599b3d,2019-05-29 21:12:34,BlackScholes_0,pirTest,Tst,1000000000.0,../gen/Tst_pirTest/BlackScholes_0/log/mappir.log,../gen/Tst_pirTest/BlackScholes_0/log/runpir.log,../gen/Tst_pirTest/BlackScholes_0/log/genpsim.log,../gen/Tst_pirTest/BlackScholes_0/log/gentrace.log,../gen/Tst_pirTest/BlackScholes_0/log/runpsim.log,../gen/Tst_pirTest/BlackScholes_0/log/runpsim.sh,../gen/Tst_pirTest/BlackScholes_0/log/runproute.log,../gen/Tst_pirTest/BlackScholes_0/log/runproute.sh,../gen/Tst_pirTest/BlackScholes_0/plastisim/summary.csv,../gen/Tst_pirTest/BlackScholes_0/pir/AccelMain.scala,../gen/Tst_pirTest/BlackScholes_0/log/,../gen/Tst_pirTest/BlackScholes_0/log/gentst.log,../gen/Tst_pirTest/BlackScholes_0/log/maketst.log,../gen/Tst_pirTest/BlackScholes_0/log/runtst.log,True,,,,,,,,,,,False,False,False,100,,,,,,,,False,,,,,,,,,,,,,,,,,,,,,24.920583594,"dram.cc:133:24: error: ‘double DRAMController::GetAverageTotalPower’ is not a static data member of ‘class DRAMController’
",,,,False,False,,False
77599b3d,2019-05-29 21:12:34,BlackScholes_1,pirTest,Tst,1000000000.0,../gen/Tst_pirTest/BlackScholes_1/log/mappir.log,../gen/Tst_pirTest/BlackScholes_1/log/runpir.log,../gen/Tst_pirTest/BlackScholes_1/log/genpsim.log,../gen/Tst_pirTest/BlackScholes_1/log/gentrace.log,../gen/Tst_pirTest/BlackScholes_1/log/runpsim.log,../gen/Tst_pirTest/BlackScholes_1/log/runpsim.sh,../gen/Tst_pirTest/BlackScholes_1/log/runproute.log,../gen/Tst_pirTest/BlackScholes_1/log/runproute.sh,../gen/Tst_pirTest/BlackScholes_1/plastisim/summary.csv,../gen/Tst_pirTest/BlackScholes_1/pir/AccelMain.scala,../gen/Tst_pirTest/BlackScholes_1/log/,../gen/Tst_pirTest/BlackScholes_1/log/gentst.log,../gen/Tst_pirTest/BlackScholes_1/log/maketst.log,../gen/Tst_pirTest/BlackScholes_1/log/runtst.log,True,,,,,,,,,,,False,False,False,100,,,,,,,,False,,,,,,,,,,,,,,,,,,,,,23.198318055,"dram.cc:133:24: error: ‘double DRAMController::GetAverageTotalPower’ is not a static data member of ‘class DRAMController’
",,,,False,False,,False
77599b3d,2019-05-29 21:12:34,BroadcastTest,pirTest,Tst,1000000000.0,../gen/Tst_pirTest/BroadcastTest/log/mappir.log,../gen/Tst_pirTest/BroadcastTest/log/runpir.log,../gen/Tst_pirTest/BroadcastTest/log/genpsim.log,../gen/Tst_pirTest/BroadcastTest/log/gentrace.log,../gen/Tst_pirTest/BroadcastTest/log/runpsim.log,../gen/Tst_pirTest/BroadcastTest/log/runpsim.sh,../gen/Tst_pirTest/BroadcastTest/log/runproute.log,../gen/Tst_pirTest/BroadcastTest/log/runproute.sh,../gen/Tst_pirTest/BroadcastTest/plastisim/summary.csv,../gen/Tst_pirTest/BroadcastTest/pir/AccelMain.scala,../gen/Tst_pirTest/BroadcastTest/log/,../gen/Tst_pirTest/BroadcastTest/log/gentst.log,../gen/Tst_pirTest/BroadcastTest/log/maketst.log,../gen/Tst_pirTest/BroadcastTest/log/runtst.log,True,,,,,,,,,,,False,False,False,100,,,,,,,,False,,,,,,,,,,,,,,,,,,,,,11.376851695,"dram.cc:139:1: error: expected primary-expression before ‘}’ token
",,,,False,False,,False
77599b3d,2019-05-29 21:12:34,DotProduct_0,pirTest,Tst,1000000000.0,../gen/Tst_pirTest/DotProduct_0/log/mappir.log,../gen/Tst_pirTest/DotProduct_0/log/runpir.log,../gen/Tst_pirTest/DotProduct_0/log/genpsim.log,../gen/Tst_pirTest/DotProduct_0/log/gentrace.log,../gen/Tst_pirTest/DotProduct_0/log/runpsim.log,../gen/Tst_pirTest/DotProduct_0/log/runpsim.sh,../gen/Tst_pirTest/DotProduct_0/log/runproute.log,../gen/Tst_pirTest/DotProduct_0/log/runproute.sh,../gen/Tst_pirTest/DotProduct_0/plastisim/summary.csv,../gen/Tst_pirTest/DotProduct_0/pir/AccelMain.scala,../gen/Tst_pirTest/DotProduct_0/log/,../gen/Tst_pirTest/DotProduct_0/log/gentst.log,../gen/Tst_pirTest/DotProduct_0/log/maketst.log,../gen/Tst_pirTest/DotProduct_0/log/runtst.log,True,,,,,,,,,,,False,False,False,100,,,,,,,,False,,,,,,,,,,,,,,,,,,,,,9.443462341,"dram.cc:133:24: error: ‘double DRAMController::GetAverageTotalPower’ is not a static data member of ‘class DRAMController’
",,,,False,False,,False
77599b3d,2019-05-29 21:12:34,DotProduct_1,pirTest,Tst,1000000000.0,../gen/Tst_pirTest/DotProduct_1/log/mappir.log,../gen/Tst_pirTest/DotProduct_1/log/runpir.log,../gen/Tst_pirTest/DotProduct_1/log/genpsim.log,../gen/Tst_pirTest/DotProduct_1/log/gentrace.log,../gen/Tst_pirTest/DotProduct_1/log/runpsim.log,../gen/Tst_pirTest/DotProduct_1/log/runpsim.sh,../gen/Tst_pirTest/DotProduct_1/log/runproute.log,../gen/Tst_pirTest/DotProduct_1/log/runproute.sh,../gen/Tst_pirTest/DotProduct_1/plastisim/summary.csv,../gen/Tst_pirTest/DotProduct_1/pir/AccelMain.scala,../gen/Tst_pirTest/DotProduct_1/log/,../gen/Tst_pirTest/DotProduct_1/log/gentst.log,../gen/Tst_pirTest/DotProduct_1/log/maketst.log,../gen/Tst_pirTest/DotProduct_1/log/runtst.log,True,,,,,,,,,,,False,False,False,100,,,,,,,,False,,,,,,,,,,,,,,,,,,,,,9.451480245,"dram.cc:133:24: error: ‘double DRAMController::GetAverageTotalPower’ is not a static data member of ‘class DRAMController’
",,,,False,False,,False
77599b3d,2019-05-29 21:12:34,DotProduct_2,pirTest,Tst,1000000000.0,../gen/Tst_pirTest/DotProduct_2/log/mappir.log,../gen/Tst_pirTest/DotProduct_2/log/runpir.log,../gen/Tst_pirTest/DotProduct_2/log/genpsim.log,../gen/Tst_pirTest/DotProduct_2/log/gentrace.log,../gen/Tst_pirTest/DotProduct_2/log/runpsim.log,../gen/Tst_pirTest/DotProduct_2/log/runpsim.sh,../gen/Tst_pirTest/DotProduct_2/log/runproute.log,../gen/Tst_pirTest/DotProduct_2/log/runproute.sh,../gen/Tst_pirTest/DotProduct_2/plastisim/summary.csv,../gen/Tst_pirTest/DotProduct_2/pir/AccelMain.scala,../gen/Tst_pirTest/DotProduct_2/log/,../gen/Tst_pirTest/DotProduct_2/log/gentst.log,../gen/Tst_pirTest/DotProduct_2/log/maketst.log,../gen/Tst_pirTest/DotProduct_2/log/runtst.log,True,,,,,,,,,,,False,False,False,100,,,,,,,,False,,,,,,,,,,,,,,,,,,,,,12.170947684,"dram.cc:133:24: error: ‘double DRAMController::GetAverageTotalPower’ is not a static data member of ‘class DRAMController’
",,,,False,False,,False
77599b3d,2019-05-29 21:12:34,DotProduct_3,pirTest,Tst,1000000000.0,../gen/Tst_pirTest/DotProduct_3/log/mappir.log,../gen/Tst_pirTest/DotProduct_3/log/runpir.log,../gen/Tst_pirTest/DotProduct_3/log/genpsim.log,../gen/Tst_pirTest/DotProduct_3/log/gentrace.log,../gen/Tst_pirTest/DotProduct_3/log/runpsim.log,../gen/Tst_pirTest/DotProduct_3/log/runpsim.sh,../gen/Tst_pirTest/DotProduct_3/log/runproute.log,../gen/Tst_pirTest/DotProduct_3/log/runproute.sh,../gen/Tst_pirTest/DotProduct_3/plastisim/summary.csv,../gen/Tst_pirTest/DotProduct_3/pir/AccelMain.scala,../gen/Tst_pirTest/DotProduct_3/log/,../gen/Tst_pirTest/DotProduct_3/log/gentst.log,../gen/Tst_pirTest/DotProduct_3/log/maketst.log,../gen/Tst_pirTest/DotProduct_3/log/runtst.log,True,,,,,,,,,,,False,False,False,100,,,,,,,,False,,,,,,,,,,,,,,,,,,,,,12.60071713,"dram.cc:133:24: error: ‘double DRAMController::GetAverageTotalPower’ is not a static data member of ‘class DRAMController’
",,,,False,False,,False
77599b3d,2019-05-29 21:12:34,GDA_0,pirTest,Tst,1000000000.0,../gen/Tst_pirTest/GDA_0/log/mappir.log,../gen/Tst_pirTest/GDA_0/log/runpir.log,../gen/Tst_pirTest/GDA_0/log/genpsim.log,../gen/Tst_pirTest/GDA_0/log/gentrace.log,../gen/Tst_pirTest/GDA_0/log/runpsim.log,../gen/Tst_pirTest/GDA_0/log/runpsim.sh,../gen/Tst_pirTest/GDA_0/log/runproute.log,../gen/Tst_pirTest/GDA_0/log/runproute.sh,../gen/Tst_pirTest/GDA_0/plastisim/summary.csv,../gen/Tst_pirTest/GDA_0/pir/AccelMain.scala,../gen/Tst_pirTest/GDA_0/log/,../gen/Tst_pirTest/GDA_0/log/gentst.log,../gen/Tst_pirTest/GDA_0/log/maketst.log,../gen/Tst_pirTest/GDA_0/log/runtst.log,True,,,,,,,,,,,False,False,False,100,,,,,,,,False,,,,,,,,,,,,,,,,,,,,,23.292170332,"dram.h:46:58: error: redeclaration of ‘int DRAMController::served_write’
",,,,False,False,,False
77599b3d,2019-05-29 21:12:34,GDA_1,pirTest,Tst,1000000000.0,../gen/Tst_pirTest/GDA_1/log/mappir.log,../gen/Tst_pirTest/GDA_1/log/runpir.log,../gen/Tst_pirTest/GDA_1/log/genpsim.log,../gen/Tst_pirTest/GDA_1/log/gentrace.log,../gen/Tst_pirTest/GDA_1/log/runpsim.log,../gen/Tst_pirTest/GDA_1/log/runpsim.sh,../gen/Tst_pirTest/GDA_1/log/runproute.log,../gen/Tst_pirTest/GDA_1/log/runproute.sh,../gen/Tst_pirTest/GDA_1/plastisim/summary.csv,../gen/Tst_pirTest/GDA_1/pir/AccelMain.scala,../gen/Tst_pirTest/GDA_1/log/,../gen/Tst_pirTest/GDA_1/log/gentst.log,../gen/Tst_pirTest/GDA_1/log/maketst.log,../gen/Tst_pirTest/GDA_1/log/runtst.log,True,,,,,,,,,,,False,False,False,100,,,,,,,,False,,,,,,,,,,,,,,,,,,,,,23.8464178,"dram.cc:139:1: error: expected primary-expression before ‘}’ token
",,,,False,False,,False
77599b3d,2019-05-29 21:12:34,GDA_14,pirTest,Tst,1000000000.0,../gen/Tst_pirTest/GDA_14/log/mappir.log,../gen/Tst_pirTest/GDA_14/log/runpir.log,../gen/Tst_pirTest/GDA_14/log/genpsim.log,../gen/Tst_pirTest/GDA_14/log/gentrace.log,../gen/Tst_pirTest/GDA_14/log/runpsim.log,../gen/Tst_pirTest/GDA_14/log/runpsim.sh,../gen/Tst_pirTest/GDA_14/log/runproute.log,../gen/Tst_pirTest/GDA_14/log/runproute.sh,../gen/Tst_pirTest/GDA_14/plastisim/summary.csv,../gen/Tst_pirTest/GDA_14/pir/AccelMain.scala,../gen/Tst_pirTest/GDA_14/log/,../gen/Tst_pirTest/GDA_14/log/gentst.log,../gen/Tst_pirTest/GDA_14/log/maketst.log,../gen/Tst_pirTest/GDA_14/log/runtst.log,True,,,,,,,,,,,False,False,False,100,,,,,,,,False,,,,,,,,,,,,,,,,,,,,,51.337138619,"dram.cc:139:1: error: expected primary-expression before ‘}’ token
",,,,False,False,,False
77599b3d,2019-05-29 21:12:34,GDA_2,pirTest,Tst,1000000000.0,../gen/Tst_pirTest/GDA_2/log/mappir.log,../gen/Tst_pirTest/GDA_2/log/runpir.log,../gen/Tst_pirTest/GDA_2/log/genpsim.log,../gen/Tst_pirTest/GDA_2/log/gentrace.log,../gen/Tst_pirTest/GDA_2/log/runpsim.log,../gen/Tst_pirTest/GDA_2/log/runpsim.sh,../gen/Tst_pirTest/GDA_2/log/runproute.log,../gen/Tst_pirTest/GDA_2/log/runproute.sh,../gen/Tst_pirTest/GDA_2/plastisim/summary.csv,../gen/Tst_pirTest/GDA_2/pir/AccelMain.scala,../gen/Tst_pirTest/GDA_2/log/,../gen/Tst_pirTest/GDA_2/log/gentst.log,../gen/Tst_pirTest/GDA_2/log/maketst.log,../gen/Tst_pirTest/GDA_2/log/runtst.log,True,,,,,,,,,,,False,False,False,100,,,,,,,,False,,,,,,,,,,,,,,,,,,,,,31.958693869,"dram.cc:133:24: error: ‘double DRAMController::GetAverageTotalPower’ is not a static data member of ‘class DRAMController’
",,,,False,False,,False
77599b3d,2019-05-29 21:12:34,GDA_3,pirTest,Tst,1000000000.0,../gen/Tst_pirTest/GDA_3/log/mappir.log,../gen/Tst_pirTest/GDA_3/log/runpir.log,../gen/Tst_pirTest/GDA_3/log/genpsim.log,../gen/Tst_pirTest/GDA_3/log/gentrace.log,../gen/Tst_pirTest/GDA_3/log/runpsim.log,../gen/Tst_pirTest/GDA_3/log/runpsim.sh,../gen/Tst_pirTest/GDA_3/log/runproute.log,../gen/Tst_pirTest/GDA_3/log/runproute.sh,../gen/Tst_pirTest/GDA_3/plastisim/summary.csv,../gen/Tst_pirTest/GDA_3/pir/AccelMain.scala,../gen/Tst_pirTest/GDA_3/log/,../gen/Tst_pirTest/GDA_3/log/gentst.log,../gen/Tst_pirTest/GDA_3/log/maketst.log,../gen/Tst_pirTest/GDA_3/log/runtst.log,True,,,,,,,,,,,False,False,False,100,,,,,,,,False,,,,,,,,,,,,,,,,,,,,,28.09192375,"dram.cc:139:1: error: expected primary-expression before ‘}’ token
",,,,False,False,,False
77599b3d,2019-05-29 21:12:34,GDA_4,pirTest,Tst,1000000000.0,../gen/Tst_pirTest/GDA_4/log/mappir.log,../gen/Tst_pirTest/GDA_4/log/runpir.log,../gen/Tst_pirTest/GDA_4/log/genpsim.log,../gen/Tst_pirTest/GDA_4/log/gentrace.log,../gen/Tst_pirTest/GDA_4/log/runpsim.log,../gen/Tst_pirTest/GDA_4/log/runpsim.sh,../gen/Tst_pirTest/GDA_4/log/runproute.log,../gen/Tst_pirTest/GDA_4/log/runproute.sh,../gen/Tst_pirTest/GDA_4/plastisim/summary.csv,../gen/Tst_pirTest/GDA_4/pir/AccelMain.scala,../gen/Tst_pirTest/GDA_4/log/,../gen/Tst_pirTest/GDA_4/log/gentst.log,../gen/Tst_pirTest/GDA_4/log/maketst.log,../gen/Tst_pirTest/GDA_4/log/runtst.log,True,,,,,,,,,,,False,False,False,100,,,,,,,,False,,,,,,,,,,,,,,,,,,,,,51.413766255,"dram.cc:139:1: error: expected primary-expression before ‘}’ token
",,,,False,False,,False
77599b3d,2019-05-29 21:12:34,GDA_5,pirTest,Tst,1000000000.0,../gen/Tst_pirTest/GDA_5/log/mappir.log,../gen/Tst_pirTest/GDA_5/log/runpir.log,../gen/Tst_pirTest/GDA_5/log/genpsim.log,../gen/Tst_pirTest/GDA_5/log/gentrace.log,../gen/Tst_pirTest/GDA_5/log/runpsim.log,../gen/Tst_pirTest/GDA_5/log/runpsim.sh,../gen/Tst_pirTest/GDA_5/log/runproute.log,../gen/Tst_pirTest/GDA_5/log/runproute.sh,../gen/Tst_pirTest/GDA_5/plastisim/summary.csv,../gen/Tst_pirTest/GDA_5/pir/AccelMain.scala,../gen/Tst_pirTest/GDA_5/log/,../gen/Tst_pirTest/GDA_5/log/gentst.log,../gen/Tst_pirTest/GDA_5/log/maketst.log,../gen/Tst_pirTest/GDA_5/log/runtst.log,True,,,,,,,,,,,False,False,False,100,,,,,,,,False,,,,,,,,,,,,,,,,,,,,,27.064897702,"dram.cc:133:8: error: prototype for ‘double DRAMController::GetAverageTotalPower(double)’ does not match any in class ‘DRAMController’
",,,,False,False,,False
77599b3d,2019-05-29 21:12:34,GDA_6,pirTest,Tst,1000000000.0,../gen/Tst_pirTest/GDA_6/log/mappir.log,../gen/Tst_pirTest/GDA_6/log/runpir.log,../gen/Tst_pirTest/GDA_6/log/genpsim.log,../gen/Tst_pirTest/GDA_6/log/gentrace.log,../gen/Tst_pirTest/GDA_6/log/runpsim.log,../gen/Tst_pirTest/GDA_6/log/runpsim.sh,../gen/Tst_pirTest/GDA_6/log/runproute.log,../gen/Tst_pirTest/GDA_6/log/runproute.sh,../gen/Tst_pirTest/GDA_6/plastisim/summary.csv,../gen/Tst_pirTest/GDA_6/pir/AccelMain.scala,../gen/Tst_pirTest/GDA_6/log/,../gen/Tst_pirTest/GDA_6/log/gentst.log,../gen/Tst_pirTest/GDA_6/log/maketst.log,../gen/Tst_pirTest/GDA_6/log/runtst.log,True,,,,,,,,,,,False,False,False,100,,,,,,,,False,,,,,,,,,,,,,,,,,,,,,43.503431984,"dram.cc:139:1: error: expected primary-expression before ‘}’ token
",,,,False,False,,False
77599b3d,2019-05-29 21:12:34,GEMM_0,pirTest,Tst,1000000000.0,../gen/Tst_pirTest/GEMM_0/log/mappir.log,../gen/Tst_pirTest/GEMM_0/log/runpir.log,../gen/Tst_pirTest/GEMM_0/log/genpsim.log,../gen/Tst_pirTest/GEMM_0/log/gentrace.log,../gen/Tst_pirTest/GEMM_0/log/runpsim.log,../gen/Tst_pirTest/GEMM_0/log/runpsim.sh,../gen/Tst_pirTest/GEMM_0/log/runproute.log,../gen/Tst_pirTest/GEMM_0/log/runproute.sh,../gen/Tst_pirTest/GEMM_0/plastisim/summary.csv,../gen/Tst_pirTest/GEMM_0/pir/AccelMain.scala,../gen/Tst_pirTest/GEMM_0/log/,../gen/Tst_pirTest/GEMM_0/log/gentst.log,../gen/Tst_pirTest/GEMM_0/log/maketst.log,../gen/Tst_pirTest/GEMM_0/log/runtst.log,True,,,,,,,,,,,False,False,False,100,,,,,,,,False,,,,,,,,,,,,,,,,,,,,,19.696663802,"dram.cc:133:24: error: ‘double DRAMController::GetAverageTotalPower’ is not a static data member of ‘class DRAMController’
",,,,False,False,,False
77599b3d,2019-05-29 21:12:34,GEMM_1,pirTest,Tst,1000000000.0,../gen/Tst_pirTest/GEMM_1/log/mappir.log,../gen/Tst_pirTest/GEMM_1/log/runpir.log,../gen/Tst_pirTest/GEMM_1/log/genpsim.log,../gen/Tst_pirTest/GEMM_1/log/gentrace.log,../gen/Tst_pirTest/GEMM_1/log/runpsim.log,../gen/Tst_pirTest/GEMM_1/log/runpsim.sh,../gen/Tst_pirTest/GEMM_1/log/runproute.log,../gen/Tst_pirTest/GEMM_1/log/runproute.sh,../gen/Tst_pirTest/GEMM_1/plastisim/summary.csv,../gen/Tst_pirTest/GEMM_1/pir/AccelMain.scala,../gen/Tst_pirTest/GEMM_1/log/,../gen/Tst_pirTest/GEMM_1/log/gentst.log,../gen/Tst_pirTest/GEMM_1/log/maketst.log,../gen/Tst_pirTest/GEMM_1/log/runtst.log,True,,,,,,,,,,,False,False,False,100,,,,,,,,False,,,,,,,,,,,,,,,,,,,,,20.707006224,"dram.cc:133:24: error: ‘double DRAMController::GetAverageTotalPower’ is not a static data member of ‘class DRAMController’
",,,,False,False,,False
77599b3d,2019-05-29 21:12:34,GEMM_10,pirTest,Tst,1000000000.0,../gen/Tst_pirTest/GEMM_10/log/mappir.log,../gen/Tst_pirTest/GEMM_10/log/runpir.log,../gen/Tst_pirTest/GEMM_10/log/genpsim.log,../gen/Tst_pirTest/GEMM_10/log/gentrace.log,../gen/Tst_pirTest/GEMM_10/log/runpsim.log,../gen/Tst_pirTest/GEMM_10/log/runpsim.sh,../gen/Tst_pirTest/GEMM_10/log/runproute.log,../gen/Tst_pirTest/GEMM_10/log/runproute.sh,../gen/Tst_pirTest/GEMM_10/plastisim/summary.csv,../gen/Tst_pirTest/GEMM_10/pir/AccelMain.scala,../gen/Tst_pirTest/GEMM_10/log/,../gen/Tst_pirTest/GEMM_10/log/gentst.log,../gen/Tst_pirTest/GEMM_10/log/maketst.log,../gen/Tst_pirTest/GEMM_10/log/runtst.log,True,,,,,,,,,,,False,False,False,100,,,,,,,,False,,,,,,,,,,,,,,,,,,,,,36.457027349,"dram.cc:138:30: error: ‘cycle’ was not declared in this scope
",,,,False,False,,False
77599b3d,2019-05-29 21:12:34,GEMM_11,pirTest,Tst,1000000000.0,../gen/Tst_pirTest/GEMM_11/log/mappir.log,../gen/Tst_pirTest/GEMM_11/log/runpir.log,../gen/Tst_pirTest/GEMM_11/log/genpsim.log,../gen/Tst_pirTest/GEMM_11/log/gentrace.log,../gen/Tst_pirTest/GEMM_11/log/runpsim.log,../gen/Tst_pirTest/GEMM_11/log/runpsim.sh,../gen/Tst_pirTest/GEMM_11/log/runproute.log,../gen/Tst_pirTest/GEMM_11/log/runproute.sh,../gen/Tst_pirTest/GEMM_11/plastisim/summary.csv,../gen/Tst_pirTest/GEMM_11/pir/AccelMain.scala,../gen/Tst_pirTest/GEMM_11/log/,../gen/Tst_pirTest/GEMM_11/log/gentst.log,../gen/Tst_pirTest/GEMM_11/log/maketst.log,../gen/Tst_pirTest/GEMM_11/log/runtst.log,True,,,,,,,,,,,False,False,False,100,,,,,,,,False,,,,,,,,,,,,,,,,,,,,,39.155632255,"dram.cc:139:1: error: expected primary-expression before ‘}’ token
",,,,False,False,,False
77599b3d,2019-05-29 21:12:34,GEMM_12,pirTest,Tst,1000000000.0,../gen/Tst_pirTest/GEMM_12/log/mappir.log,../gen/Tst_pirTest/GEMM_12/log/runpir.log,../gen/Tst_pirTest/GEMM_12/log/genpsim.log,../gen/Tst_pirTest/GEMM_12/log/gentrace.log,../gen/Tst_pirTest/GEMM_12/log/runpsim.log,../gen/Tst_pirTest/GEMM_12/log/runpsim.sh,../gen/Tst_pirTest/GEMM_12/log/runproute.log,../gen/Tst_pirTest/GEMM_12/log/runproute.sh,../gen/Tst_pirTest/GEMM_12/plastisim/summary.csv,../gen/Tst_pirTest/GEMM_12/pir/AccelMain.scala,../gen/Tst_pirTest/GEMM_12/log/,../gen/Tst_pirTest/GEMM_12/log/gentst.log,../gen/Tst_pirTest/GEMM_12/log/maketst.log,../gen/Tst_pirTest/GEMM_12/log/runtst.log,True,,,,,,,,,,,False,False,False,100,,,,,,,,False,,,,,,,,,,,,,,,,,,,,,36.01718823,"dram.cc:139:1: error: expected primary-expression before ‘}’ token
",,,,False,False,,False
77599b3d,2019-05-29 21:12:34,GEMM_13,pirTest,Tst,1000000000.0,../gen/Tst_pirTest/GEMM_13/log/mappir.log,../gen/Tst_pirTest/GEMM_13/log/runpir.log,../gen/Tst_pirTest/GEMM_13/log/genpsim.log,../gen/Tst_pirTest/GEMM_13/log/gentrace.log,../gen/Tst_pirTest/GEMM_13/log/runpsim.log,../gen/Tst_pirTest/GEMM_13/log/runpsim.sh,../gen/Tst_pirTest/GEMM_13/log/runproute.log,../gen/Tst_pirTest/GEMM_13/log/runproute.sh,../gen/Tst_pirTest/GEMM_13/plastisim/summary.csv,../gen/Tst_pirTest/GEMM_13/pir/AccelMain.scala,../gen/Tst_pirTest/GEMM_13/log/,../gen/Tst_pirTest/GEMM_13/log/gentst.log,../gen/Tst_pirTest/GEMM_13/log/maketst.log,../gen/Tst_pirTest/GEMM_13/log/runtst.log,True,,,,,,,,,,,False,False,False,100,,,,,,,,False,,,,,,,,,,,,,,,,,,,,,56.758761947,"dram.cc:139:1: error: expected primary-expression before ‘}’ token
",,,,False,False,,False
77599b3d,2019-05-29 21:12:34,GEMM_14,pirTest,Tst,1000000000.0,../gen/Tst_pirTest/GEMM_14/log/mappir.log,../gen/Tst_pirTest/GEMM_14/log/runpir.log,../gen/Tst_pirTest/GEMM_14/log/genpsim.log,../gen/Tst_pirTest/GEMM_14/log/gentrace.log,../gen/Tst_pirTest/GEMM_14/log/runpsim.log,../gen/Tst_pirTest/GEMM_14/log/runpsim.sh,../gen/Tst_pirTest/GEMM_14/log/runproute.log,../gen/Tst_pirTest/GEMM_14/log/runproute.sh,../gen/Tst_pirTest/GEMM_14/plastisim/summary.csv,../gen/Tst_pirTest/GEMM_14/pir/AccelMain.scala,../gen/Tst_pirTest/GEMM_14/log/,../gen/Tst_pirTest/GEMM_14/log/gentst.log,../gen/Tst_pirTest/GEMM_14/log/maketst.log,../gen/Tst_pirTest/GEMM_14/log/runtst.log,True,,,,,,,,,,,False,False,False,100,,,,,,,,False,,,,,,,,,,,,,,,,,,,,,47.382684827,,9392,,True,False,True,,True
77599b3d,2019-05-29 21:12:34,GEMM_15,pirTest,Tst,1000000000.0,../gen/Tst_pirTest/GEMM_15/log/mappir.log,../gen/Tst_pirTest/GEMM_15/log/runpir.log,../gen/Tst_pirTest/GEMM_15/log/genpsim.log,../gen/Tst_pirTest/GEMM_15/log/gentrace.log,../gen/Tst_pirTest/GEMM_15/log/runpsim.log,../gen/Tst_pirTest/GEMM_15/log/runpsim.sh,../gen/Tst_pirTest/GEMM_15/log/runproute.log,../gen/Tst_pirTest/GEMM_15/log/runproute.sh,../gen/Tst_pirTest/GEMM_15/plastisim/summary.csv,../gen/Tst_pirTest/GEMM_15/pir/AccelMain.scala,../gen/Tst_pirTest/GEMM_15/log/,../gen/Tst_pirTest/GEMM_15/log/gentst.log,../gen/Tst_pirTest/GEMM_15/log/maketst.log,../gen/Tst_pirTest/GEMM_15/log/runtst.log,True,,,,,,,,,,,False,False,False,100,,,,,,,,False,,,,,,,,,,,,,,,,,,,,,69.526850321,"dram.cc:133:24: error: ‘double DRAMController::GetAverageTotalPower’ is not a static data member of ‘class DRAMController’
",,,,False,False,,False
77599b3d,2019-05-29 21:12:34,GEMM_16,pirTest,Tst,1000000000.0,../gen/Tst_pirTest/GEMM_16/log/mappir.log,../gen/Tst_pirTest/GEMM_16/log/runpir.log,../gen/Tst_pirTest/GEMM_16/log/genpsim.log,../gen/Tst_pirTest/GEMM_16/log/gentrace.log,../gen/Tst_pirTest/GEMM_16/log/runpsim.log,../gen/Tst_pirTest/GEMM_16/log/runpsim.sh,../gen/Tst_pirTest/GEMM_16/log/runproute.log,../gen/Tst_pirTest/GEMM_16/log/runproute.sh,../gen/Tst_pirTest/GEMM_16/plastisim/summary.csv,../gen/Tst_pirTest/GEMM_16/pir/AccelMain.scala,../gen/Tst_pirTest/GEMM_16/log/,../gen/Tst_pirTest/GEMM_16/log/gentst.log,../gen/Tst_pirTest/GEMM_16/log/maketst.log,../gen/Tst_pirTest/GEMM_16/log/runtst.log,True,,,,,,,,,,,False,False,False,100,,,,,,,,False,,,,,,,,,,,,,,,,,,,,,82.014777538,"dram.cc:133:24: error: ‘double DRAMController::GetAverageTotalPower’ is not a static data member of ‘class DRAMController’
",,,,False,False,,False
77599b3d,2019-05-29 21:12:34,GEMM_17,pirTest,Tst,1000000000.0,../gen/Tst_pirTest/GEMM_17/log/mappir.log,../gen/Tst_pirTest/GEMM_17/log/runpir.log,../gen/Tst_pirTest/GEMM_17/log/genpsim.log,../gen/Tst_pirTest/GEMM_17/log/gentrace.log,../gen/Tst_pirTest/GEMM_17/log/runpsim.log,../gen/Tst_pirTest/GEMM_17/log/runpsim.sh,../gen/Tst_pirTest/GEMM_17/log/runproute.log,../gen/Tst_pirTest/GEMM_17/log/runproute.sh,../gen/Tst_pirTest/GEMM_17/plastisim/summary.csv,../gen/Tst_pirTest/GEMM_17/pir/AccelMain.scala,../gen/Tst_pirTest/GEMM_17/log/,../gen/Tst_pirTest/GEMM_17/log/gentst.log,../gen/Tst_pirTest/GEMM_17/log/maketst.log,../gen/Tst_pirTest/GEMM_17/log/runtst.log,True,,,,,,,,,,,False,False,False,100,,,,,,,,False,,,,,,,,,,,,,,,,,,,,,74.458975894,"dram.cc:133:24: error: ‘double DRAMController::GetAverageTotalPower’ is not a static data member of ‘class DRAMController’
",,,,False,False,,False
77599b3d,2019-05-29 21:12:34,GEMM_18,pirTest,Tst,1000000000.0,../gen/Tst_pirTest/GEMM_18/log/mappir.log,../gen/Tst_pirTest/GEMM_18/log/runpir.log,../gen/Tst_pirTest/GEMM_18/log/genpsim.log,../gen/Tst_pirTest/GEMM_18/log/gentrace.log,../gen/Tst_pirTest/GEMM_18/log/runpsim.log,../gen/Tst_pirTest/GEMM_18/log/runpsim.sh,../gen/Tst_pirTest/GEMM_18/log/runproute.log,../gen/Tst_pirTest/GEMM_18/log/runproute.sh,../gen/Tst_pirTest/GEMM_18/plastisim/summary.csv,../gen/Tst_pirTest/GEMM_18/pir/AccelMain.scala,../gen/Tst_pirTest/GEMM_18/log/,../gen/Tst_pirTest/GEMM_18/log/gentst.log,../gen/Tst_pirTest/GEMM_18/log/maketst.log,../gen/Tst_pirTest/GEMM_18/log/runtst.log,True,,,,,,,,,,,False,False,False,100,,,,,,,,False,,,,,,,,,,,,,,,,,,,,,86.398032039,"dram.cc:133:24: error: ‘double DRAMController::GetAverageTotalPower’ is not a static data member of ‘class DRAMController’
",,,,False,False,,False
77599b3d,2019-05-29 21:12:34,GEMM_2,pirTest,Tst,1000000000.0,../gen/Tst_pirTest/GEMM_2/log/mappir.log,../gen/Tst_pirTest/GEMM_2/log/runpir.log,../gen/Tst_pirTest/GEMM_2/log/genpsim.log,../gen/Tst_pirTest/GEMM_2/log/gentrace.log,../gen/Tst_pirTest/GEMM_2/log/runpsim.log,../gen/Tst_pirTest/GEMM_2/log/runpsim.sh,../gen/Tst_pirTest/GEMM_2/log/runproute.log,../gen/Tst_pirTest/GEMM_2/log/runproute.sh,../gen/Tst_pirTest/GEMM_2/plastisim/summary.csv,../gen/Tst_pirTest/GEMM_2/pir/AccelMain.scala,../gen/Tst_pirTest/GEMM_2/log/,../gen/Tst_pirTest/GEMM_2/log/gentst.log,../gen/Tst_pirTest/GEMM_2/log/maketst.log,../gen/Tst_pirTest/GEMM_2/log/runtst.log,True,,,,,,,,,,,False,False,False,100,,,,,,,,False,,,,,,,,,,,,,,,,,,,,,27.281611285,"dram.cc:133:24: error: ‘double DRAMController::GetAverageTotalPower’ is not a static data member of ‘class DRAMController’
",,,,False,False,,False
77599b3d,2019-05-29 21:12:34,GEMM_3,pirTest,Tst,1000000000.0,../gen/Tst_pirTest/GEMM_3/log/mappir.log,../gen/Tst_pirTest/GEMM_3/log/runpir.log,../gen/Tst_pirTest/GEMM_3/log/genpsim.log,../gen/Tst_pirTest/GEMM_3/log/gentrace.log,../gen/Tst_pirTest/GEMM_3/log/runpsim.log,../gen/Tst_pirTest/GEMM_3/log/runpsim.sh,../gen/Tst_pirTest/GEMM_3/log/runproute.log,../gen/Tst_pirTest/GEMM_3/log/runproute.sh,../gen/Tst_pirTest/GEMM_3/plastisim/summary.csv,../gen/Tst_pirTest/GEMM_3/pir/AccelMain.scala,../gen/Tst_pirTest/GEMM_3/log/,../gen/Tst_pirTest/GEMM_3/log/gentst.log,../gen/Tst_pirTest/GEMM_3/log/maketst.log,../gen/Tst_pirTest/GEMM_3/log/runtst.log,True,,,,,,,,,,,False,False,False,100,,,,,,,,False,,,,,,,,,,,,,,,,,,,,,21.735584487,"dram.cc:139:1: error: expected primary-expression before ‘}’ token
",,,,False,False,,False
77599b3d,2019-05-29 21:12:34,GEMM_4,pirTest,Tst,1000000000.0,../gen/Tst_pirTest/GEMM_4/log/mappir.log,../gen/Tst_pirTest/GEMM_4/log/runpir.log,../gen/Tst_pirTest/GEMM_4/log/genpsim.log,../gen/Tst_pirTest/GEMM_4/log/gentrace.log,../gen/Tst_pirTest/GEMM_4/log/runpsim.log,../gen/Tst_pirTest/GEMM_4/log/runpsim.sh,../gen/Tst_pirTest/GEMM_4/log/runproute.log,../gen/Tst_pirTest/GEMM_4/log/runproute.sh,../gen/Tst_pirTest/GEMM_4/plastisim/summary.csv,../gen/Tst_pirTest/GEMM_4/pir/AccelMain.scala,../gen/Tst_pirTest/GEMM_4/log/,../gen/Tst_pirTest/GEMM_4/log/gentst.log,../gen/Tst_pirTest/GEMM_4/log/maketst.log,../gen/Tst_pirTest/GEMM_4/log/runtst.log,True,,,,,,,,,,,False,False,False,100,,,,,,,,False,,,,,,,,,,,,,,,,,,,,,27.708810001,"dram.cc:133:24: error: ‘double DRAMController::GetAverageTotalPower’ is not a static data member of ‘class DRAMController’
",,,,False,False,,False
77599b3d,2019-05-29 21:12:34,GEMM_6,pirTest,Tst,1000000000.0,../gen/Tst_pirTest/GEMM_6/log/mappir.log,../gen/Tst_pirTest/GEMM_6/log/runpir.log,../gen/Tst_pirTest/GEMM_6/log/genpsim.log,../gen/Tst_pirTest/GEMM_6/log/gentrace.log,../gen/Tst_pirTest/GEMM_6/log/runpsim.log,../gen/Tst_pirTest/GEMM_6/log/runpsim.sh,../gen/Tst_pirTest/GEMM_6/log/runproute.log,../gen/Tst_pirTest/GEMM_6/log/runproute.sh,../gen/Tst_pirTest/GEMM_6/plastisim/summary.csv,../gen/Tst_pirTest/GEMM_6/pir/AccelMain.scala,../gen/Tst_pirTest/GEMM_6/log/,../gen/Tst_pirTest/GEMM_6/log/gentst.log,../gen/Tst_pirTest/GEMM_6/log/maketst.log,../gen/Tst_pirTest/GEMM_6/log/runtst.log,True,,,,,,,,,,,False,False,False,100,,,,,,,,False,,,,,,,,,,,,,,,,,,,,,77.249586973,"collect2: error: ld returned 1 exit status
",,,,False,False,,False
77599b3d,2019-05-29 21:12:34,GEMM_7,pirTest,Tst,1000000000.0,../gen/Tst_pirTest/GEMM_7/log/mappir.log,../gen/Tst_pirTest/GEMM_7/log/runpir.log,../gen/Tst_pirTest/GEMM_7/log/genpsim.log,../gen/Tst_pirTest/GEMM_7/log/gentrace.log,../gen/Tst_pirTest/GEMM_7/log/runpsim.log,../gen/Tst_pirTest/GEMM_7/log/runpsim.sh,../gen/Tst_pirTest/GEMM_7/log/runproute.log,../gen/Tst_pirTest/GEMM_7/log/runproute.sh,../gen/Tst_pirTest/GEMM_7/plastisim/summary.csv,../gen/Tst_pirTest/GEMM_7/pir/AccelMain.scala,../gen/Tst_pirTest/GEMM_7/log/,../gen/Tst_pirTest/GEMM_7/log/gentst.log,../gen/Tst_pirTest/GEMM_7/log/maketst.log,../gen/Tst_pirTest/GEMM_7/log/runtst.log,True,,,,,,,,,,,False,False,False,100,,,,,,,,False,,,,,,,,,,,,,,,,,,,,,21.79790221,"dram.cc:139:1: error: expected primary-expression before ‘}’ token
",,,,False,False,,False
77599b3d,2019-05-29 21:12:34,GEMM_8,pirTest,Tst,1000000000.0,../gen/Tst_pirTest/GEMM_8/log/mappir.log,../gen/Tst_pirTest/GEMM_8/log/runpir.log,../gen/Tst_pirTest/GEMM_8/log/genpsim.log,../gen/Tst_pirTest/GEMM_8/log/gentrace.log,../gen/Tst_pirTest/GEMM_8/log/runpsim.log,../gen/Tst_pirTest/GEMM_8/log/runpsim.sh,../gen/Tst_pirTest/GEMM_8/log/runproute.log,../gen/Tst_pirTest/GEMM_8/log/runproute.sh,../gen/Tst_pirTest/GEMM_8/plastisim/summary.csv,../gen/Tst_pirTest/GEMM_8/pir/AccelMain.scala,../gen/Tst_pirTest/GEMM_8/log/,../gen/Tst_pirTest/GEMM_8/log/gentst.log,../gen/Tst_pirTest/GEMM_8/log/maketst.log,../gen/Tst_pirTest/GEMM_8/log/runtst.log,True,,,,,,,,,,,False,False,False,100,,,,,,,,False,,,,,,,,,,,,,,,,,,,,,22.240472061,"dram.cc:139:1: error: expected primary-expression before ‘}’ token
",,,,False,False,,False
77599b3d,2019-05-29 21:12:34,GEMM_9,pirTest,Tst,1000000000.0,../gen/Tst_pirTest/GEMM_9/log/mappir.log,../gen/Tst_pirTest/GEMM_9/log/runpir.log,../gen/Tst_pirTest/GEMM_9/log/genpsim.log,../gen/Tst_pirTest/GEMM_9/log/gentrace.log,../gen/Tst_pirTest/GEMM_9/log/runpsim.log,../gen/Tst_pirTest/GEMM_9/log/runpsim.sh,../gen/Tst_pirTest/GEMM_9/log/runproute.log,../gen/Tst_pirTest/GEMM_9/log/runproute.sh,../gen/Tst_pirTest/GEMM_9/plastisim/summary.csv,../gen/Tst_pirTest/GEMM_9/pir/AccelMain.scala,../gen/Tst_pirTest/GEMM_9/log/,../gen/Tst_pirTest/GEMM_9/log/gentst.log,../gen/Tst_pirTest/GEMM_9/log/maketst.log,../gen/Tst_pirTest/GEMM_9/log/runtst.log,True,,,,,,,,,,,False,False,False,100,,,,,,,,False,,,,,,,,,,,,,,,,,,,,,29.768420996,"dram.cc:133:24: error: ‘double DRAMController::GetAverageTotalPower’ is not a static data member of ‘class DRAMController’
",,,,False,False,,False
77599b3d,2019-05-29 21:12:34,GRU_0,pirTest,Tst,1000000000.0,../gen/Tst_pirTest/GRU_0/log/mappir.log,../gen/Tst_pirTest/GRU_0/log/runpir.log,../gen/Tst_pirTest/GRU_0/log/genpsim.log,../gen/Tst_pirTest/GRU_0/log/gentrace.log,../gen/Tst_pirTest/GRU_0/log/runpsim.log,../gen/Tst_pirTest/GRU_0/log/runpsim.sh,../gen/Tst_pirTest/GRU_0/log/runproute.log,../gen/Tst_pirTest/GRU_0/log/runproute.sh,../gen/Tst_pirTest/GRU_0/plastisim/summary.csv,../gen/Tst_pirTest/GRU_0/pir/AccelMain.scala,../gen/Tst_pirTest/GRU_0/log/,../gen/Tst_pirTest/GRU_0/log/gentst.log,../gen/Tst_pirTest/GRU_0/log/maketst.log,../gen/Tst_pirTest/GRU_0/log/runtst.log,False,,,,,,,,,,,False,False,False,100,,,,,,,,False,,,,,,,,,,,,,,,,,,,,,,,,,,False,False,,False
77599b3d,2019-05-29 21:12:34,GRU_1,pirTest,Tst,1000000000.0,../gen/Tst_pirTest/GRU_1/log/mappir.log,../gen/Tst_pirTest/GRU_1/log/runpir.log,../gen/Tst_pirTest/GRU_1/log/genpsim.log,../gen/Tst_pirTest/GRU_1/log/gentrace.log,../gen/Tst_pirTest/GRU_1/log/runpsim.log,../gen/Tst_pirTest/GRU_1/log/runpsim.sh,../gen/Tst_pirTest/GRU_1/log/runproute.log,../gen/Tst_pirTest/GRU_1/log/runproute.sh,../gen/Tst_pirTest/GRU_1/plastisim/summary.csv,../gen/Tst_pirTest/GRU_1/pir/AccelMain.scala,../gen/Tst_pirTest/GRU_1/log/,../gen/Tst_pirTest/GRU_1/log/gentst.log,../gen/Tst_pirTest/GRU_1/log/maketst.log,../gen/Tst_pirTest/GRU_1/log/runtst.log,False,,,,,,,,,,,False,False,False,100,,,,,,,,False,,,,,,,,,,,,,,,,,,,,,,,,,,False,False,,False
77599b3d,2019-05-29 21:12:34,Kmeans_0,pirTest,Tst,1000000000.0,../gen/Tst_pirTest/Kmeans_0/log/mappir.log,../gen/Tst_pirTest/Kmeans_0/log/runpir.log,../gen/Tst_pirTest/Kmeans_0/log/genpsim.log,../gen/Tst_pirTest/Kmeans_0/log/gentrace.log,../gen/Tst_pirTest/Kmeans_0/log/runpsim.log,../gen/Tst_pirTest/Kmeans_0/log/runpsim.sh,../gen/Tst_pirTest/Kmeans_0/log/runproute.log,../gen/Tst_pirTest/Kmeans_0/log/runproute.sh,../gen/Tst_pirTest/Kmeans_0/plastisim/summary.csv,../gen/Tst_pirTest/Kmeans_0/pir/AccelMain.scala,../gen/Tst_pirTest/Kmeans_0/log/,../gen/Tst_pirTest/Kmeans_0/log/gentst.log,../gen/Tst_pirTest/Kmeans_0/log/maketst.log,../gen/Tst_pirTest/Kmeans_0/log/runtst.log,True,,,,,,,,,,,False,False,False,100,,,,,,,,False,,,,,,,,,,,,,,,,,,,,,27.090108303,"dram.cc:139:1: error: expected primary-expression before ‘}’ token
",,,,False,False,,False
77599b3d,2019-05-29 21:12:34,Kmeans_1,pirTest,Tst,1000000000.0,../gen/Tst_pirTest/Kmeans_1/log/mappir.log,../gen/Tst_pirTest/Kmeans_1/log/runpir.log,../gen/Tst_pirTest/Kmeans_1/log/genpsim.log,../gen/Tst_pirTest/Kmeans_1/log/gentrace.log,../gen/Tst_pirTest/Kmeans_1/log/runpsim.log,../gen/Tst_pirTest/Kmeans_1/log/runpsim.sh,../gen/Tst_pirTest/Kmeans_1/log/runproute.log,../gen/Tst_pirTest/Kmeans_1/log/runproute.sh,../gen/Tst_pirTest/Kmeans_1/plastisim/summary.csv,../gen/Tst_pirTest/Kmeans_1/pir/AccelMain.scala,../gen/Tst_pirTest/Kmeans_1/log/,../gen/Tst_pirTest/Kmeans_1/log/gentst.log,../gen/Tst_pirTest/Kmeans_1/log/maketst.log,../gen/Tst_pirTest/Kmeans_1/log/runtst.log,True,,,,,,,,,,,False,False,False,100,,,,,,,,False,,,,,,,,,,,,,,,,,,,,,31.789777017,"dram.cc:133:24: error: ‘double DRAMController::GetAverageTotalPower’ is not a static data member of ‘class DRAMController’
",,,,False,False,,False
77599b3d,2019-05-29 21:12:34,Kmeans_2,pirTest,Tst,1000000000.0,../gen/Tst_pirTest/Kmeans_2/log/mappir.log,../gen/Tst_pirTest/Kmeans_2/log/runpir.log,../gen/Tst_pirTest/Kmeans_2/log/genpsim.log,../gen/Tst_pirTest/Kmeans_2/log/gentrace.log,../gen/Tst_pirTest/Kmeans_2/log/runpsim.log,../gen/Tst_pirTest/Kmeans_2/log/runpsim.sh,../gen/Tst_pirTest/Kmeans_2/log/runproute.log,../gen/Tst_pirTest/Kmeans_2/log/runproute.sh,../gen/Tst_pirTest/Kmeans_2/plastisim/summary.csv,../gen/Tst_pirTest/Kmeans_2/pir/AccelMain.scala,../gen/Tst_pirTest/Kmeans_2/log/,../gen/Tst_pirTest/Kmeans_2/log/gentst.log,../gen/Tst_pirTest/Kmeans_2/log/maketst.log,../gen/Tst_pirTest/Kmeans_2/log/runtst.log,True,,,,,,,,,,,False,False,False,100,,,,,,,,False,,,,,,,,,,,,,,,,,,,,,53.672196121,"dram.cc:133:24: error: ‘double DRAMController::GetAverageTotalPower’ is not a static data member of ‘class DRAMController’
",,,,False,False,,False
77599b3d,2019-05-29 21:12:34,Kmeans_3,pirTest,Tst,1000000000.0,../gen/Tst_pirTest/Kmeans_3/log/mappir.log,../gen/Tst_pirTest/Kmeans_3/log/runpir.log,../gen/Tst_pirTest/Kmeans_3/log/genpsim.log,../gen/Tst_pirTest/Kmeans_3/log/gentrace.log,../gen/Tst_pirTest/Kmeans_3/log/runpsim.log,../gen/Tst_pirTest/Kmeans_3/log/runpsim.sh,../gen/Tst_pirTest/Kmeans_3/log/runproute.log,../gen/Tst_pirTest/Kmeans_3/log/runproute.sh,../gen/Tst_pirTest/Kmeans_3/plastisim/summary.csv,../gen/Tst_pirTest/Kmeans_3/pir/AccelMain.scala,../gen/Tst_pirTest/Kmeans_3/log/,../gen/Tst_pirTest/Kmeans_3/log/gentst.log,../gen/Tst_pirTest/Kmeans_3/log/maketst.log,../gen/Tst_pirTest/Kmeans_3/log/runtst.log,True,,,,,,,,,,,False,False,False,100,,,,,,,,False,,,,,,,,,,,,,,,,,,,,,41.433572822,"dram.cc:139:1: error: expected primary-expression before ‘}’ token
",,,,False,False,,False
77599b3d,2019-05-29 21:12:34,Kmeans_4,pirTest,Tst,1000000000.0,../gen/Tst_pirTest/Kmeans_4/log/mappir.log,../gen/Tst_pirTest/Kmeans_4/log/runpir.log,../gen/Tst_pirTest/Kmeans_4/log/genpsim.log,../gen/Tst_pirTest/Kmeans_4/log/gentrace.log,../gen/Tst_pirTest/Kmeans_4/log/runpsim.log,../gen/Tst_pirTest/Kmeans_4/log/runpsim.sh,../gen/Tst_pirTest/Kmeans_4/log/runproute.log,../gen/Tst_pirTest/Kmeans_4/log/runproute.sh,../gen/Tst_pirTest/Kmeans_4/plastisim/summary.csv,../gen/Tst_pirTest/Kmeans_4/pir/AccelMain.scala,../gen/Tst_pirTest/Kmeans_4/log/,../gen/Tst_pirTest/Kmeans_4/log/gentst.log,../gen/Tst_pirTest/Kmeans_4/log/maketst.log,../gen/Tst_pirTest/Kmeans_4/log/runtst.log,True,,,,,,,,,,,False,False,False,100,,,,,,,,False,,,,,,,,,,,,,,,,,,,,,52.458581451,"dram.cc:139:1: error: expected primary-expression before ‘}’ token
",,,,False,False,,False
77599b3d,2019-05-29 21:12:34,Kmeans_5,pirTest,Tst,1000000000.0,../gen/Tst_pirTest/Kmeans_5/log/mappir.log,../gen/Tst_pirTest/Kmeans_5/log/runpir.log,../gen/Tst_pirTest/Kmeans_5/log/genpsim.log,../gen/Tst_pirTest/Kmeans_5/log/gentrace.log,../gen/Tst_pirTest/Kmeans_5/log/runpsim.log,../gen/Tst_pirTest/Kmeans_5/log/runpsim.sh,../gen/Tst_pirTest/Kmeans_5/log/runproute.log,../gen/Tst_pirTest/Kmeans_5/log/runproute.sh,../gen/Tst_pirTest/Kmeans_5/plastisim/summary.csv,../gen/Tst_pirTest/Kmeans_5/pir/AccelMain.scala,../gen/Tst_pirTest/Kmeans_5/log/,../gen/Tst_pirTest/Kmeans_5/log/gentst.log,../gen/Tst_pirTest/Kmeans_5/log/maketst.log,../gen/Tst_pirTest/Kmeans_5/log/runtst.log,True,,,,,,,,,,,False,False,False,100,,,,,,,,False,,,,,,,,,,,,,,,,,,,,,80.194014398,"dram.cc:133:24: error: ‘double DRAMController::GetAverageTotalPower’ is not a static data member of ‘class DRAMController’
",,,,False,False,,False
77599b3d,2019-05-29 21:12:34,Kmeans_6,pirTest,Tst,1000000000.0,../gen/Tst_pirTest/Kmeans_6/log/mappir.log,../gen/Tst_pirTest/Kmeans_6/log/runpir.log,../gen/Tst_pirTest/Kmeans_6/log/genpsim.log,../gen/Tst_pirTest/Kmeans_6/log/gentrace.log,../gen/Tst_pirTest/Kmeans_6/log/runpsim.log,../gen/Tst_pirTest/Kmeans_6/log/runpsim.sh,../gen/Tst_pirTest/Kmeans_6/log/runproute.log,../gen/Tst_pirTest/Kmeans_6/log/runproute.sh,../gen/Tst_pirTest/Kmeans_6/plastisim/summary.csv,../gen/Tst_pirTest/Kmeans_6/pir/AccelMain.scala,../gen/Tst_pirTest/Kmeans_6/log/,../gen/Tst_pirTest/Kmeans_6/log/gentst.log,../gen/Tst_pirTest/Kmeans_6/log/maketst.log,../gen/Tst_pirTest/Kmeans_6/log/runtst.log,True,,,,,,,,,,,False,False,False,100,,,,,,,,False,,,,,,,,,,,,,,,,,,,,,59.149641376,"dram.cc:139:1: error: expected primary-expression before ‘}’ token
",,,,False,False,,False
77599b3d,2019-05-29 21:12:34,Kmeans_7,pirTest,Tst,1000000000.0,../gen/Tst_pirTest/Kmeans_7/log/mappir.log,../gen/Tst_pirTest/Kmeans_7/log/runpir.log,../gen/Tst_pirTest/Kmeans_7/log/genpsim.log,../gen/Tst_pirTest/Kmeans_7/log/gentrace.log,../gen/Tst_pirTest/Kmeans_7/log/runpsim.log,../gen/Tst_pirTest/Kmeans_7/log/runpsim.sh,../gen/Tst_pirTest/Kmeans_7/log/runproute.log,../gen/Tst_pirTest/Kmeans_7/log/runproute.sh,../gen/Tst_pirTest/Kmeans_7/plastisim/summary.csv,../gen/Tst_pirTest/Kmeans_7/pir/AccelMain.scala,../gen/Tst_pirTest/Kmeans_7/log/,../gen/Tst_pirTest/Kmeans_7/log/gentst.log,../gen/Tst_pirTest/Kmeans_7/log/maketst.log,../gen/Tst_pirTest/Kmeans_7/log/runtst.log,True,,,,,,,,,,,False,False,False,100,,,,,,,,False,,,,,,,,,,,,,,,,,,,,,82.614839717,"dram.cc:133:24: error: ‘double DRAMController::GetAverageTotalPower’ is not a static data member of ‘class DRAMController’
",,,,False,False,,False
77599b3d,2019-05-29 21:12:34,Kmeans_8,pirTest,Tst,1000000000.0,../gen/Tst_pirTest/Kmeans_8/log/mappir.log,../gen/Tst_pirTest/Kmeans_8/log/runpir.log,../gen/Tst_pirTest/Kmeans_8/log/genpsim.log,../gen/Tst_pirTest/Kmeans_8/log/gentrace.log,../gen/Tst_pirTest/Kmeans_8/log/runpsim.log,../gen/Tst_pirTest/Kmeans_8/log/runpsim.sh,../gen/Tst_pirTest/Kmeans_8/log/runproute.log,../gen/Tst_pirTest/Kmeans_8/log/runproute.sh,../gen/Tst_pirTest/Kmeans_8/plastisim/summary.csv,../gen/Tst_pirTest/Kmeans_8/pir/AccelMain.scala,../gen/Tst_pirTest/Kmeans_8/log/,../gen/Tst_pirTest/Kmeans_8/log/gentst.log,../gen/Tst_pirTest/Kmeans_8/log/maketst.log,../gen/Tst_pirTest/Kmeans_8/log/runtst.log,True,,,,,,,,,,,False,False,False,100,,,,,,,,False,,,,,,,,,,,,,,,,,,,,,87.785558777,,595083,,True,False,True,,True
77599b3d,2019-05-29 21:12:34,LSTM_0,pirTest,Tst,1000000000.0,../gen/Tst_pirTest/LSTM_0/log/mappir.log,../gen/Tst_pirTest/LSTM_0/log/runpir.log,../gen/Tst_pirTest/LSTM_0/log/genpsim.log,../gen/Tst_pirTest/LSTM_0/log/gentrace.log,../gen/Tst_pirTest/LSTM_0/log/runpsim.log,../gen/Tst_pirTest/LSTM_0/log/runpsim.sh,../gen/Tst_pirTest/LSTM_0/log/runproute.log,../gen/Tst_pirTest/LSTM_0/log/runproute.sh,../gen/Tst_pirTest/LSTM_0/plastisim/summary.csv,../gen/Tst_pirTest/LSTM_0/pir/AccelMain.scala,../gen/Tst_pirTest/LSTM_0/log/,../gen/Tst_pirTest/LSTM_0/log/gentst.log,../gen/Tst_pirTest/LSTM_0/log/maketst.log,../gen/Tst_pirTest/LSTM_0/log/runtst.log,False,[error] //TODO: Plasticine does not support unbanked unrolled access at the moment. ,,,,,,,,,,False,False,False,100,,,,,,,,False,,,,,,,,,,,,,,,,,,,,,,,,,,False,False,,False
77599b3d,2019-05-29 21:12:34,LSTM_1,pirTest,Tst,1000000000.0,../gen/Tst_pirTest/LSTM_1/log/mappir.log,../gen/Tst_pirTest/LSTM_1/log/runpir.log,../gen/Tst_pirTest/LSTM_1/log/genpsim.log,../gen/Tst_pirTest/LSTM_1/log/gentrace.log,../gen/Tst_pirTest/LSTM_1/log/runpsim.log,../gen/Tst_pirTest/LSTM_1/log/runpsim.sh,../gen/Tst_pirTest/LSTM_1/log/runproute.log,../gen/Tst_pirTest/LSTM_1/log/runproute.sh,../gen/Tst_pirTest/LSTM_1/plastisim/summary.csv,../gen/Tst_pirTest/LSTM_1/pir/AccelMain.scala,../gen/Tst_pirTest/LSTM_1/log/,../gen/Tst_pirTest/LSTM_1/log/gentst.log,../gen/Tst_pirTest/LSTM_1/log/maketst.log,../gen/Tst_pirTest/LSTM_1/log/runtst.log,False,[error] //TODO: Plasticine does not support unbanked unrolled access at the moment. ,,,,,,,,,,False,False,False,100,,,,,,,,False,,,,,,,,,,,,,,,,,,,,,,,,,,False,False,,False
77599b3d,2019-05-29 21:12:34,LUTTest_0,pirTest,Tst,1000000000.0,../gen/Tst_pirTest/LUTTest_0/log/mappir.log,../gen/Tst_pirTest/LUTTest_0/log/runpir.log,../gen/Tst_pirTest/LUTTest_0/log/genpsim.log,../gen/Tst_pirTest/LUTTest_0/log/gentrace.log,../gen/Tst_pirTest/LUTTest_0/log/runpsim.log,../gen/Tst_pirTest/LUTTest_0/log/runpsim.sh,../gen/Tst_pirTest/LUTTest_0/log/runproute.log,../gen/Tst_pirTest/LUTTest_0/log/runproute.sh,../gen/Tst_pirTest/LUTTest_0/plastisim/summary.csv,../gen/Tst_pirTest/LUTTest_0/pir/AccelMain.scala,../gen/Tst_pirTest/LUTTest_0/log/,../gen/Tst_pirTest/LUTTest_0/log/gentst.log,../gen/Tst_pirTest/LUTTest_0/log/maketst.log,../gen/Tst_pirTest/LUTTest_0/log/runtst.log,True,,,,,,,,,,,False,False,False,100,,,,,,,,False,,,,,,,,,,,,,,,,,,,,,5.533851128,"dram.cc:139:1: error: expected primary-expression before ‘}’ token
",,,,False,False,,False
77599b3d,2019-05-29 21:12:34,LUTTest_1,pirTest,Tst,1000000000.0,../gen/Tst_pirTest/LUTTest_1/log/mappir.log,../gen/Tst_pirTest/LUTTest_1/log/runpir.log,../gen/Tst_pirTest/LUTTest_1/log/genpsim.log,../gen/Tst_pirTest/LUTTest_1/log/gentrace.log,../gen/Tst_pirTest/LUTTest_1/log/runpsim.log,../gen/Tst_pirTest/LUTTest_1/log/runpsim.sh,../gen/Tst_pirTest/LUTTest_1/log/runproute.log,../gen/Tst_pirTest/LUTTest_1/log/runproute.sh,../gen/Tst_pirTest/LUTTest_1/plastisim/summary.csv,../gen/Tst_pirTest/LUTTest_1/pir/AccelMain.scala,../gen/Tst_pirTest/LUTTest_1/log/,../gen/Tst_pirTest/LUTTest_1/log/gentst.log,../gen/Tst_pirTest/LUTTest_1/log/maketst.log,../gen/Tst_pirTest/LUTTest_1/log/runtst.log,True,,,,,,,,,,,False,False,False,100,,,,,,,,False,,,,,,,,,,,,,,,,,,,,,5.761094592,"dram.cc:139:1: error: expected primary-expression before ‘}’ token
",,,,False,False,,False
77599b3d,2019-05-29 21:12:34,LUTTest_2,pirTest,Tst,1000000000.0,../gen/Tst_pirTest/LUTTest_2/log/mappir.log,../gen/Tst_pirTest/LUTTest_2/log/runpir.log,../gen/Tst_pirTest/LUTTest_2/log/genpsim.log,../gen/Tst_pirTest/LUTTest_2/log/gentrace.log,../gen/Tst_pirTest/LUTTest_2/log/runpsim.log,../gen/Tst_pirTest/LUTTest_2/log/runpsim.sh,../gen/Tst_pirTest/LUTTest_2/log/runproute.log,../gen/Tst_pirTest/LUTTest_2/log/runproute.sh,../gen/Tst_pirTest/LUTTest_2/plastisim/summary.csv,../gen/Tst_pirTest/LUTTest_2/pir/AccelMain.scala,../gen/Tst_pirTest/LUTTest_2/log/,../gen/Tst_pirTest/LUTTest_2/log/gentst.log,../gen/Tst_pirTest/LUTTest_2/log/maketst.log,../gen/Tst_pirTest/LUTTest_2/log/runtst.log,True,,,,,,,,,,,False,False,False,100,,,,,,,,False,,,,,,,,,,,,,,,,,,,,,8.543205181,"dram.cc:133:24: error: ‘double DRAMController::GetAverageTotalPower’ is not a static data member of ‘class DRAMController’
",,,,False,False,,False
77599b3d,2019-05-29 21:12:34,LUTTest_3,pirTest,Tst,1000000000.0,../gen/Tst_pirTest/LUTTest_3/log/mappir.log,../gen/Tst_pirTest/LUTTest_3/log/runpir.log,../gen/Tst_pirTest/LUTTest_3/log/genpsim.log,../gen/Tst_pirTest/LUTTest_3/log/gentrace.log,../gen/Tst_pirTest/LUTTest_3/log/runpsim.log,../gen/Tst_pirTest/LUTTest_3/log/runpsim.sh,../gen/Tst_pirTest/LUTTest_3/log/runproute.log,../gen/Tst_pirTest/LUTTest_3/log/runproute.sh,../gen/Tst_pirTest/LUTTest_3/plastisim/summary.csv,../gen/Tst_pirTest/LUTTest_3/pir/AccelMain.scala,../gen/Tst_pirTest/LUTTest_3/log/,../gen/Tst_pirTest/LUTTest_3/log/gentst.log,../gen/Tst_pirTest/LUTTest_3/log/maketst.log,../gen/Tst_pirTest/LUTTest_3/log/runtst.log,True,,,,,,,,,,,False,False,False,100,,,,,,,,False,,,,,,,,,,,,,,,,,,,,,9.852232105,"dram.cc:133:24: error: ‘double DRAMController::GetAverageTotalPower’ is not a static data member of ‘class DRAMController’
",,,,False,False,,False
77599b3d,2019-05-29 21:12:34,LUTTest_4,pirTest,Tst,1000000000.0,../gen/Tst_pirTest/LUTTest_4/log/mappir.log,../gen/Tst_pirTest/LUTTest_4/log/runpir.log,../gen/Tst_pirTest/LUTTest_4/log/genpsim.log,../gen/Tst_pirTest/LUTTest_4/log/gentrace.log,../gen/Tst_pirTest/LUTTest_4/log/runpsim.log,../gen/Tst_pirTest/LUTTest_4/log/runpsim.sh,../gen/Tst_pirTest/LUTTest_4/log/runproute.log,../gen/Tst_pirTest/LUTTest_4/log/runproute.sh,../gen/Tst_pirTest/LUTTest_4/plastisim/summary.csv,../gen/Tst_pirTest/LUTTest_4/pir/AccelMain.scala,../gen/Tst_pirTest/LUTTest_4/log/,../gen/Tst_pirTest/LUTTest_4/log/gentst.log,../gen/Tst_pirTest/LUTTest_4/log/maketst.log,../gen/Tst_pirTest/LUTTest_4/log/runtst.log,True,,,,,,,,,,,False,False,False,100,,,,,,,,False,,,,,,,,,,,,,,,,,,,,,4.524778552,"dram.cc:133:24: error: ‘double DRAMController::GetAverageTotalPower’ is not a static data member of ‘class DRAMController’
",,,,False,False,,False
77599b3d,2019-05-29 21:12:34,LeNet_0,pirTest,Tst,1000000000.0,../gen/Tst_pirTest/LeNet_0/log/mappir.log,../gen/Tst_pirTest/LeNet_0/log/runpir.log,../gen/Tst_pirTest/LeNet_0/log/genpsim.log,../gen/Tst_pirTest/LeNet_0/log/gentrace.log,../gen/Tst_pirTest/LeNet_0/log/runpsim.log,../gen/Tst_pirTest/LeNet_0/log/runpsim.sh,../gen/Tst_pirTest/LeNet_0/log/runproute.log,../gen/Tst_pirTest/LeNet_0/log/runproute.sh,../gen/Tst_pirTest/LeNet_0/plastisim/summary.csv,../gen/Tst_pirTest/LeNet_0/pir/AccelMain.scala,../gen/Tst_pirTest/LeNet_0/log/,../gen/Tst_pirTest/LeNet_0/log/gentst.log,../gen/Tst_pirTest/LeNet_0/log/maketst.log,../gen/Tst_pirTest/LeNet_0/log/runtst.log,True,,,,,,,,,,,False,False,False,100,,,,,,,,False,,,,,,,,,,,,,,,,,,,,,46.131201671,,,"tungsten: src/main.cc:24: int main(int, char**): Assertion `x739_file.good() && ""File Const(/home/shadjis/spatial/DEVELOP_spatial-lang/csv_LeNetDNNW/data_in2.csv) does not exist""' failed.
",,False,False,,False
77599b3d,2019-05-29 21:12:34,LeNet_4,pirTest,Tst,1000000000.0,../gen/Tst_pirTest/LeNet_4/log/mappir.log,../gen/Tst_pirTest/LeNet_4/log/runpir.log,../gen/Tst_pirTest/LeNet_4/log/genpsim.log,../gen/Tst_pirTest/LeNet_4/log/gentrace.log,../gen/Tst_pirTest/LeNet_4/log/runpsim.log,../gen/Tst_pirTest/LeNet_4/log/runpsim.sh,../gen/Tst_pirTest/LeNet_4/log/runproute.log,../gen/Tst_pirTest/LeNet_4/log/runproute.sh,../gen/Tst_pirTest/LeNet_4/plastisim/summary.csv,../gen/Tst_pirTest/LeNet_4/pir/AccelMain.scala,../gen/Tst_pirTest/LeNet_4/log/,../gen/Tst_pirTest/LeNet_4/log/gentst.log,../gen/Tst_pirTest/LeNet_4/log/maketst.log,../gen/Tst_pirTest/LeNet_4/log/runtst.log,True,,,,,,,,,,,False,False,False,100,,,,,,,,False,,,,,,,,,,,,,,,,,,,,,112.612407357,"dram.cc:133:24: error: ‘double DRAMController::GetAverageTotalPower’ is not a static data member of ‘class DRAMController’
",,,,False,False,,False
77599b3d,2019-05-29 21:12:34,LogReg_0,pirTest,Tst,1000000000.0,../gen/Tst_pirTest/LogReg_0/log/mappir.log,../gen/Tst_pirTest/LogReg_0/log/runpir.log,../gen/Tst_pirTest/LogReg_0/log/genpsim.log,../gen/Tst_pirTest/LogReg_0/log/gentrace.log,../gen/Tst_pirTest/LogReg_0/log/runpsim.log,../gen/Tst_pirTest/LogReg_0/log/runpsim.sh,../gen/Tst_pirTest/LogReg_0/log/runproute.log,../gen/Tst_pirTest/LogReg_0/log/runproute.sh,../gen/Tst_pirTest/LogReg_0/plastisim/summary.csv,../gen/Tst_pirTest/LogReg_0/pir/AccelMain.scala,../gen/Tst_pirTest/LogReg_0/log/,../gen/Tst_pirTest/LogReg_0/log/gentst.log,../gen/Tst_pirTest/LogReg_0/log/maketst.log,../gen/Tst_pirTest/LogReg_0/log/runtst.log,True,,,,,,,,,,,False,False,False,100,,,,,,,,False,,,,,,,,,,,,,,,,,,,,,25.547248167,"dram.cc:133:24: error: ‘double DRAMController::GetAverageTotalPower’ is not a static data member of ‘class DRAMController’
",,,,False,False,,False
77599b3d,2019-05-29 21:12:34,LogReg_1,pirTest,Tst,1000000000.0,../gen/Tst_pirTest/LogReg_1/log/mappir.log,../gen/Tst_pirTest/LogReg_1/log/runpir.log,../gen/Tst_pirTest/LogReg_1/log/genpsim.log,../gen/Tst_pirTest/LogReg_1/log/gentrace.log,../gen/Tst_pirTest/LogReg_1/log/runpsim.log,../gen/Tst_pirTest/LogReg_1/log/runpsim.sh,../gen/Tst_pirTest/LogReg_1/log/runproute.log,../gen/Tst_pirTest/LogReg_1/log/runproute.sh,../gen/Tst_pirTest/LogReg_1/plastisim/summary.csv,../gen/Tst_pirTest/LogReg_1/pir/AccelMain.scala,../gen/Tst_pirTest/LogReg_1/log/,../gen/Tst_pirTest/LogReg_1/log/gentst.log,../gen/Tst_pirTest/LogReg_1/log/maketst.log,../gen/Tst_pirTest/LogReg_1/log/runtst.log,True,,,,,,,,,,,False,False,False,100,,,,,,,,False,,,,,,,,,,,,,,,,,,,,,34.068044777,,6371,,True,False,True,,True
77599b3d,2019-05-29 21:12:34,LogReg_2,pirTest,Tst,1000000000.0,../gen/Tst_pirTest/LogReg_2/log/mappir.log,../gen/Tst_pirTest/LogReg_2/log/runpir.log,../gen/Tst_pirTest/LogReg_2/log/genpsim.log,../gen/Tst_pirTest/LogReg_2/log/gentrace.log,../gen/Tst_pirTest/LogReg_2/log/runpsim.log,../gen/Tst_pirTest/LogReg_2/log/runpsim.sh,../gen/Tst_pirTest/LogReg_2/log/runproute.log,../gen/Tst_pirTest/LogReg_2/log/runproute.sh,../gen/Tst_pirTest/LogReg_2/plastisim/summary.csv,../gen/Tst_pirTest/LogReg_2/pir/AccelMain.scala,../gen/Tst_pirTest/LogReg_2/log/,../gen/Tst_pirTest/LogReg_2/log/gentst.log,../gen/Tst_pirTest/LogReg_2/log/maketst.log,../gen/Tst_pirTest/LogReg_2/log/runtst.log,True,,,,,,,,,,,False,False,False,100,,,,,,,,False,,,,,,,,,,,,,,,,,,,,,40.953459403,"dram.cc:133:24: error: ‘double DRAMController::GetAverageTotalPower’ is not a static data member of ‘class DRAMController’
",,,,False,False,,False
77599b3d,2019-05-29 21:12:34,LogReg_3,pirTest,Tst,1000000000.0,../gen/Tst_pirTest/LogReg_3/log/mappir.log,../gen/Tst_pirTest/LogReg_3/log/runpir.log,../gen/Tst_pirTest/LogReg_3/log/genpsim.log,../gen/Tst_pirTest/LogReg_3/log/gentrace.log,../gen/Tst_pirTest/LogReg_3/log/runpsim.log,../gen/Tst_pirTest/LogReg_3/log/runpsim.sh,../gen/Tst_pirTest/LogReg_3/log/runproute.log,../gen/Tst_pirTest/LogReg_3/log/runproute.sh,../gen/Tst_pirTest/LogReg_3/plastisim/summary.csv,../gen/Tst_pirTest/LogReg_3/pir/AccelMain.scala,../gen/Tst_pirTest/LogReg_3/log/,../gen/Tst_pirTest/LogReg_3/log/gentst.log,../gen/Tst_pirTest/LogReg_3/log/maketst.log,../gen/Tst_pirTest/LogReg_3/log/runtst.log,True,,,,,,,,,,,False,False,False,100,,,,,,,,False,,,,,,,,,,,,,,,,,,,,,62.475912296,,3445,,True,False,True,,True
77599b3d,2019-05-29 21:12:34,LogReg_4,pirTest,Tst,1000000000.0,../gen/Tst_pirTest/LogReg_4/log/mappir.log,../gen/Tst_pirTest/LogReg_4/log/runpir.log,../gen/Tst_pirTest/LogReg_4/log/genpsim.log,../gen/Tst_pirTest/LogReg_4/log/gentrace.log,../gen/Tst_pirTest/LogReg_4/log/runpsim.log,../gen/Tst_pirTest/LogReg_4/log/runpsim.sh,../gen/Tst_pirTest/LogReg_4/log/runproute.log,../gen/Tst_pirTest/LogReg_4/log/runproute.sh,../gen/Tst_pirTest/LogReg_4/plastisim/summary.csv,../gen/Tst_pirTest/LogReg_4/pir/AccelMain.scala,../gen/Tst_pirTest/LogReg_4/log/,../gen/Tst_pirTest/LogReg_4/log/gentst.log,../gen/Tst_pirTest/LogReg_4/log/maketst.log,../gen/Tst_pirTest/LogReg_4/log/runtst.log,True,,,,,,,,,,,False,False,False,100,,,,,,,,False,,,,,,,,,,,,,,,,,,,,,111.53202914,,1991,,True,False,True,,True
77599b3d,2019-05-29 21:12:34,LogReg_5,pirTest,Tst,1000000000.0,../gen/Tst_pirTest/LogReg_5/log/mappir.log,../gen/Tst_pirTest/LogReg_5/log/runpir.log,../gen/Tst_pirTest/LogReg_5/log/genpsim.log,../gen/Tst_pirTest/LogReg_5/log/gentrace.log,../gen/Tst_pirTest/LogReg_5/log/runpsim.log,../gen/Tst_pirTest/LogReg_5/log/runpsim.sh,../gen/Tst_pirTest/LogReg_5/log/runproute.log,../gen/Tst_pirTest/LogReg_5/log/runproute.sh,../gen/Tst_pirTest/LogReg_5/plastisim/summary.csv,../gen/Tst_pirTest/LogReg_5/pir/AccelMain.scala,../gen/Tst_pirTest/LogReg_5/log/,../gen/Tst_pirTest/LogReg_5/log/gentst.log,../gen/Tst_pirTest/LogReg_5/log/maketst.log,../gen/Tst_pirTest/LogReg_5/log/runtst.log,True,,,,,,,,,,,False,False,False,100,,,,,,,,False,,,,,,,,,,,,,,,,,,,,,143.752636021,,2151,,True,False,True,,True
77599b3d,2019-05-29 21:12:34,OuterProduct_0,pirTest,Tst,1000000000.0,../gen/Tst_pirTest/OuterProduct_0/log/mappir.log,../gen/Tst_pirTest/OuterProduct_0/log/runpir.log,../gen/Tst_pirTest/OuterProduct_0/log/genpsim.log,../gen/Tst_pirTest/OuterProduct_0/log/gentrace.log,../gen/Tst_pirTest/OuterProduct_0/log/runpsim.log,../gen/Tst_pirTest/OuterProduct_0/log/runpsim.sh,../gen/Tst_pirTest/OuterProduct_0/log/runproute.log,../gen/Tst_pirTest/OuterProduct_0/log/runproute.sh,../gen/Tst_pirTest/OuterProduct_0/plastisim/summary.csv,../gen/Tst_pirTest/OuterProduct_0/pir/AccelMain.scala,../gen/Tst_pirTest/OuterProduct_0/log/,../gen/Tst_pirTest/OuterProduct_0/log/gentst.log,../gen/Tst_pirTest/OuterProduct_0/log/maketst.log,../gen/Tst_pirTest/OuterProduct_0/log/runtst.log,True,,,,,,,,,,,False,False,False,100,,,,,,,,False,,,,,,,,,,,,,,,,,,,,,12.832575002,"dram.cc:133:24: error: ‘double DRAMController::GetAverageTotalPower’ is not a static data member of ‘class DRAMController’
",,,,False,False,,False
77599b3d,2019-05-29 21:12:34,OuterProduct_1,pirTest,Tst,1000000000.0,../gen/Tst_pirTest/OuterProduct_1/log/mappir.log,../gen/Tst_pirTest/OuterProduct_1/log/runpir.log,../gen/Tst_pirTest/OuterProduct_1/log/genpsim.log,../gen/Tst_pirTest/OuterProduct_1/log/gentrace.log,../gen/Tst_pirTest/OuterProduct_1/log/runpsim.log,../gen/Tst_pirTest/OuterProduct_1/log/runpsim.sh,../gen/Tst_pirTest/OuterProduct_1/log/runproute.log,../gen/Tst_pirTest/OuterProduct_1/log/runproute.sh,../gen/Tst_pirTest/OuterProduct_1/plastisim/summary.csv,../gen/Tst_pirTest/OuterProduct_1/pir/AccelMain.scala,../gen/Tst_pirTest/OuterProduct_1/log/,../gen/Tst_pirTest/OuterProduct_1/log/gentst.log,../gen/Tst_pirTest/OuterProduct_1/log/maketst.log,../gen/Tst_pirTest/OuterProduct_1/log/runtst.log,True,,,,,,,,,,,False,False,False,100,,,,,,,,False,,,,,,,,,,,,,,,,,,,,,12.558130345,"dram.cc:133:24: error: ‘double DRAMController::GetAverageTotalPower’ is not a static data member of ‘class DRAMController’
",,,,False,False,,False
77599b3d,2019-05-29 21:12:34,OuterProduct_2,pirTest,Tst,1000000000.0,../gen/Tst_pirTest/OuterProduct_2/log/mappir.log,../gen/Tst_pirTest/OuterProduct_2/log/runpir.log,../gen/Tst_pirTest/OuterProduct_2/log/genpsim.log,../gen/Tst_pirTest/OuterProduct_2/log/gentrace.log,../gen/Tst_pirTest/OuterProduct_2/log/runpsim.log,../gen/Tst_pirTest/OuterProduct_2/log/runpsim.sh,../gen/Tst_pirTest/OuterProduct_2/log/runproute.log,../gen/Tst_pirTest/OuterProduct_2/log/runproute.sh,../gen/Tst_pirTest/OuterProduct_2/plastisim/summary.csv,../gen/Tst_pirTest/OuterProduct_2/pir/AccelMain.scala,../gen/Tst_pirTest/OuterProduct_2/log/,../gen/Tst_pirTest/OuterProduct_2/log/gentst.log,../gen/Tst_pirTest/OuterProduct_2/log/maketst.log,../gen/Tst_pirTest/OuterProduct_2/log/runtst.log,True,,,,,,,,,,,False,False,False,100,,,,,,,,False,,,,,,,,,,,,,,,,,,,,,18.504132921,"dram.cc:133:24: error: ‘double DRAMController::GetAverageTotalPower’ is not a static data member of ‘class DRAMController’
",,,,False,False,,False
77599b3d,2019-05-29 21:12:34,OuterProduct_3,pirTest,Tst,1000000000.0,../gen/Tst_pirTest/OuterProduct_3/log/mappir.log,../gen/Tst_pirTest/OuterProduct_3/log/runpir.log,../gen/Tst_pirTest/OuterProduct_3/log/genpsim.log,../gen/Tst_pirTest/OuterProduct_3/log/gentrace.log,../gen/Tst_pirTest/OuterProduct_3/log/runpsim.log,../gen/Tst_pirTest/OuterProduct_3/log/runpsim.sh,../gen/Tst_pirTest/OuterProduct_3/log/runproute.log,../gen/Tst_pirTest/OuterProduct_3/log/runproute.sh,../gen/Tst_pirTest/OuterProduct_3/plastisim/summary.csv,../gen/Tst_pirTest/OuterProduct_3/pir/AccelMain.scala,../gen/Tst_pirTest/OuterProduct_3/log/,../gen/Tst_pirTest/OuterProduct_3/log/gentst.log,../gen/Tst_pirTest/OuterProduct_3/log/maketst.log,../gen/Tst_pirTest/OuterProduct_3/log/runtst.log,True,,,,,,,,,,,False,False,False,100,,,,,,,,False,,,,,,,,,,,,,,,,,,,,,19.084185399,"dram.cc:133:24: error: ‘double DRAMController::GetAverageTotalPower’ is not a static data member of ‘class DRAMController’
",,,,False,False,,False
77599b3d,2019-05-29 21:12:34,OuterProduct_4,pirTest,Tst,1000000000.0,../gen/Tst_pirTest/OuterProduct_4/log/mappir.log,../gen/Tst_pirTest/OuterProduct_4/log/runpir.log,../gen/Tst_pirTest/OuterProduct_4/log/genpsim.log,../gen/Tst_pirTest/OuterProduct_4/log/gentrace.log,../gen/Tst_pirTest/OuterProduct_4/log/runpsim.log,../gen/Tst_pirTest/OuterProduct_4/log/runpsim.sh,../gen/Tst_pirTest/OuterProduct_4/log/runproute.log,../gen/Tst_pirTest/OuterProduct_4/log/runproute.sh,../gen/Tst_pirTest/OuterProduct_4/plastisim/summary.csv,../gen/Tst_pirTest/OuterProduct_4/pir/AccelMain.scala,../gen/Tst_pirTest/OuterProduct_4/log/,../gen/Tst_pirTest/OuterProduct_4/log/gentst.log,../gen/Tst_pirTest/OuterProduct_4/log/maketst.log,../gen/Tst_pirTest/OuterProduct_4/log/runtst.log,True,,,,,,,,,,,False,False,False,100,,,,,,,,False,,,,,,,,,,,,,,,,,,,,,33.006280921,"dram.cc:139:1: error: expected primary-expression before ‘}’ token
",,,,False,False,,False
77599b3d,2019-05-29 21:12:34,OuterProduct_5,pirTest,Tst,1000000000.0,../gen/Tst_pirTest/OuterProduct_5/log/mappir.log,../gen/Tst_pirTest/OuterProduct_5/log/runpir.log,../gen/Tst_pirTest/OuterProduct_5/log/genpsim.log,../gen/Tst_pirTest/OuterProduct_5/log/gentrace.log,../gen/Tst_pirTest/OuterProduct_5/log/runpsim.log,../gen/Tst_pirTest/OuterProduct_5/log/runpsim.sh,../gen/Tst_pirTest/OuterProduct_5/log/runproute.log,../gen/Tst_pirTest/OuterProduct_5/log/runproute.sh,../gen/Tst_pirTest/OuterProduct_5/plastisim/summary.csv,../gen/Tst_pirTest/OuterProduct_5/pir/AccelMain.scala,../gen/Tst_pirTest/OuterProduct_5/log/,../gen/Tst_pirTest/OuterProduct_5/log/gentst.log,../gen/Tst_pirTest/OuterProduct_5/log/maketst.log,../gen/Tst_pirTest/OuterProduct_5/log/runtst.log,True,,,,,,,,,,,False,False,False,100,,,,,,,,False,,,,,,,,,,,,,,,,,,,,,36.027309242,"dram.cc:133:24: error: ‘double DRAMController::GetAverageTotalPower’ is not a static data member of ‘class DRAMController’
",,,,False,False,,False
77599b3d,2019-05-29 21:12:34,OuterProduct_6,pirTest,Tst,1000000000.0,../gen/Tst_pirTest/OuterProduct_6/log/mappir.log,../gen/Tst_pirTest/OuterProduct_6/log/runpir.log,../gen/Tst_pirTest/OuterProduct_6/log/genpsim.log,../gen/Tst_pirTest/OuterProduct_6/log/gentrace.log,../gen/Tst_pirTest/OuterProduct_6/log/runpsim.log,../gen/Tst_pirTest/OuterProduct_6/log/runpsim.sh,../gen/Tst_pirTest/OuterProduct_6/log/runproute.log,../gen/Tst_pirTest/OuterProduct_6/log/runproute.sh,../gen/Tst_pirTest/OuterProduct_6/plastisim/summary.csv,../gen/Tst_pirTest/OuterProduct_6/pir/AccelMain.scala,../gen/Tst_pirTest/OuterProduct_6/log/,../gen/Tst_pirTest/OuterProduct_6/log/gentst.log,../gen/Tst_pirTest/OuterProduct_6/log/maketst.log,../gen/Tst_pirTest/OuterProduct_6/log/runtst.log,True,,,,,,,,,,,False,False,False,100,,,,,,,,False,,,,,,,,,,,,,,,,,,,,,11.939567622,"dram.cc:133:24: error: ‘double DRAMController::GetAverageTotalPower’ is not a static data member of ‘class DRAMController’
",,,,False,False,,False
77599b3d,2019-05-29 21:12:34,OuterProduct_7,pirTest,Tst,1000000000.0,../gen/Tst_pirTest/OuterProduct_7/log/mappir.log,../gen/Tst_pirTest/OuterProduct_7/log/runpir.log,../gen/Tst_pirTest/OuterProduct_7/log/genpsim.log,../gen/Tst_pirTest/OuterProduct_7/log/gentrace.log,../gen/Tst_pirTest/OuterProduct_7/log/runpsim.log,../gen/Tst_pirTest/OuterProduct_7/log/runpsim.sh,../gen/Tst_pirTest/OuterProduct_7/log/runproute.log,../gen/Tst_pirTest/OuterProduct_7/log/runproute.sh,../gen/Tst_pirTest/OuterProduct_7/plastisim/summary.csv,../gen/Tst_pirTest/OuterProduct_7/pir/AccelMain.scala,../gen/Tst_pirTest/OuterProduct_7/log/,../gen/Tst_pirTest/OuterProduct_7/log/gentst.log,../gen/Tst_pirTest/OuterProduct_7/log/maketst.log,../gen/Tst_pirTest/OuterProduct_7/log/runtst.log,True,,,,,,,,,,,False,False,False,100,,,,,,,,False,,,,,,,,,,,,,,,,,,,,,19.342852879,"dram.cc:133:24: error: ‘double DRAMController::GetAverageTotalPower’ is not a static data member of ‘class DRAMController’
",,,,False,False,,False
77599b3d,2019-05-29 21:12:34,OuterProduct_8,pirTest,Tst,1000000000.0,../gen/Tst_pirTest/OuterProduct_8/log/mappir.log,../gen/Tst_pirTest/OuterProduct_8/log/runpir.log,../gen/Tst_pirTest/OuterProduct_8/log/genpsim.log,../gen/Tst_pirTest/OuterProduct_8/log/gentrace.log,../gen/Tst_pirTest/OuterProduct_8/log/runpsim.log,../gen/Tst_pirTest/OuterProduct_8/log/runpsim.sh,../gen/Tst_pirTest/OuterProduct_8/log/runproute.log,../gen/Tst_pirTest/OuterProduct_8/log/runproute.sh,../gen/Tst_pirTest/OuterProduct_8/plastisim/summary.csv,../gen/Tst_pirTest/OuterProduct_8/pir/AccelMain.scala,../gen/Tst_pirTest/OuterProduct_8/log/,../gen/Tst_pirTest/OuterProduct_8/log/gentst.log,../gen/Tst_pirTest/OuterProduct_8/log/maketst.log,../gen/Tst_pirTest/OuterProduct_8/log/runtst.log,True,,,,,,,,,,,False,False,False,100,,,,,,,,False,,,,,,,,,,,,,,,,,,,,,19.118079569,"dram.cc:133:24: error: ‘double DRAMController::GetAverageTotalPower’ is not a static data member of ‘class DRAMController’
",,,,False,False,,False
77599b3d,2019-05-29 21:12:34,SGD_0,pirTest,Tst,1000000000.0,../gen/Tst_pirTest/SGD_0/log/mappir.log,../gen/Tst_pirTest/SGD_0/log/runpir.log,../gen/Tst_pirTest/SGD_0/log/genpsim.log,../gen/Tst_pirTest/SGD_0/log/gentrace.log,../gen/Tst_pirTest/SGD_0/log/runpsim.log,../gen/Tst_pirTest/SGD_0/log/runpsim.sh,../gen/Tst_pirTest/SGD_0/log/runproute.log,../gen/Tst_pirTest/SGD_0/log/runproute.sh,../gen/Tst_pirTest/SGD_0/plastisim/summary.csv,../gen/Tst_pirTest/SGD_0/pir/AccelMain.scala,../gen/Tst_pirTest/SGD_0/log/,../gen/Tst_pirTest/SGD_0/log/gentst.log,../gen/Tst_pirTest/SGD_0/log/maketst.log,../gen/Tst_pirTest/SGD_0/log/runtst.log,True,,,,,,,,,,,False,False,False,100,,,,,,,,False,,,,,,,,,,,,,,,,,,,,,20.501346425,"dram.cc:133:24: error: ‘double DRAMController::GetAverageTotalPower’ is not a static data member of ‘class DRAMController’
",,,,False,False,,False
77599b3d,2019-05-29 21:12:34,SGD_1,pirTest,Tst,1000000000.0,../gen/Tst_pirTest/SGD_1/log/mappir.log,../gen/Tst_pirTest/SGD_1/log/runpir.log,../gen/Tst_pirTest/SGD_1/log/genpsim.log,../gen/Tst_pirTest/SGD_1/log/gentrace.log,../gen/Tst_pirTest/SGD_1/log/runpsim.log,../gen/Tst_pirTest/SGD_1/log/runpsim.sh,../gen/Tst_pirTest/SGD_1/log/runproute.log,../gen/Tst_pirTest/SGD_1/log/runproute.sh,../gen/Tst_pirTest/SGD_1/plastisim/summary.csv,../gen/Tst_pirTest/SGD_1/pir/AccelMain.scala,../gen/Tst_pirTest/SGD_1/log/,../gen/Tst_pirTest/SGD_1/log/gentst.log,../gen/Tst_pirTest/SGD_1/log/maketst.log,../gen/Tst_pirTest/SGD_1/log/runtst.log,True,,,,,,,,,,,False,False,False,100,,,,,,,,False,,,,,,,,,,,,,,,,,,,,,26.796180169,"dram.cc:139:1: error: expected primary-expression before ‘}’ token
",,,,False,False,,False
77599b3d,2019-05-29 21:12:34,SGD_2,pirTest,Tst,1000000000.0,../gen/Tst_pirTest/SGD_2/log/mappir.log,../gen/Tst_pirTest/SGD_2/log/runpir.log,../gen/Tst_pirTest/SGD_2/log/genpsim.log,../gen/Tst_pirTest/SGD_2/log/gentrace.log,../gen/Tst_pirTest/SGD_2/log/runpsim.log,../gen/Tst_pirTest/SGD_2/log/runpsim.sh,../gen/Tst_pirTest/SGD_2/log/runproute.log,../gen/Tst_pirTest/SGD_2/log/runproute.sh,../gen/Tst_pirTest/SGD_2/plastisim/summary.csv,../gen/Tst_pirTest/SGD_2/pir/AccelMain.scala,../gen/Tst_pirTest/SGD_2/log/,../gen/Tst_pirTest/SGD_2/log/gentst.log,../gen/Tst_pirTest/SGD_2/log/maketst.log,../gen/Tst_pirTest/SGD_2/log/runtst.log,True,,,,,,,,,,,False,False,False,100,,,,,,,,False,,,,,,,,,,,,,,,,,,,,,24.698491095,,15333,,True,False,True,,True
77599b3d,2019-05-29 21:12:34,SGD_3,pirTest,Tst,1000000000.0,../gen/Tst_pirTest/SGD_3/log/mappir.log,../gen/Tst_pirTest/SGD_3/log/runpir.log,../gen/Tst_pirTest/SGD_3/log/genpsim.log,../gen/Tst_pirTest/SGD_3/log/gentrace.log,../gen/Tst_pirTest/SGD_3/log/runpsim.log,../gen/Tst_pirTest/SGD_3/log/runpsim.sh,../gen/Tst_pirTest/SGD_3/log/runproute.log,../gen/Tst_pirTest/SGD_3/log/runproute.sh,../gen/Tst_pirTest/SGD_3/plastisim/summary.csv,../gen/Tst_pirTest/SGD_3/pir/AccelMain.scala,../gen/Tst_pirTest/SGD_3/log/,../gen/Tst_pirTest/SGD_3/log/gentst.log,../gen/Tst_pirTest/SGD_3/log/maketst.log,../gen/Tst_pirTest/SGD_3/log/runtst.log,True,,,,,,,,,,,False,False,False,100,,,,,,,,False,,,,,,,,,,,,,,,,,,,,,32.545517638,"dram.cc:139:1: error: expected primary-expression before ‘}’ token
",,,,False,False,,False
77599b3d,2019-05-29 21:12:34,SimpleDotProduct_0,pirTest,Tst,1000000000.0,../gen/Tst_pirTest/SimpleDotProduct_0/log/mappir.log,../gen/Tst_pirTest/SimpleDotProduct_0/log/runpir.log,../gen/Tst_pirTest/SimpleDotProduct_0/log/genpsim.log,../gen/Tst_pirTest/SimpleDotProduct_0/log/gentrace.log,../gen/Tst_pirTest/SimpleDotProduct_0/log/runpsim.log,../gen/Tst_pirTest/SimpleDotProduct_0/log/runpsim.sh,../gen/Tst_pirTest/SimpleDotProduct_0/log/runproute.log,../gen/Tst_pirTest/SimpleDotProduct_0/log/runproute.sh,../gen/Tst_pirTest/SimpleDotProduct_0/plastisim/summary.csv,../gen/Tst_pirTest/SimpleDotProduct_0/pir/AccelMain.scala,../gen/Tst_pirTest/SimpleDotProduct_0/log/,../gen/Tst_pirTest/SimpleDotProduct_0/log/gentst.log,../gen/Tst_pirTest/SimpleDotProduct_0/log/maketst.log,../gen/Tst_pirTest/SimpleDotProduct_0/log/runtst.log,True,,,,,,,,,,,False,False,False,100,,,,,,,,False,,,,,,,,,,,,,,,,,,,,,7.188369223,"dram.cc:133:24: error: ‘double DRAMController::GetAverageTotalPower’ is not a static data member of ‘class DRAMController’
",,,,False,False,,False
77599b3d,2019-05-29 21:12:34,SimpleDotProduct_1,pirTest,Tst,1000000000.0,../gen/Tst_pirTest/SimpleDotProduct_1/log/mappir.log,../gen/Tst_pirTest/SimpleDotProduct_1/log/runpir.log,../gen/Tst_pirTest/SimpleDotProduct_1/log/genpsim.log,../gen/Tst_pirTest/SimpleDotProduct_1/log/gentrace.log,../gen/Tst_pirTest/SimpleDotProduct_1/log/runpsim.log,../gen/Tst_pirTest/SimpleDotProduct_1/log/runpsim.sh,../gen/Tst_pirTest/SimpleDotProduct_1/log/runproute.log,../gen/Tst_pirTest/SimpleDotProduct_1/log/runproute.sh,../gen/Tst_pirTest/SimpleDotProduct_1/plastisim/summary.csv,../gen/Tst_pirTest/SimpleDotProduct_1/pir/AccelMain.scala,../gen/Tst_pirTest/SimpleDotProduct_1/log/,../gen/Tst_pirTest/SimpleDotProduct_1/log/gentst.log,../gen/Tst_pirTest/SimpleDotProduct_1/log/maketst.log,../gen/Tst_pirTest/SimpleDotProduct_1/log/runtst.log,True,,,,,,,,,,,False,False,False,100,,,,,,,,False,,,,,,,,,,,,,,,,,,,,,8.633806597,"dram.cc:139:1: error: expected primary-expression before ‘}’ token
",,,,False,False,,False
77599b3d,2019-05-29 21:12:34,SplitStream,pirTest,Tst,1000000000.0,../gen/Tst_pirTest/SplitStream/log/mappir.log,../gen/Tst_pirTest/SplitStream/log/runpir.log,../gen/Tst_pirTest/SplitStream/log/genpsim.log,../gen/Tst_pirTest/SplitStream/log/gentrace.log,../gen/Tst_pirTest/SplitStream/log/runpsim.log,../gen/Tst_pirTest/SplitStream/log/runpsim.sh,../gen/Tst_pirTest/SplitStream/log/runproute.log,../gen/Tst_pirTest/SplitStream/log/runproute.sh,../gen/Tst_pirTest/SplitStream/plastisim/summary.csv,../gen/Tst_pirTest/SplitStream/pir/AccelMain.scala,../gen/Tst_pirTest/SplitStream/log/,../gen/Tst_pirTest/SplitStream/log/gentst.log,../gen/Tst_pirTest/SplitStream/log/maketst.log,../gen/Tst_pirTest/SplitStream/log/runtst.log,False,[bug] Encountered exception while updating node,,,,,,,,,,False,False,False,100,,,,,,,,False,,,,,,,,,,,,,,,,,,,,,,,,,,False,False,,False
77599b3d,2019-05-29 21:12:34,SplitStream2,pirTest,Tst,1000000000.0,../gen/Tst_pirTest/SplitStream2/log/mappir.log,../gen/Tst_pirTest/SplitStream2/log/runpir.log,../gen/Tst_pirTest/SplitStream2/log/genpsim.log,../gen/Tst_pirTest/SplitStream2/log/gentrace.log,../gen/Tst_pirTest/SplitStream2/log/runpsim.log,../gen/Tst_pirTest/SplitStream2/log/runpsim.sh,../gen/Tst_pirTest/SplitStream2/log/runproute.log,../gen/Tst_pirTest/SplitStream2/log/runproute.sh,../gen/Tst_pirTest/SplitStream2/plastisim/summary.csv,../gen/Tst_pirTest/SplitStream2/pir/AccelMain.scala,../gen/Tst_pirTest/SplitStream2/log/,../gen/Tst_pirTest/SplitStream2/log/gentst.log,../gen/Tst_pirTest/SplitStream2/log/maketst.log,../gen/Tst_pirTest/SplitStream2/log/runtst.log,False,[bug] Encountered exception while updating node,,,,,,,,,,False,False,False,100,,,,,,,,False,,,,,,,,,,,,,,,,,,,,,,,,,,False,False,,False
77599b3d,2019-05-29 21:12:34,StreamDotProduct_0,pirTest,Tst,1000000000.0,../gen/Tst_pirTest/StreamDotProduct_0/log/mappir.log,../gen/Tst_pirTest/StreamDotProduct_0/log/runpir.log,../gen/Tst_pirTest/StreamDotProduct_0/log/genpsim.log,../gen/Tst_pirTest/StreamDotProduct_0/log/gentrace.log,../gen/Tst_pirTest/StreamDotProduct_0/log/runpsim.log,../gen/Tst_pirTest/StreamDotProduct_0/log/runpsim.sh,../gen/Tst_pirTest/StreamDotProduct_0/log/runproute.log,../gen/Tst_pirTest/StreamDotProduct_0/log/runproute.sh,../gen/Tst_pirTest/StreamDotProduct_0/plastisim/summary.csv,../gen/Tst_pirTest/StreamDotProduct_0/pir/AccelMain.scala,../gen/Tst_pirTest/StreamDotProduct_0/log/,../gen/Tst_pirTest/StreamDotProduct_0/log/gentst.log,../gen/Tst_pirTest/StreamDotProduct_0/log/maketst.log,../gen/Tst_pirTest/StreamDotProduct_0/log/runtst.log,True,,,,,,,,,,,False,False,False,100,,,,,,,,False,,,,,,,,,,,,,,,,,,,,,7.954718226,"dram.cc:133:24: error: ‘double DRAMController::GetAverageTotalPower’ is not a static data member of ‘class DRAMController’
",,,,False,False,,False
77599b3d,2019-05-29 21:12:34,StreamDotProduct_1,pirTest,Tst,1000000000.0,../gen/Tst_pirTest/StreamDotProduct_1/log/mappir.log,../gen/Tst_pirTest/StreamDotProduct_1/log/runpir.log,../gen/Tst_pirTest/StreamDotProduct_1/log/genpsim.log,../gen/Tst_pirTest/StreamDotProduct_1/log/gentrace.log,../gen/Tst_pirTest/StreamDotProduct_1/log/runpsim.log,../gen/Tst_pirTest/StreamDotProduct_1/log/runpsim.sh,../gen/Tst_pirTest/StreamDotProduct_1/log/runproute.log,../gen/Tst_pirTest/StreamDotProduct_1/log/runproute.sh,../gen/Tst_pirTest/StreamDotProduct_1/plastisim/summary.csv,../gen/Tst_pirTest/StreamDotProduct_1/pir/AccelMain.scala,../gen/Tst_pirTest/StreamDotProduct_1/log/,../gen/Tst_pirTest/StreamDotProduct_1/log/gentst.log,../gen/Tst_pirTest/StreamDotProduct_1/log/maketst.log,../gen/Tst_pirTest/StreamDotProduct_1/log/runtst.log,True,,,,,,,,,,,False,False,False,100,,,,,,,,False,,,,,,,,,,,,,,,,,,,,,10.312201943,"dram.cc:133:8: error: prototype for ‘double DRAMController::GetAverageTotalPower(double)’ does not match any in class ‘DRAMController’
",,,,False,False,,False
77599b3d,2019-05-29 21:12:34,StreamDotProduct_2,pirTest,Tst,1000000000.0,../gen/Tst_pirTest/StreamDotProduct_2/log/mappir.log,../gen/Tst_pirTest/StreamDotProduct_2/log/runpir.log,../gen/Tst_pirTest/StreamDotProduct_2/log/genpsim.log,../gen/Tst_pirTest/StreamDotProduct_2/log/gentrace.log,../gen/Tst_pirTest/StreamDotProduct_2/log/runpsim.log,../gen/Tst_pirTest/StreamDotProduct_2/log/runpsim.sh,../gen/Tst_pirTest/StreamDotProduct_2/log/runproute.log,../gen/Tst_pirTest/StreamDotProduct_2/log/runproute.sh,../gen/Tst_pirTest/StreamDotProduct_2/plastisim/summary.csv,../gen/Tst_pirTest/StreamDotProduct_2/pir/AccelMain.scala,../gen/Tst_pirTest/StreamDotProduct_2/log/,../gen/Tst_pirTest/StreamDotProduct_2/log/gentst.log,../gen/Tst_pirTest/StreamDotProduct_2/log/maketst.log,../gen/Tst_pirTest/StreamDotProduct_2/log/runtst.log,True,,,,,,,,,,,False,False,False,100,,,,,,,,False,,,,,,,,,,,,,,,,,,,,,8.451219711,"dram.cc:139:1: error: expected primary-expression before ‘}’ token
",,,,False,False,,False
77599b3d,2019-05-29 21:12:34,StreamDotProduct_3,pirTest,Tst,1000000000.0,../gen/Tst_pirTest/StreamDotProduct_3/log/mappir.log,../gen/Tst_pirTest/StreamDotProduct_3/log/runpir.log,../gen/Tst_pirTest/StreamDotProduct_3/log/genpsim.log,../gen/Tst_pirTest/StreamDotProduct_3/log/gentrace.log,../gen/Tst_pirTest/StreamDotProduct_3/log/runpsim.log,../gen/Tst_pirTest/StreamDotProduct_3/log/runpsim.sh,../gen/Tst_pirTest/StreamDotProduct_3/log/runproute.log,../gen/Tst_pirTest/StreamDotProduct_3/log/runproute.sh,../gen/Tst_pirTest/StreamDotProduct_3/plastisim/summary.csv,../gen/Tst_pirTest/StreamDotProduct_3/pir/AccelMain.scala,../gen/Tst_pirTest/StreamDotProduct_3/log/,../gen/Tst_pirTest/StreamDotProduct_3/log/gentst.log,../gen/Tst_pirTest/StreamDotProduct_3/log/maketst.log,../gen/Tst_pirTest/StreamDotProduct_3/log/runtst.log,True,,,,,,,,,,,False,False,False,100,,,,,,,,False,,,,,,,,,,,,,,,,,,,,,12.22106979,"dram.cc:133:24: error: ‘double DRAMController::GetAverageTotalPower’ is not a static data member of ‘class DRAMController’
",,,,False,False,,False
77599b3d,2019-05-29 21:12:34,StreamDotProduct_4,pirTest,Tst,1000000000.0,../gen/Tst_pirTest/StreamDotProduct_4/log/mappir.log,../gen/Tst_pirTest/StreamDotProduct_4/log/runpir.log,../gen/Tst_pirTest/StreamDotProduct_4/log/genpsim.log,../gen/Tst_pirTest/StreamDotProduct_4/log/gentrace.log,../gen/Tst_pirTest/StreamDotProduct_4/log/runpsim.log,../gen/Tst_pirTest/StreamDotProduct_4/log/runpsim.sh,../gen/Tst_pirTest/StreamDotProduct_4/log/runproute.log,../gen/Tst_pirTest/StreamDotProduct_4/log/runproute.sh,../gen/Tst_pirTest/StreamDotProduct_4/plastisim/summary.csv,../gen/Tst_pirTest/StreamDotProduct_4/pir/AccelMain.scala,../gen/Tst_pirTest/StreamDotProduct_4/log/,../gen/Tst_pirTest/StreamDotProduct_4/log/gentst.log,../gen/Tst_pirTest/StreamDotProduct_4/log/maketst.log,../gen/Tst_pirTest/StreamDotProduct_4/log/runtst.log,True,,,,,,,,,,,False,False,False,100,,,,,,,,False,,,,,,,,,,,,,,,,,,,,,13.406001074,"dram.cc:139:1: error: expected primary-expression before ‘}’ token
",,,,False,False,,False
77599b3d,2019-05-29 21:12:34,StreamInOut,pirTest,Tst,1000000000.0,../gen/Tst_pirTest/StreamInOut/log/mappir.log,../gen/Tst_pirTest/StreamInOut/log/runpir.log,../gen/Tst_pirTest/StreamInOut/log/genpsim.log,../gen/Tst_pirTest/StreamInOut/log/gentrace.log,../gen/Tst_pirTest/StreamInOut/log/runpsim.log,../gen/Tst_pirTest/StreamInOut/log/runpsim.sh,../gen/Tst_pirTest/StreamInOut/log/runproute.log,../gen/Tst_pirTest/StreamInOut/log/runproute.sh,../gen/Tst_pirTest/StreamInOut/plastisim/summary.csv,../gen/Tst_pirTest/StreamInOut/pir/AccelMain.scala,../gen/Tst_pirTest/StreamInOut/log/,../gen/Tst_pirTest/StreamInOut/log/gentst.log,../gen/Tst_pirTest/StreamInOut/log/maketst.log,../gen/Tst_pirTest/StreamInOut/log/runtst.log,True,,,,,,,,,,,False,False,False,100,,,,,,,,False,,,,,,,,,,,,,,,,,,,,,4.168695904,"dram.cc:139:1: error: expected primary-expression before ‘}’ token
",,,,False,False,,False
77599b3d,2019-05-29 21:12:34,StreamInOutStop,pirTest,Tst,1000000000.0,../gen/Tst_pirTest/StreamInOutStop/log/mappir.log,../gen/Tst_pirTest/StreamInOutStop/log/runpir.log,../gen/Tst_pirTest/StreamInOutStop/log/genpsim.log,../gen/Tst_pirTest/StreamInOutStop/log/gentrace.log,../gen/Tst_pirTest/StreamInOutStop/log/runpsim.log,../gen/Tst_pirTest/StreamInOutStop/log/runpsim.sh,../gen/Tst_pirTest/StreamInOutStop/log/runproute.log,../gen/Tst_pirTest/StreamInOutStop/log/runproute.sh,../gen/Tst_pirTest/StreamInOutStop/plastisim/summary.csv,../gen/Tst_pirTest/StreamInOutStop/pir/AccelMain.scala,../gen/Tst_pirTest/StreamInOutStop/log/,../gen/Tst_pirTest/StreamInOutStop/log/gentst.log,../gen/Tst_pirTest/StreamInOutStop/log/maketst.log,../gen/Tst_pirTest/StreamInOutStop/log/runtst.log,True,,,,,,,,,,,False,False,False,100,,,,,,,,False,,,,,,,,,,,,,,,,,,,,,4.260245491,"dram.cc:138:30: error: ‘cycle’ was not declared in this scope
",,,,False,False,,False
77599b3d,2019-05-29 21:12:34,StreamNN_0,pirTest,Tst,1000000000.0,../gen/Tst_pirTest/StreamNN_0/log/mappir.log,../gen/Tst_pirTest/StreamNN_0/log/runpir.log,../gen/Tst_pirTest/StreamNN_0/log/genpsim.log,../gen/Tst_pirTest/StreamNN_0/log/gentrace.log,../gen/Tst_pirTest/StreamNN_0/log/runpsim.log,../gen/Tst_pirTest/StreamNN_0/log/runpsim.sh,../gen/Tst_pirTest/StreamNN_0/log/runproute.log,../gen/Tst_pirTest/StreamNN_0/log/runproute.sh,../gen/Tst_pirTest/StreamNN_0/plastisim/summary.csv,../gen/Tst_pirTest/StreamNN_0/pir/AccelMain.scala,../gen/Tst_pirTest/StreamNN_0/log/,../gen/Tst_pirTest/StreamNN_0/log/gentst.log,../gen/Tst_pirTest/StreamNN_0/log/maketst.log,../gen/Tst_pirTest/StreamNN_0/log/runtst.log,True,,,,,,,,,,,False,False,False,100,,,,,,,,False,,,,,,,,,,,,,,,,,,,,,11.386713499,"dram.cc:133:24: error: ‘double DRAMController::GetAverageTotalPower’ is not a static data member of ‘class DRAMController’
",,,,False,False,,False
77599b3d,2019-05-29 21:12:34,StreamNN_1,pirTest,Tst,1000000000.0,../gen/Tst_pirTest/StreamNN_1/log/mappir.log,../gen/Tst_pirTest/StreamNN_1/log/runpir.log,../gen/Tst_pirTest/StreamNN_1/log/genpsim.log,../gen/Tst_pirTest/StreamNN_1/log/gentrace.log,../gen/Tst_pirTest/StreamNN_1/log/runpsim.log,../gen/Tst_pirTest/StreamNN_1/log/runpsim.sh,../gen/Tst_pirTest/StreamNN_1/log/runproute.log,../gen/Tst_pirTest/StreamNN_1/log/runproute.sh,../gen/Tst_pirTest/StreamNN_1/plastisim/summary.csv,../gen/Tst_pirTest/StreamNN_1/pir/AccelMain.scala,../gen/Tst_pirTest/StreamNN_1/log/,../gen/Tst_pirTest/StreamNN_1/log/gentst.log,../gen/Tst_pirTest/StreamNN_1/log/maketst.log,../gen/Tst_pirTest/StreamNN_1/log/runtst.log,True,,,,,,,,,,,False,False,False,100,,,,,,,,False,,,,,,,,,,,,,,,,,,,,,18.616287437,"dram.cc:139:1: error: expected primary-expression before ‘}’ token
",,,,False,False,,False
77599b3d,2019-05-29 21:12:34,StreamNN_2,pirTest,Tst,1000000000.0,../gen/Tst_pirTest/StreamNN_2/log/mappir.log,../gen/Tst_pirTest/StreamNN_2/log/runpir.log,../gen/Tst_pirTest/StreamNN_2/log/genpsim.log,../gen/Tst_pirTest/StreamNN_2/log/gentrace.log,../gen/Tst_pirTest/StreamNN_2/log/runpsim.log,../gen/Tst_pirTest/StreamNN_2/log/runpsim.sh,../gen/Tst_pirTest/StreamNN_2/log/runproute.log,../gen/Tst_pirTest/StreamNN_2/log/runproute.sh,../gen/Tst_pirTest/StreamNN_2/plastisim/summary.csv,../gen/Tst_pirTest/StreamNN_2/pir/AccelMain.scala,../gen/Tst_pirTest/StreamNN_2/log/,../gen/Tst_pirTest/StreamNN_2/log/gentst.log,../gen/Tst_pirTest/StreamNN_2/log/maketst.log,../gen/Tst_pirTest/StreamNN_2/log/runtst.log,True,,,,,,,,,,,False,False,False,100,,,,,,,,False,,,,,,,,,,,,,,,,,,,,,13.509321306,"dram.cc:139:1: error: expected primary-expression before ‘}’ token
",,,,False,False,,False
77599b3d,2019-05-29 21:12:34,StreamNN_3,pirTest,Tst,1000000000.0,../gen/Tst_pirTest/StreamNN_3/log/mappir.log,../gen/Tst_pirTest/StreamNN_3/log/runpir.log,../gen/Tst_pirTest/StreamNN_3/log/genpsim.log,../gen/Tst_pirTest/StreamNN_3/log/gentrace.log,../gen/Tst_pirTest/StreamNN_3/log/runpsim.log,../gen/Tst_pirTest/StreamNN_3/log/runpsim.sh,../gen/Tst_pirTest/StreamNN_3/log/runproute.log,../gen/Tst_pirTest/StreamNN_3/log/runproute.sh,../gen/Tst_pirTest/StreamNN_3/plastisim/summary.csv,../gen/Tst_pirTest/StreamNN_3/pir/AccelMain.scala,../gen/Tst_pirTest/StreamNN_3/log/,../gen/Tst_pirTest/StreamNN_3/log/gentst.log,../gen/Tst_pirTest/StreamNN_3/log/maketst.log,../gen/Tst_pirTest/StreamNN_3/log/runtst.log,True,,,,,,,,,,,False,False,False,100,,,,,,,,False,,,,,,,,,,,,,,,,,,,,,21.552428216,"dram.cc:133:24: error: ‘double DRAMController::GetAverageTotalPower’ is not a static data member of ‘class DRAMController’
",,,,False,False,,False
77599b3d,2019-05-29 21:12:34,StreamNN_4,pirTest,Tst,1000000000.0,../gen/Tst_pirTest/StreamNN_4/log/mappir.log,../gen/Tst_pirTest/StreamNN_4/log/runpir.log,../gen/Tst_pirTest/StreamNN_4/log/genpsim.log,../gen/Tst_pirTest/StreamNN_4/log/gentrace.log,../gen/Tst_pirTest/StreamNN_4/log/runpsim.log,../gen/Tst_pirTest/StreamNN_4/log/runpsim.sh,../gen/Tst_pirTest/StreamNN_4/log/runproute.log,../gen/Tst_pirTest/StreamNN_4/log/runproute.sh,../gen/Tst_pirTest/StreamNN_4/plastisim/summary.csv,../gen/Tst_pirTest/StreamNN_4/pir/AccelMain.scala,../gen/Tst_pirTest/StreamNN_4/log/,../gen/Tst_pirTest/StreamNN_4/log/gentst.log,../gen/Tst_pirTest/StreamNN_4/log/maketst.log,../gen/Tst_pirTest/StreamNN_4/log/runtst.log,True,,,,,,,,,,,False,False,False,100,,,,,,,,False,,,,,,,,,,,,,,,,,,,,,32.308011757,,14529,,True,False,True,,True
77599b3d,2019-05-29 21:12:34,StreamNN_5,pirTest,Tst,1000000000.0,../gen/Tst_pirTest/StreamNN_5/log/mappir.log,../gen/Tst_pirTest/StreamNN_5/log/runpir.log,../gen/Tst_pirTest/StreamNN_5/log/genpsim.log,../gen/Tst_pirTest/StreamNN_5/log/gentrace.log,../gen/Tst_pirTest/StreamNN_5/log/runpsim.log,../gen/Tst_pirTest/StreamNN_5/log/runpsim.sh,../gen/Tst_pirTest/StreamNN_5/log/runproute.log,../gen/Tst_pirTest/StreamNN_5/log/runproute.sh,../gen/Tst_pirTest/StreamNN_5/plastisim/summary.csv,../gen/Tst_pirTest/StreamNN_5/pir/AccelMain.scala,../gen/Tst_pirTest/StreamNN_5/log/,../gen/Tst_pirTest/StreamNN_5/log/gentst.log,../gen/Tst_pirTest/StreamNN_5/log/maketst.log,../gen/Tst_pirTest/StreamNN_5/log/runtst.log,True,,,,,,,,,,,False,False,False,100,,,,,,,,False,,,,,,,,,,,,,,,,,,,,,16.554809572,"dram.cc:133:24: error: ‘double DRAMController::GetAverageTotalPower’ is not a static data member of ‘class DRAMController’
",,,,False,False,,False
77599b3d,2019-05-29 21:12:34,StreamSumFields_0,pirTest,Tst,1000000000.0,../gen/Tst_pirTest/StreamSumFields_0/log/mappir.log,../gen/Tst_pirTest/StreamSumFields_0/log/runpir.log,../gen/Tst_pirTest/StreamSumFields_0/log/genpsim.log,../gen/Tst_pirTest/StreamSumFields_0/log/gentrace.log,../gen/Tst_pirTest/StreamSumFields_0/log/runpsim.log,../gen/Tst_pirTest/StreamSumFields_0/log/runpsim.sh,../gen/Tst_pirTest/StreamSumFields_0/log/runproute.log,../gen/Tst_pirTest/StreamSumFields_0/log/runproute.sh,../gen/Tst_pirTest/StreamSumFields_0/plastisim/summary.csv,../gen/Tst_pirTest/StreamSumFields_0/pir/AccelMain.scala,../gen/Tst_pirTest/StreamSumFields_0/log/,../gen/Tst_pirTest/StreamSumFields_0/log/gentst.log,../gen/Tst_pirTest/StreamSumFields_0/log/maketst.log,../gen/Tst_pirTest/StreamSumFields_0/log/runtst.log,True,,,,,,,,,,,False,False,False,100,,,,,,,,False,,,,,,,,,,,,,,,,,,,,,7.371063148,"dram.cc:133:24: error: ‘double DRAMController::GetAverageTotalPower’ is not a static data member of ‘class DRAMController’
",,,,False,False,,False
77599b3d,2019-05-29 21:12:34,StreamSumFields_1,pirTest,Tst,1000000000.0,../gen/Tst_pirTest/StreamSumFields_1/log/mappir.log,../gen/Tst_pirTest/StreamSumFields_1/log/runpir.log,../gen/Tst_pirTest/StreamSumFields_1/log/genpsim.log,../gen/Tst_pirTest/StreamSumFields_1/log/gentrace.log,../gen/Tst_pirTest/StreamSumFields_1/log/runpsim.log,../gen/Tst_pirTest/StreamSumFields_1/log/runpsim.sh,../gen/Tst_pirTest/StreamSumFields_1/log/runproute.log,../gen/Tst_pirTest/StreamSumFields_1/log/runproute.sh,../gen/Tst_pirTest/StreamSumFields_1/plastisim/summary.csv,../gen/Tst_pirTest/StreamSumFields_1/pir/AccelMain.scala,../gen/Tst_pirTest/StreamSumFields_1/log/,../gen/Tst_pirTest/StreamSumFields_1/log/gentst.log,../gen/Tst_pirTest/StreamSumFields_1/log/maketst.log,../gen/Tst_pirTest/StreamSumFields_1/log/runtst.log,True,,,,,,,,,,,False,False,False,100,,,,,,,,False,,,,,,,,,,,,,,,,,,,,,11.535042892,"dram.cc:133:24: error: ‘double DRAMController::GetAverageTotalPower’ is not a static data member of ‘class DRAMController’
",,,,False,False,,False
77599b3d,2019-05-29 21:12:34,SumSquare_0,pirTest,Tst,1000000000.0,../gen/Tst_pirTest/SumSquare_0/log/mappir.log,../gen/Tst_pirTest/SumSquare_0/log/runpir.log,../gen/Tst_pirTest/SumSquare_0/log/genpsim.log,../gen/Tst_pirTest/SumSquare_0/log/gentrace.log,../gen/Tst_pirTest/SumSquare_0/log/runpsim.log,../gen/Tst_pirTest/SumSquare_0/log/runpsim.sh,../gen/Tst_pirTest/SumSquare_0/log/runproute.log,../gen/Tst_pirTest/SumSquare_0/log/runproute.sh,../gen/Tst_pirTest/SumSquare_0/plastisim/summary.csv,../gen/Tst_pirTest/SumSquare_0/pir/AccelMain.scala,../gen/Tst_pirTest/SumSquare_0/log/,../gen/Tst_pirTest/SumSquare_0/log/gentst.log,../gen/Tst_pirTest/SumSquare_0/log/maketst.log,../gen/Tst_pirTest/SumSquare_0/log/runtst.log,True,,,,,,,,,,,False,False,False,100,,,,,,,,False,,,,,,,,,,,,,,,,,,,,,4.733978004,"dram.cc:133:8: error: prototype for ‘double DRAMController::GetAverageTotalPower(double)’ does not match any in class ‘DRAMController’
",,,,False,False,,False
77599b3d,2019-05-29 21:12:34,SumSquare_1,pirTest,Tst,1000000000.0,../gen/Tst_pirTest/SumSquare_1/log/mappir.log,../gen/Tst_pirTest/SumSquare_1/log/runpir.log,../gen/Tst_pirTest/SumSquare_1/log/genpsim.log,../gen/Tst_pirTest/SumSquare_1/log/gentrace.log,../gen/Tst_pirTest/SumSquare_1/log/runpsim.log,../gen/Tst_pirTest/SumSquare_1/log/runpsim.sh,../gen/Tst_pirTest/SumSquare_1/log/runproute.log,../gen/Tst_pirTest/SumSquare_1/log/runproute.sh,../gen/Tst_pirTest/SumSquare_1/plastisim/summary.csv,../gen/Tst_pirTest/SumSquare_1/pir/AccelMain.scala,../gen/Tst_pirTest/SumSquare_1/log/,../gen/Tst_pirTest/SumSquare_1/log/gentst.log,../gen/Tst_pirTest/SumSquare_1/log/maketst.log,../gen/Tst_pirTest/SumSquare_1/log/runtst.log,True,,,,,,,,,,,False,False,False,100,,,,,,,,False,,,,,,,,,,,,,,,,,,,,,4.600023807,"dram.cc:133:24: error: ‘double DRAMController::GetAverageTotalPower’ is not a static data member of ‘class DRAMController’
",,,,False,False,,False
77599b3d,2019-05-29 21:12:34,SumSquare_2,pirTest,Tst,1000000000.0,../gen/Tst_pirTest/SumSquare_2/log/mappir.log,../gen/Tst_pirTest/SumSquare_2/log/runpir.log,../gen/Tst_pirTest/SumSquare_2/log/genpsim.log,../gen/Tst_pirTest/SumSquare_2/log/gentrace.log,../gen/Tst_pirTest/SumSquare_2/log/runpsim.log,../gen/Tst_pirTest/SumSquare_2/log/runpsim.sh,../gen/Tst_pirTest/SumSquare_2/log/runproute.log,../gen/Tst_pirTest/SumSquare_2/log/runproute.sh,../gen/Tst_pirTest/SumSquare_2/plastisim/summary.csv,../gen/Tst_pirTest/SumSquare_2/pir/AccelMain.scala,../gen/Tst_pirTest/SumSquare_2/log/,../gen/Tst_pirTest/SumSquare_2/log/gentst.log,../gen/Tst_pirTest/SumSquare_2/log/maketst.log,../gen/Tst_pirTest/SumSquare_2/log/runtst.log,True,,,,,,,,,,,False,False,False,100,,,,,,,,False,,,,,,,,,,,,,,,,,,,,,5.368532662,"dram.cc:133:24: error: ‘double DRAMController::GetAverageTotalPower’ is not a static data member of ‘class DRAMController’
",,,,False,False,,False
77599b3d,2019-05-29 21:12:34,SumSquare_3,pirTest,Tst,1000000000.0,../gen/Tst_pirTest/SumSquare_3/log/mappir.log,../gen/Tst_pirTest/SumSquare_3/log/runpir.log,../gen/Tst_pirTest/SumSquare_3/log/genpsim.log,../gen/Tst_pirTest/SumSquare_3/log/gentrace.log,../gen/Tst_pirTest/SumSquare_3/log/runpsim.log,../gen/Tst_pirTest/SumSquare_3/log/runpsim.sh,../gen/Tst_pirTest/SumSquare_3/log/runproute.log,../gen/Tst_pirTest/SumSquare_3/log/runproute.sh,../gen/Tst_pirTest/SumSquare_3/plastisim/summary.csv,../gen/Tst_pirTest/SumSquare_3/pir/AccelMain.scala,../gen/Tst_pirTest/SumSquare_3/log/,../gen/Tst_pirTest/SumSquare_3/log/gentst.log,../gen/Tst_pirTest/SumSquare_3/log/maketst.log,../gen/Tst_pirTest/SumSquare_3/log/runtst.log,True,,,,,,,,,,,False,False,False,100,,,,,,,,False,,,,,,,,,,,,,,,,,,,,,6.21761799,"dram.cc:133:24: error: ‘double DRAMController::GetAverageTotalPower’ is not a static data member of ‘class DRAMController’
",,,,False,False,,False
77599b3d,2019-05-29 21:12:34,SumSquare_5,pirTest,Tst,1000000000.0,../gen/Tst_pirTest/SumSquare_5/log/mappir.log,../gen/Tst_pirTest/SumSquare_5/log/runpir.log,../gen/Tst_pirTest/SumSquare_5/log/genpsim.log,../gen/Tst_pirTest/SumSquare_5/log/gentrace.log,../gen/Tst_pirTest/SumSquare_5/log/runpsim.log,../gen/Tst_pirTest/SumSquare_5/log/runpsim.sh,../gen/Tst_pirTest/SumSquare_5/log/runproute.log,../gen/Tst_pirTest/SumSquare_5/log/runproute.sh,../gen/Tst_pirTest/SumSquare_5/plastisim/summary.csv,../gen/Tst_pirTest/SumSquare_5/pir/AccelMain.scala,../gen/Tst_pirTest/SumSquare_5/log/,../gen/Tst_pirTest/SumSquare_5/log/gentst.log,../gen/Tst_pirTest/SumSquare_5/log/maketst.log,../gen/Tst_pirTest/SumSquare_5/log/runtst.log,True,,,,,,,,,,,False,False,False,100,,,,,,,,False,,,,,,,,,,,,,,,,,,,,,5.422182944,"dram.cc:133:24: error: ‘double DRAMController::GetAverageTotalPower’ is not a static data member of ‘class DRAMController’
",,,,False,False,,False
77599b3d,2019-05-29 21:12:34,TPCHQ6_0,pirTest,Tst,1000000000.0,../gen/Tst_pirTest/TPCHQ6_0/log/mappir.log,../gen/Tst_pirTest/TPCHQ6_0/log/runpir.log,../gen/Tst_pirTest/TPCHQ6_0/log/genpsim.log,../gen/Tst_pirTest/TPCHQ6_0/log/gentrace.log,../gen/Tst_pirTest/TPCHQ6_0/log/runpsim.log,../gen/Tst_pirTest/TPCHQ6_0/log/runpsim.sh,../gen/Tst_pirTest/TPCHQ6_0/log/runproute.log,../gen/Tst_pirTest/TPCHQ6_0/log/runproute.sh,../gen/Tst_pirTest/TPCHQ6_0/plastisim/summary.csv,../gen/Tst_pirTest/TPCHQ6_0/pir/AccelMain.scala,../gen/Tst_pirTest/TPCHQ6_0/log/,../gen/Tst_pirTest/TPCHQ6_0/log/gentst.log,../gen/Tst_pirTest/TPCHQ6_0/log/maketst.log,../gen/Tst_pirTest/TPCHQ6_0/log/runtst.log,True,,,,,,,,,,,False,False,False,100,,,,,,,,False,,,,,,,,,,,,,,,,,,,,,12.158222489,"dram.cc:139:1: error: expected primary-expression before ‘}’ token
",,,,False,False,,False
77599b3d,2019-05-29 21:12:34,TPCHQ6_1,pirTest,Tst,1000000000.0,../gen/Tst_pirTest/TPCHQ6_1/log/mappir.log,../gen/Tst_pirTest/TPCHQ6_1/log/runpir.log,../gen/Tst_pirTest/TPCHQ6_1/log/genpsim.log,../gen/Tst_pirTest/TPCHQ6_1/log/gentrace.log,../gen/Tst_pirTest/TPCHQ6_1/log/runpsim.log,../gen/Tst_pirTest/TPCHQ6_1/log/runpsim.sh,../gen/Tst_pirTest/TPCHQ6_1/log/runproute.log,../gen/Tst_pirTest/TPCHQ6_1/log/runproute.sh,../gen/Tst_pirTest/TPCHQ6_1/plastisim/summary.csv,../gen/Tst_pirTest/TPCHQ6_1/pir/AccelMain.scala,../gen/Tst_pirTest/TPCHQ6_1/log/,../gen/Tst_pirTest/TPCHQ6_1/log/gentst.log,../gen/Tst_pirTest/TPCHQ6_1/log/maketst.log,../gen/Tst_pirTest/TPCHQ6_1/log/runtst.log,True,,,,,,,,,,,False,False,False,100,,,,,,,,False,,,,,,,,,,,,,,,,,,,,,12.082435158,"dram.h:46:58: error: redeclaration of ‘int DRAMController::served_write’
",,,,False,False,,False
77599b3d,2019-05-29 21:12:34,TPCHQ6_2,pirTest,Tst,1000000000.0,../gen/Tst_pirTest/TPCHQ6_2/log/mappir.log,../gen/Tst_pirTest/TPCHQ6_2/log/runpir.log,../gen/Tst_pirTest/TPCHQ6_2/log/genpsim.log,../gen/Tst_pirTest/TPCHQ6_2/log/gentrace.log,../gen/Tst_pirTest/TPCHQ6_2/log/runpsim.log,../gen/Tst_pirTest/TPCHQ6_2/log/runpsim.sh,../gen/Tst_pirTest/TPCHQ6_2/log/runproute.log,../gen/Tst_pirTest/TPCHQ6_2/log/runproute.sh,../gen/Tst_pirTest/TPCHQ6_2/plastisim/summary.csv,../gen/Tst_pirTest/TPCHQ6_2/pir/AccelMain.scala,../gen/Tst_pirTest/TPCHQ6_2/log/,../gen/Tst_pirTest/TPCHQ6_2/log/gentst.log,../gen/Tst_pirTest/TPCHQ6_2/log/maketst.log,../gen/Tst_pirTest/TPCHQ6_2/log/runtst.log,True,,,,,,,,,,,False,False,False,100,,,,,,,,False,,,,,,,,,,,,,,,,,,,,,20.33470499,"dram.cc:133:24: error: ‘double DRAMController::GetAverageTotalPower’ is not a static data member of ‘class DRAMController’
",,,,False,False,,False
77599b3d,2019-05-29 21:12:34,TPCHQ6_3,pirTest,Tst,1000000000.0,../gen/Tst_pirTest/TPCHQ6_3/log/mappir.log,../gen/Tst_pirTest/TPCHQ6_3/log/runpir.log,../gen/Tst_pirTest/TPCHQ6_3/log/genpsim.log,../gen/Tst_pirTest/TPCHQ6_3/log/gentrace.log,../gen/Tst_pirTest/TPCHQ6_3/log/runpsim.log,../gen/Tst_pirTest/TPCHQ6_3/log/runpsim.sh,../gen/Tst_pirTest/TPCHQ6_3/log/runproute.log,../gen/Tst_pirTest/TPCHQ6_3/log/runproute.sh,../gen/Tst_pirTest/TPCHQ6_3/plastisim/summary.csv,../gen/Tst_pirTest/TPCHQ6_3/pir/AccelMain.scala,../gen/Tst_pirTest/TPCHQ6_3/log/,../gen/Tst_pirTest/TPCHQ6_3/log/gentst.log,../gen/Tst_pirTest/TPCHQ6_3/log/maketst.log,../gen/Tst_pirTest/TPCHQ6_3/log/runtst.log,True,,,,,,,,,,,False,False,False,100,,,,,,,,False,,,,,,,,,,,,,,,,,,,,,17.974174275,"dram.cc:139:1: error: expected primary-expression before ‘}’ token
",,,,False,False,,False
77599b3d,2019-05-29 21:12:34,TPCHQ6_4,pirTest,Tst,1000000000.0,../gen/Tst_pirTest/TPCHQ6_4/log/mappir.log,../gen/Tst_pirTest/TPCHQ6_4/log/runpir.log,../gen/Tst_pirTest/TPCHQ6_4/log/genpsim.log,../gen/Tst_pirTest/TPCHQ6_4/log/gentrace.log,../gen/Tst_pirTest/TPCHQ6_4/log/runpsim.log,../gen/Tst_pirTest/TPCHQ6_4/log/runpsim.sh,../gen/Tst_pirTest/TPCHQ6_4/log/runproute.log,../gen/Tst_pirTest/TPCHQ6_4/log/runproute.sh,../gen/Tst_pirTest/TPCHQ6_4/plastisim/summary.csv,../gen/Tst_pirTest/TPCHQ6_4/pir/AccelMain.scala,../gen/Tst_pirTest/TPCHQ6_4/log/,../gen/Tst_pirTest/TPCHQ6_4/log/gentst.log,../gen/Tst_pirTest/TPCHQ6_4/log/maketst.log,../gen/Tst_pirTest/TPCHQ6_4/log/runtst.log,True,,,,,,,,,,,False,False,False,100,,,,,,,,False,,,,,,,,,,,,,,,,,,,,,42.217882115,"dram.cc:133:24: error: ‘double DRAMController::GetAverageTotalPower’ is not a static data member of ‘class DRAMController’
",,,,False,False,,False
77599b3d,2019-05-29 21:12:34,VecTest,pirTest,Tst,1000000000.0,../gen/Tst_pirTest/VecTest/log/mappir.log,../gen/Tst_pirTest/VecTest/log/runpir.log,../gen/Tst_pirTest/VecTest/log/genpsim.log,../gen/Tst_pirTest/VecTest/log/gentrace.log,../gen/Tst_pirTest/VecTest/log/runpsim.log,../gen/Tst_pirTest/VecTest/log/runpsim.sh,../gen/Tst_pirTest/VecTest/log/runproute.log,../gen/Tst_pirTest/VecTest/log/runproute.sh,../gen/Tst_pirTest/VecTest/plastisim/summary.csv,../gen/Tst_pirTest/VecTest/pir/AccelMain.scala,../gen/Tst_pirTest/VecTest/log/,../gen/Tst_pirTest/VecTest/log/gentst.log,../gen/Tst_pirTest/VecTest/log/maketst.log,../gen/Tst_pirTest/VecTest/log/runtst.log,True,,,,,,,,,,,False,False,False,100,,,,,,,,False,,,,,,,,,,,,,,,,,,,,,11.877646836,"dram.cc:133:24: error: ‘double DRAMController::GetAverageTotalPower’ is not a static data member of ‘class DRAMController’
",,,,False,False,,False
