spatial_sha,time,app,project,backend,freq,mappirlog,runpirlog,genpsimlog,gentracelog,runpsimlog,psimsh,runproutelog,proutesh,prouteSummary,AccelMain,logpath,gentst,maketst,runp2p,genpir,genpir_err,runpir_time,runpir_err,notFit,MC,DAG,PMU,PCU,row,col,p2p,asic,scheduled,fifo_depth,mappir_err,mappir_time,genpsim_err,gentrace_err,psimcycle,lbw,sbw,psim_deadlock,algo,pattern,slink,vlink,prtime,vcLimit,DynHopsVec,DynHopsScal,StatHopsVec,StatHopsScal,Score,NetVC,TotPkts,LinkLim,InjectLim,EjectLim,LongRoute,Q0Pct,Q0Lim,gentst_err,gentst_time,maketst_err,runp2p_cycle,runtst_err,runtst_pass,runp2p_deadlock,runp2p_complete,tst_dram_power,succeeded
04043348,2019-05-29 19:49:00,BlackScholes_0,pirTest,Tst,1000000000.0,../gen/Tst_pirTest/BlackScholes_0/log/mappir.log,../gen/Tst_pirTest/BlackScholes_0/log/runpir.log,../gen/Tst_pirTest/BlackScholes_0/log/genpsim.log,../gen/Tst_pirTest/BlackScholes_0/log/gentrace.log,../gen/Tst_pirTest/BlackScholes_0/log/runpsim.log,../gen/Tst_pirTest/BlackScholes_0/log/runpsim.sh,../gen/Tst_pirTest/BlackScholes_0/log/runproute.log,../gen/Tst_pirTest/BlackScholes_0/log/runproute.sh,../gen/Tst_pirTest/BlackScholes_0/plastisim/summary.csv,../gen/Tst_pirTest/BlackScholes_0/pir/AccelMain.scala,../gen/Tst_pirTest/BlackScholes_0/log/,../gen/Tst_pirTest/BlackScholes_0/log/gentst.log,../gen/Tst_pirTest/BlackScholes_0/log/maketst.log,../gen/Tst_pirTest/BlackScholes_0/log/runtst.log,True,,,,,,,,,,,False,False,False,100,,,,,,,,False,,,,,,,,,,,,,,,,,,,,,,,,,,False,False,,False
04043348,2019-05-29 19:49:00,BlackScholes_1,pirTest,Tst,1000000000.0,../gen/Tst_pirTest/BlackScholes_1/log/mappir.log,../gen/Tst_pirTest/BlackScholes_1/log/runpir.log,../gen/Tst_pirTest/BlackScholes_1/log/genpsim.log,../gen/Tst_pirTest/BlackScholes_1/log/gentrace.log,../gen/Tst_pirTest/BlackScholes_1/log/runpsim.log,../gen/Tst_pirTest/BlackScholes_1/log/runpsim.sh,../gen/Tst_pirTest/BlackScholes_1/log/runproute.log,../gen/Tst_pirTest/BlackScholes_1/log/runproute.sh,../gen/Tst_pirTest/BlackScholes_1/plastisim/summary.csv,../gen/Tst_pirTest/BlackScholes_1/pir/AccelMain.scala,../gen/Tst_pirTest/BlackScholes_1/log/,../gen/Tst_pirTest/BlackScholes_1/log/gentst.log,../gen/Tst_pirTest/BlackScholes_1/log/maketst.log,../gen/Tst_pirTest/BlackScholes_1/log/runtst.log,True,,,,,,,,,,,False,False,False,100,,,,,,,,False,,,,,,,,,,,,,,,,,,,,,23.732553158,,45597,,True,False,True,0.0,True
04043348,2019-05-29 19:49:00,BroadcastTest,pirTest,Tst,1000000000.0,../gen/Tst_pirTest/BroadcastTest/log/mappir.log,../gen/Tst_pirTest/BroadcastTest/log/runpir.log,../gen/Tst_pirTest/BroadcastTest/log/genpsim.log,../gen/Tst_pirTest/BroadcastTest/log/gentrace.log,../gen/Tst_pirTest/BroadcastTest/log/runpsim.log,../gen/Tst_pirTest/BroadcastTest/log/runpsim.sh,../gen/Tst_pirTest/BroadcastTest/log/runproute.log,../gen/Tst_pirTest/BroadcastTest/log/runproute.sh,../gen/Tst_pirTest/BroadcastTest/plastisim/summary.csv,../gen/Tst_pirTest/BroadcastTest/pir/AccelMain.scala,../gen/Tst_pirTest/BroadcastTest/log/,../gen/Tst_pirTest/BroadcastTest/log/gentst.log,../gen/Tst_pirTest/BroadcastTest/log/maketst.log,../gen/Tst_pirTest/BroadcastTest/log/runtst.log,True,,,,,,,,,,,False,False,False,100,,,,,,,,False,,,,,,,,,,,,,,,,,,,,,,,,,,False,False,,False
04043348,2019-05-29 19:49:00,DotProduct_0,pirTest,Tst,1000000000.0,../gen/Tst_pirTest/DotProduct_0/log/mappir.log,../gen/Tst_pirTest/DotProduct_0/log/runpir.log,../gen/Tst_pirTest/DotProduct_0/log/genpsim.log,../gen/Tst_pirTest/DotProduct_0/log/gentrace.log,../gen/Tst_pirTest/DotProduct_0/log/runpsim.log,../gen/Tst_pirTest/DotProduct_0/log/runpsim.sh,../gen/Tst_pirTest/DotProduct_0/log/runproute.log,../gen/Tst_pirTest/DotProduct_0/log/runproute.sh,../gen/Tst_pirTest/DotProduct_0/plastisim/summary.csv,../gen/Tst_pirTest/DotProduct_0/pir/AccelMain.scala,../gen/Tst_pirTest/DotProduct_0/log/,../gen/Tst_pirTest/DotProduct_0/log/gentst.log,../gen/Tst_pirTest/DotProduct_0/log/maketst.log,../gen/Tst_pirTest/DotProduct_0/log/runtst.log,True,,,,,,,,,,,False,False,False,100,,,,,,,,False,,,,,,,,,,,,,,,,,,,,,,,,,,False,False,,False
04043348,2019-05-29 19:49:00,DotProduct_1,pirTest,Tst,1000000000.0,../gen/Tst_pirTest/DotProduct_1/log/mappir.log,../gen/Tst_pirTest/DotProduct_1/log/runpir.log,../gen/Tst_pirTest/DotProduct_1/log/genpsim.log,../gen/Tst_pirTest/DotProduct_1/log/gentrace.log,../gen/Tst_pirTest/DotProduct_1/log/runpsim.log,../gen/Tst_pirTest/DotProduct_1/log/runpsim.sh,../gen/Tst_pirTest/DotProduct_1/log/runproute.log,../gen/Tst_pirTest/DotProduct_1/log/runproute.sh,../gen/Tst_pirTest/DotProduct_1/plastisim/summary.csv,../gen/Tst_pirTest/DotProduct_1/pir/AccelMain.scala,../gen/Tst_pirTest/DotProduct_1/log/,../gen/Tst_pirTest/DotProduct_1/log/gentst.log,../gen/Tst_pirTest/DotProduct_1/log/maketst.log,../gen/Tst_pirTest/DotProduct_1/log/runtst.log,True,,,,,,,,,,,False,False,False,100,,,,,,,,False,,,,,,,,,,,,,,,,,,,,,9.44731291,,1143,,True,False,True,0.0,True
04043348,2019-05-29 19:49:00,DotProduct_2,pirTest,Tst,1000000000.0,../gen/Tst_pirTest/DotProduct_2/log/mappir.log,../gen/Tst_pirTest/DotProduct_2/log/runpir.log,../gen/Tst_pirTest/DotProduct_2/log/genpsim.log,../gen/Tst_pirTest/DotProduct_2/log/gentrace.log,../gen/Tst_pirTest/DotProduct_2/log/runpsim.log,../gen/Tst_pirTest/DotProduct_2/log/runpsim.sh,../gen/Tst_pirTest/DotProduct_2/log/runproute.log,../gen/Tst_pirTest/DotProduct_2/log/runproute.sh,../gen/Tst_pirTest/DotProduct_2/plastisim/summary.csv,../gen/Tst_pirTest/DotProduct_2/pir/AccelMain.scala,../gen/Tst_pirTest/DotProduct_2/log/,../gen/Tst_pirTest/DotProduct_2/log/gentst.log,../gen/Tst_pirTest/DotProduct_2/log/maketst.log,../gen/Tst_pirTest/DotProduct_2/log/runtst.log,True,,,,,,,,,,,False,False,False,100,,,,,,,,False,,,,,,,,,,,,,,,,,,,,,,,,,,False,False,,False
04043348,2019-05-29 19:49:00,DotProduct_3,pirTest,Tst,1000000000.0,../gen/Tst_pirTest/DotProduct_3/log/mappir.log,../gen/Tst_pirTest/DotProduct_3/log/runpir.log,../gen/Tst_pirTest/DotProduct_3/log/genpsim.log,../gen/Tst_pirTest/DotProduct_3/log/gentrace.log,../gen/Tst_pirTest/DotProduct_3/log/runpsim.log,../gen/Tst_pirTest/DotProduct_3/log/runpsim.sh,../gen/Tst_pirTest/DotProduct_3/log/runproute.log,../gen/Tst_pirTest/DotProduct_3/log/runproute.sh,../gen/Tst_pirTest/DotProduct_3/plastisim/summary.csv,../gen/Tst_pirTest/DotProduct_3/pir/AccelMain.scala,../gen/Tst_pirTest/DotProduct_3/log/,../gen/Tst_pirTest/DotProduct_3/log/gentst.log,../gen/Tst_pirTest/DotProduct_3/log/maketst.log,../gen/Tst_pirTest/DotProduct_3/log/runtst.log,True,,,,,,,,,,,False,False,False,100,,,,,,,,False,,,,,,,,,,,,,,,,,,,,,,,,,,False,False,,False
04043348,2019-05-29 19:49:00,GDA_0,pirTest,Tst,1000000000.0,../gen/Tst_pirTest/GDA_0/log/mappir.log,../gen/Tst_pirTest/GDA_0/log/runpir.log,../gen/Tst_pirTest/GDA_0/log/genpsim.log,../gen/Tst_pirTest/GDA_0/log/gentrace.log,../gen/Tst_pirTest/GDA_0/log/runpsim.log,../gen/Tst_pirTest/GDA_0/log/runpsim.sh,../gen/Tst_pirTest/GDA_0/log/runproute.log,../gen/Tst_pirTest/GDA_0/log/runproute.sh,../gen/Tst_pirTest/GDA_0/plastisim/summary.csv,../gen/Tst_pirTest/GDA_0/pir/AccelMain.scala,../gen/Tst_pirTest/GDA_0/log/,../gen/Tst_pirTest/GDA_0/log/gentst.log,../gen/Tst_pirTest/GDA_0/log/maketst.log,../gen/Tst_pirTest/GDA_0/log/runtst.log,True,,,,,,,,,,,False,False,False,100,,,,,,,,False,,,,,,,,,,,,,,,,,,,,,21.730947068,,,,,False,False,,False
04043348,2019-05-29 19:49:00,GDA_1,pirTest,Tst,1000000000.0,../gen/Tst_pirTest/GDA_1/log/mappir.log,../gen/Tst_pirTest/GDA_1/log/runpir.log,../gen/Tst_pirTest/GDA_1/log/genpsim.log,../gen/Tst_pirTest/GDA_1/log/gentrace.log,../gen/Tst_pirTest/GDA_1/log/runpsim.log,../gen/Tst_pirTest/GDA_1/log/runpsim.sh,../gen/Tst_pirTest/GDA_1/log/runproute.log,../gen/Tst_pirTest/GDA_1/log/runproute.sh,../gen/Tst_pirTest/GDA_1/plastisim/summary.csv,../gen/Tst_pirTest/GDA_1/pir/AccelMain.scala,../gen/Tst_pirTest/GDA_1/log/,../gen/Tst_pirTest/GDA_1/log/gentst.log,../gen/Tst_pirTest/GDA_1/log/maketst.log,../gen/Tst_pirTest/GDA_1/log/runtst.log,True,,,,,,,,,,,False,False,False,100,,,,,,,,False,,,,,,,,,,,,,,,,,,,,,,,,,,False,False,,False
04043348,2019-05-29 19:49:00,GDA_14,pirTest,Tst,1000000000.0,../gen/Tst_pirTest/GDA_14/log/mappir.log,../gen/Tst_pirTest/GDA_14/log/runpir.log,../gen/Tst_pirTest/GDA_14/log/genpsim.log,../gen/Tst_pirTest/GDA_14/log/gentrace.log,../gen/Tst_pirTest/GDA_14/log/runpsim.log,../gen/Tst_pirTest/GDA_14/log/runpsim.sh,../gen/Tst_pirTest/GDA_14/log/runproute.log,../gen/Tst_pirTest/GDA_14/log/runproute.sh,../gen/Tst_pirTest/GDA_14/plastisim/summary.csv,../gen/Tst_pirTest/GDA_14/pir/AccelMain.scala,../gen/Tst_pirTest/GDA_14/log/,../gen/Tst_pirTest/GDA_14/log/gentst.log,../gen/Tst_pirTest/GDA_14/log/maketst.log,../gen/Tst_pirTest/GDA_14/log/runtst.log,True,,,,,,,,,,,False,False,False,100,,,,,,,,False,,,,,,,,,,,,,,,,,,,,,,,,,,False,False,,False
04043348,2019-05-29 19:49:00,GDA_2,pirTest,Tst,1000000000.0,../gen/Tst_pirTest/GDA_2/log/mappir.log,../gen/Tst_pirTest/GDA_2/log/runpir.log,../gen/Tst_pirTest/GDA_2/log/genpsim.log,../gen/Tst_pirTest/GDA_2/log/gentrace.log,../gen/Tst_pirTest/GDA_2/log/runpsim.log,../gen/Tst_pirTest/GDA_2/log/runpsim.sh,../gen/Tst_pirTest/GDA_2/log/runproute.log,../gen/Tst_pirTest/GDA_2/log/runproute.sh,../gen/Tst_pirTest/GDA_2/plastisim/summary.csv,../gen/Tst_pirTest/GDA_2/pir/AccelMain.scala,../gen/Tst_pirTest/GDA_2/log/,../gen/Tst_pirTest/GDA_2/log/gentst.log,../gen/Tst_pirTest/GDA_2/log/maketst.log,../gen/Tst_pirTest/GDA_2/log/runtst.log,True,,,,,,,,,,,False,False,False,100,,,,,,,,False,,,,,,,,,,,,,,,,,,,,,33.687090177,,3322,,True,False,True,0.0,True
04043348,2019-05-29 19:49:00,GDA_3,pirTest,Tst,1000000000.0,../gen/Tst_pirTest/GDA_3/log/mappir.log,../gen/Tst_pirTest/GDA_3/log/runpir.log,../gen/Tst_pirTest/GDA_3/log/genpsim.log,../gen/Tst_pirTest/GDA_3/log/gentrace.log,../gen/Tst_pirTest/GDA_3/log/runpsim.log,../gen/Tst_pirTest/GDA_3/log/runpsim.sh,../gen/Tst_pirTest/GDA_3/log/runproute.log,../gen/Tst_pirTest/GDA_3/log/runproute.sh,../gen/Tst_pirTest/GDA_3/plastisim/summary.csv,../gen/Tst_pirTest/GDA_3/pir/AccelMain.scala,../gen/Tst_pirTest/GDA_3/log/,../gen/Tst_pirTest/GDA_3/log/gentst.log,../gen/Tst_pirTest/GDA_3/log/maketst.log,../gen/Tst_pirTest/GDA_3/log/runtst.log,True,,,,,,,,,,,False,False,False,100,,,,,,,,False,,,,,,,,,,,,,,,,,,,,,,,,,,False,False,,False
04043348,2019-05-29 19:49:00,GDA_4,pirTest,Tst,1000000000.0,../gen/Tst_pirTest/GDA_4/log/mappir.log,../gen/Tst_pirTest/GDA_4/log/runpir.log,../gen/Tst_pirTest/GDA_4/log/genpsim.log,../gen/Tst_pirTest/GDA_4/log/gentrace.log,../gen/Tst_pirTest/GDA_4/log/runpsim.log,../gen/Tst_pirTest/GDA_4/log/runpsim.sh,../gen/Tst_pirTest/GDA_4/log/runproute.log,../gen/Tst_pirTest/GDA_4/log/runproute.sh,../gen/Tst_pirTest/GDA_4/plastisim/summary.csv,../gen/Tst_pirTest/GDA_4/pir/AccelMain.scala,../gen/Tst_pirTest/GDA_4/log/,../gen/Tst_pirTest/GDA_4/log/gentst.log,../gen/Tst_pirTest/GDA_4/log/maketst.log,../gen/Tst_pirTest/GDA_4/log/runtst.log,True,,,,,,,,,,,False,False,False,100,,,,,,,,False,,,,,,,,,,,,,,,,,,,,,,,,,,False,False,,False
04043348,2019-05-29 19:49:00,GDA_5,pirTest,Tst,1000000000.0,../gen/Tst_pirTest/GDA_5/log/mappir.log,../gen/Tst_pirTest/GDA_5/log/runpir.log,../gen/Tst_pirTest/GDA_5/log/genpsim.log,../gen/Tst_pirTest/GDA_5/log/gentrace.log,../gen/Tst_pirTest/GDA_5/log/runpsim.log,../gen/Tst_pirTest/GDA_5/log/runpsim.sh,../gen/Tst_pirTest/GDA_5/log/runproute.log,../gen/Tst_pirTest/GDA_5/log/runproute.sh,../gen/Tst_pirTest/GDA_5/plastisim/summary.csv,../gen/Tst_pirTest/GDA_5/pir/AccelMain.scala,../gen/Tst_pirTest/GDA_5/log/,../gen/Tst_pirTest/GDA_5/log/gentst.log,../gen/Tst_pirTest/GDA_5/log/maketst.log,../gen/Tst_pirTest/GDA_5/log/runtst.log,True,,,,,,,,,,,False,False,False,100,,,,,,,,False,,,,,,,,,,,,,,,,,,,,,25.738711069,,,,,False,False,,False
04043348,2019-05-29 19:49:00,GDA_6,pirTest,Tst,1000000000.0,../gen/Tst_pirTest/GDA_6/log/mappir.log,../gen/Tst_pirTest/GDA_6/log/runpir.log,../gen/Tst_pirTest/GDA_6/log/genpsim.log,../gen/Tst_pirTest/GDA_6/log/gentrace.log,../gen/Tst_pirTest/GDA_6/log/runpsim.log,../gen/Tst_pirTest/GDA_6/log/runpsim.sh,../gen/Tst_pirTest/GDA_6/log/runproute.log,../gen/Tst_pirTest/GDA_6/log/runproute.sh,../gen/Tst_pirTest/GDA_6/plastisim/summary.csv,../gen/Tst_pirTest/GDA_6/pir/AccelMain.scala,../gen/Tst_pirTest/GDA_6/log/,../gen/Tst_pirTest/GDA_6/log/gentst.log,../gen/Tst_pirTest/GDA_6/log/maketst.log,../gen/Tst_pirTest/GDA_6/log/runtst.log,False,,,,,,,,,,,False,False,False,100,,,,,,,,False,,,,,,,,,,,,,,,,,,,,,,,,,,False,False,,False
04043348,2019-05-29 19:49:00,GEMM_0,pirTest,Tst,1000000000.0,../gen/Tst_pirTest/GEMM_0/log/mappir.log,../gen/Tst_pirTest/GEMM_0/log/runpir.log,../gen/Tst_pirTest/GEMM_0/log/genpsim.log,../gen/Tst_pirTest/GEMM_0/log/gentrace.log,../gen/Tst_pirTest/GEMM_0/log/runpsim.log,../gen/Tst_pirTest/GEMM_0/log/runpsim.sh,../gen/Tst_pirTest/GEMM_0/log/runproute.log,../gen/Tst_pirTest/GEMM_0/log/runproute.sh,../gen/Tst_pirTest/GEMM_0/plastisim/summary.csv,../gen/Tst_pirTest/GEMM_0/pir/AccelMain.scala,../gen/Tst_pirTest/GEMM_0/log/,../gen/Tst_pirTest/GEMM_0/log/gentst.log,../gen/Tst_pirTest/GEMM_0/log/maketst.log,../gen/Tst_pirTest/GEMM_0/log/runtst.log,True,,,,,,,,,,,False,False,False,100,,,,,,,,False,,,,,,,,,,,,,,,,,,,,,18.894201064,,132616,,True,False,True,4.083,True
04043348,2019-05-29 19:49:00,GEMM_1,pirTest,Tst,1000000000.0,../gen/Tst_pirTest/GEMM_1/log/mappir.log,../gen/Tst_pirTest/GEMM_1/log/runpir.log,../gen/Tst_pirTest/GEMM_1/log/genpsim.log,../gen/Tst_pirTest/GEMM_1/log/gentrace.log,../gen/Tst_pirTest/GEMM_1/log/runpsim.log,../gen/Tst_pirTest/GEMM_1/log/runpsim.sh,../gen/Tst_pirTest/GEMM_1/log/runproute.log,../gen/Tst_pirTest/GEMM_1/log/runproute.sh,../gen/Tst_pirTest/GEMM_1/plastisim/summary.csv,../gen/Tst_pirTest/GEMM_1/pir/AccelMain.scala,../gen/Tst_pirTest/GEMM_1/log/,../gen/Tst_pirTest/GEMM_1/log/gentst.log,../gen/Tst_pirTest/GEMM_1/log/maketst.log,../gen/Tst_pirTest/GEMM_1/log/runtst.log,True,,,,,,,,,,,False,False,False,100,,,,,,,,False,,,,,,,,,,,,,,,,,,,,,,,,,,False,False,,False
04043348,2019-05-29 19:49:00,GEMM_10,pirTest,Tst,1000000000.0,../gen/Tst_pirTest/GEMM_10/log/mappir.log,../gen/Tst_pirTest/GEMM_10/log/runpir.log,../gen/Tst_pirTest/GEMM_10/log/genpsim.log,../gen/Tst_pirTest/GEMM_10/log/gentrace.log,../gen/Tst_pirTest/GEMM_10/log/runpsim.log,../gen/Tst_pirTest/GEMM_10/log/runpsim.sh,../gen/Tst_pirTest/GEMM_10/log/runproute.log,../gen/Tst_pirTest/GEMM_10/log/runproute.sh,../gen/Tst_pirTest/GEMM_10/plastisim/summary.csv,../gen/Tst_pirTest/GEMM_10/pir/AccelMain.scala,../gen/Tst_pirTest/GEMM_10/log/,../gen/Tst_pirTest/GEMM_10/log/gentst.log,../gen/Tst_pirTest/GEMM_10/log/maketst.log,../gen/Tst_pirTest/GEMM_10/log/runtst.log,True,,,,,,,,,,,False,False,False,100,,,,,,,,False,,,,,,,,,,,,,,,,,,,,,,,,,,False,False,,False
04043348,2019-05-29 19:49:00,GEMM_11,pirTest,Tst,1000000000.0,../gen/Tst_pirTest/GEMM_11/log/mappir.log,../gen/Tst_pirTest/GEMM_11/log/runpir.log,../gen/Tst_pirTest/GEMM_11/log/genpsim.log,../gen/Tst_pirTest/GEMM_11/log/gentrace.log,../gen/Tst_pirTest/GEMM_11/log/runpsim.log,../gen/Tst_pirTest/GEMM_11/log/runpsim.sh,../gen/Tst_pirTest/GEMM_11/log/runproute.log,../gen/Tst_pirTest/GEMM_11/log/runproute.sh,../gen/Tst_pirTest/GEMM_11/plastisim/summary.csv,../gen/Tst_pirTest/GEMM_11/pir/AccelMain.scala,../gen/Tst_pirTest/GEMM_11/log/,../gen/Tst_pirTest/GEMM_11/log/gentst.log,../gen/Tst_pirTest/GEMM_11/log/maketst.log,../gen/Tst_pirTest/GEMM_11/log/runtst.log,True,,,,,,,,,,,False,False,False,100,,,,,,,,False,,,,,,,,,,,,,,,,,,,,,,,,,,False,False,,False
04043348,2019-05-29 19:49:00,GEMM_12,pirTest,Tst,1000000000.0,../gen/Tst_pirTest/GEMM_12/log/mappir.log,../gen/Tst_pirTest/GEMM_12/log/runpir.log,../gen/Tst_pirTest/GEMM_12/log/genpsim.log,../gen/Tst_pirTest/GEMM_12/log/gentrace.log,../gen/Tst_pirTest/GEMM_12/log/runpsim.log,../gen/Tst_pirTest/GEMM_12/log/runpsim.sh,../gen/Tst_pirTest/GEMM_12/log/runproute.log,../gen/Tst_pirTest/GEMM_12/log/runproute.sh,../gen/Tst_pirTest/GEMM_12/plastisim/summary.csv,../gen/Tst_pirTest/GEMM_12/pir/AccelMain.scala,../gen/Tst_pirTest/GEMM_12/log/,../gen/Tst_pirTest/GEMM_12/log/gentst.log,../gen/Tst_pirTest/GEMM_12/log/maketst.log,../gen/Tst_pirTest/GEMM_12/log/runtst.log,True,,,,,,,,,,,False,False,False,100,,,,,,,,False,,,,,,,,,,,,,,,,,,,,,,,,,,False,False,,False
04043348,2019-05-29 19:49:00,GEMM_13,pirTest,Tst,1000000000.0,../gen/Tst_pirTest/GEMM_13/log/mappir.log,../gen/Tst_pirTest/GEMM_13/log/runpir.log,../gen/Tst_pirTest/GEMM_13/log/genpsim.log,../gen/Tst_pirTest/GEMM_13/log/gentrace.log,../gen/Tst_pirTest/GEMM_13/log/runpsim.log,../gen/Tst_pirTest/GEMM_13/log/runpsim.sh,../gen/Tst_pirTest/GEMM_13/log/runproute.log,../gen/Tst_pirTest/GEMM_13/log/runproute.sh,../gen/Tst_pirTest/GEMM_13/plastisim/summary.csv,../gen/Tst_pirTest/GEMM_13/pir/AccelMain.scala,../gen/Tst_pirTest/GEMM_13/log/,../gen/Tst_pirTest/GEMM_13/log/gentst.log,../gen/Tst_pirTest/GEMM_13/log/maketst.log,../gen/Tst_pirTest/GEMM_13/log/runtst.log,True,,,,,,,,,,,False,False,False,100,,,,,,,,False,,,,,,,,,,,,,,,,,,,,,58.506914174,,9131,,True,False,True,0.0,True
04043348,2019-05-29 19:49:00,GEMM_14,pirTest,Tst,1000000000.0,../gen/Tst_pirTest/GEMM_14/log/mappir.log,../gen/Tst_pirTest/GEMM_14/log/runpir.log,../gen/Tst_pirTest/GEMM_14/log/genpsim.log,../gen/Tst_pirTest/GEMM_14/log/gentrace.log,../gen/Tst_pirTest/GEMM_14/log/runpsim.log,../gen/Tst_pirTest/GEMM_14/log/runpsim.sh,../gen/Tst_pirTest/GEMM_14/log/runproute.log,../gen/Tst_pirTest/GEMM_14/log/runproute.sh,../gen/Tst_pirTest/GEMM_14/plastisim/summary.csv,../gen/Tst_pirTest/GEMM_14/pir/AccelMain.scala,../gen/Tst_pirTest/GEMM_14/log/,../gen/Tst_pirTest/GEMM_14/log/gentst.log,../gen/Tst_pirTest/GEMM_14/log/maketst.log,../gen/Tst_pirTest/GEMM_14/log/runtst.log,True,,,,,,,,,,,False,False,False,100,,,,,,,,False,,,,,,,,,,,,,,,,,,,,,,,,,,False,False,,False
04043348,2019-05-29 19:49:00,GEMM_15,pirTest,Tst,1000000000.0,../gen/Tst_pirTest/GEMM_15/log/mappir.log,../gen/Tst_pirTest/GEMM_15/log/runpir.log,../gen/Tst_pirTest/GEMM_15/log/genpsim.log,../gen/Tst_pirTest/GEMM_15/log/gentrace.log,../gen/Tst_pirTest/GEMM_15/log/runpsim.log,../gen/Tst_pirTest/GEMM_15/log/runpsim.sh,../gen/Tst_pirTest/GEMM_15/log/runproute.log,../gen/Tst_pirTest/GEMM_15/log/runproute.sh,../gen/Tst_pirTest/GEMM_15/plastisim/summary.csv,../gen/Tst_pirTest/GEMM_15/pir/AccelMain.scala,../gen/Tst_pirTest/GEMM_15/log/,../gen/Tst_pirTest/GEMM_15/log/gentst.log,../gen/Tst_pirTest/GEMM_15/log/maketst.log,../gen/Tst_pirTest/GEMM_15/log/runtst.log,True,,,,,,,,,,,False,False,False,100,,,,,,,,False,,,,,,,,,,,,,,,,,,,,,65.267776161,,6197,,True,False,True,0.0,True
04043348,2019-05-29 19:49:00,GEMM_16,pirTest,Tst,1000000000.0,../gen/Tst_pirTest/GEMM_16/log/mappir.log,../gen/Tst_pirTest/GEMM_16/log/runpir.log,../gen/Tst_pirTest/GEMM_16/log/genpsim.log,../gen/Tst_pirTest/GEMM_16/log/gentrace.log,../gen/Tst_pirTest/GEMM_16/log/runpsim.log,../gen/Tst_pirTest/GEMM_16/log/runpsim.sh,../gen/Tst_pirTest/GEMM_16/log/runproute.log,../gen/Tst_pirTest/GEMM_16/log/runproute.sh,../gen/Tst_pirTest/GEMM_16/plastisim/summary.csv,../gen/Tst_pirTest/GEMM_16/pir/AccelMain.scala,../gen/Tst_pirTest/GEMM_16/log/,../gen/Tst_pirTest/GEMM_16/log/gentst.log,../gen/Tst_pirTest/GEMM_16/log/maketst.log,../gen/Tst_pirTest/GEMM_16/log/runtst.log,True,,,,,,,,,,,False,False,False,100,,,,,,,,False,,,,,,,,,,,,,,,,,,,,,,,,,,False,False,,False
04043348,2019-05-29 19:49:00,GEMM_17,pirTest,Tst,1000000000.0,../gen/Tst_pirTest/GEMM_17/log/mappir.log,../gen/Tst_pirTest/GEMM_17/log/runpir.log,../gen/Tst_pirTest/GEMM_17/log/genpsim.log,../gen/Tst_pirTest/GEMM_17/log/gentrace.log,../gen/Tst_pirTest/GEMM_17/log/runpsim.log,../gen/Tst_pirTest/GEMM_17/log/runpsim.sh,../gen/Tst_pirTest/GEMM_17/log/runproute.log,../gen/Tst_pirTest/GEMM_17/log/runproute.sh,../gen/Tst_pirTest/GEMM_17/plastisim/summary.csv,../gen/Tst_pirTest/GEMM_17/pir/AccelMain.scala,../gen/Tst_pirTest/GEMM_17/log/,../gen/Tst_pirTest/GEMM_17/log/gentst.log,../gen/Tst_pirTest/GEMM_17/log/maketst.log,../gen/Tst_pirTest/GEMM_17/log/runtst.log,True,,,,,,,,,,,False,False,False,100,,,,,,,,False,,,,,,,,,,,,,,,,,,,,,,,,,,False,False,,False
04043348,2019-05-29 19:49:00,GEMM_18,pirTest,Tst,1000000000.0,../gen/Tst_pirTest/GEMM_18/log/mappir.log,../gen/Tst_pirTest/GEMM_18/log/runpir.log,../gen/Tst_pirTest/GEMM_18/log/genpsim.log,../gen/Tst_pirTest/GEMM_18/log/gentrace.log,../gen/Tst_pirTest/GEMM_18/log/runpsim.log,../gen/Tst_pirTest/GEMM_18/log/runpsim.sh,../gen/Tst_pirTest/GEMM_18/log/runproute.log,../gen/Tst_pirTest/GEMM_18/log/runproute.sh,../gen/Tst_pirTest/GEMM_18/plastisim/summary.csv,../gen/Tst_pirTest/GEMM_18/pir/AccelMain.scala,../gen/Tst_pirTest/GEMM_18/log/,../gen/Tst_pirTest/GEMM_18/log/gentst.log,../gen/Tst_pirTest/GEMM_18/log/maketst.log,../gen/Tst_pirTest/GEMM_18/log/runtst.log,True,,,,,,,,,,,False,False,False,100,,,,,,,,False,,,,,,,,,,,,,,,,,,,,,,,,,,False,False,,False
04043348,2019-05-29 19:49:00,GEMM_2,pirTest,Tst,1000000000.0,../gen/Tst_pirTest/GEMM_2/log/mappir.log,../gen/Tst_pirTest/GEMM_2/log/runpir.log,../gen/Tst_pirTest/GEMM_2/log/genpsim.log,../gen/Tst_pirTest/GEMM_2/log/gentrace.log,../gen/Tst_pirTest/GEMM_2/log/runpsim.log,../gen/Tst_pirTest/GEMM_2/log/runpsim.sh,../gen/Tst_pirTest/GEMM_2/log/runproute.log,../gen/Tst_pirTest/GEMM_2/log/runproute.sh,../gen/Tst_pirTest/GEMM_2/plastisim/summary.csv,../gen/Tst_pirTest/GEMM_2/pir/AccelMain.scala,../gen/Tst_pirTest/GEMM_2/log/,../gen/Tst_pirTest/GEMM_2/log/gentst.log,../gen/Tst_pirTest/GEMM_2/log/maketst.log,../gen/Tst_pirTest/GEMM_2/log/runtst.log,True,,,,,,,,,,,False,False,False,100,,,,,,,,False,,,,,,,,,,,,,,,,,,,,,24.967671165,,67243,,True,False,True,0.0,True
04043348,2019-05-29 19:49:00,GEMM_3,pirTest,Tst,1000000000.0,../gen/Tst_pirTest/GEMM_3/log/mappir.log,../gen/Tst_pirTest/GEMM_3/log/runpir.log,../gen/Tst_pirTest/GEMM_3/log/genpsim.log,../gen/Tst_pirTest/GEMM_3/log/gentrace.log,../gen/Tst_pirTest/GEMM_3/log/runpsim.log,../gen/Tst_pirTest/GEMM_3/log/runpsim.sh,../gen/Tst_pirTest/GEMM_3/log/runproute.log,../gen/Tst_pirTest/GEMM_3/log/runproute.sh,../gen/Tst_pirTest/GEMM_3/plastisim/summary.csv,../gen/Tst_pirTest/GEMM_3/pir/AccelMain.scala,../gen/Tst_pirTest/GEMM_3/log/,../gen/Tst_pirTest/GEMM_3/log/gentst.log,../gen/Tst_pirTest/GEMM_3/log/maketst.log,../gen/Tst_pirTest/GEMM_3/log/runtst.log,True,,,,,,,,,,,False,False,False,100,,,,,,,,False,,,,,,,,,,,,,,,,,,,,,22.562968398,,69943,,True,False,True,0.0,True
04043348,2019-05-29 19:49:00,GEMM_4,pirTest,Tst,1000000000.0,../gen/Tst_pirTest/GEMM_4/log/mappir.log,../gen/Tst_pirTest/GEMM_4/log/runpir.log,../gen/Tst_pirTest/GEMM_4/log/genpsim.log,../gen/Tst_pirTest/GEMM_4/log/gentrace.log,../gen/Tst_pirTest/GEMM_4/log/runpsim.log,../gen/Tst_pirTest/GEMM_4/log/runpsim.sh,../gen/Tst_pirTest/GEMM_4/log/runproute.log,../gen/Tst_pirTest/GEMM_4/log/runproute.sh,../gen/Tst_pirTest/GEMM_4/plastisim/summary.csv,../gen/Tst_pirTest/GEMM_4/pir/AccelMain.scala,../gen/Tst_pirTest/GEMM_4/log/,../gen/Tst_pirTest/GEMM_4/log/gentst.log,../gen/Tst_pirTest/GEMM_4/log/maketst.log,../gen/Tst_pirTest/GEMM_4/log/runtst.log,True,,,,,,,,,,,False,False,False,100,,,,,,,,False,,,,,,,,,,,,,,,,,,,,,23.112990656,,75315,,True,False,True,0.0,True
04043348,2019-05-29 19:49:00,GEMM_7,pirTest,Tst,1000000000.0,../gen/Tst_pirTest/GEMM_7/log/mappir.log,../gen/Tst_pirTest/GEMM_7/log/runpir.log,../gen/Tst_pirTest/GEMM_7/log/genpsim.log,../gen/Tst_pirTest/GEMM_7/log/gentrace.log,../gen/Tst_pirTest/GEMM_7/log/runpsim.log,../gen/Tst_pirTest/GEMM_7/log/runpsim.sh,../gen/Tst_pirTest/GEMM_7/log/runproute.log,../gen/Tst_pirTest/GEMM_7/log/runproute.sh,../gen/Tst_pirTest/GEMM_7/plastisim/summary.csv,../gen/Tst_pirTest/GEMM_7/pir/AccelMain.scala,../gen/Tst_pirTest/GEMM_7/log/,../gen/Tst_pirTest/GEMM_7/log/gentst.log,../gen/Tst_pirTest/GEMM_7/log/maketst.log,../gen/Tst_pirTest/GEMM_7/log/runtst.log,True,,,,,,,,,,,False,False,False,100,,,,,,,,False,,,,,,,,,,,,,,,,,,,,,24.636027983,,17338,,True,False,True,0.0,True
04043348,2019-05-29 19:49:00,GEMM_8,pirTest,Tst,1000000000.0,../gen/Tst_pirTest/GEMM_8/log/mappir.log,../gen/Tst_pirTest/GEMM_8/log/runpir.log,../gen/Tst_pirTest/GEMM_8/log/genpsim.log,../gen/Tst_pirTest/GEMM_8/log/gentrace.log,../gen/Tst_pirTest/GEMM_8/log/runpsim.log,../gen/Tst_pirTest/GEMM_8/log/runpsim.sh,../gen/Tst_pirTest/GEMM_8/log/runproute.log,../gen/Tst_pirTest/GEMM_8/log/runproute.sh,../gen/Tst_pirTest/GEMM_8/plastisim/summary.csv,../gen/Tst_pirTest/GEMM_8/pir/AccelMain.scala,../gen/Tst_pirTest/GEMM_8/log/,../gen/Tst_pirTest/GEMM_8/log/gentst.log,../gen/Tst_pirTest/GEMM_8/log/maketst.log,../gen/Tst_pirTest/GEMM_8/log/runtst.log,True,,,,,,,,,,,False,False,False,100,,,,,,,,False,,,,,,,,,,,,,,,,,,,,,,,,,,False,False,,False
04043348,2019-05-29 19:49:00,GEMM_9,pirTest,Tst,1000000000.0,../gen/Tst_pirTest/GEMM_9/log/mappir.log,../gen/Tst_pirTest/GEMM_9/log/runpir.log,../gen/Tst_pirTest/GEMM_9/log/genpsim.log,../gen/Tst_pirTest/GEMM_9/log/gentrace.log,../gen/Tst_pirTest/GEMM_9/log/runpsim.log,../gen/Tst_pirTest/GEMM_9/log/runpsim.sh,../gen/Tst_pirTest/GEMM_9/log/runproute.log,../gen/Tst_pirTest/GEMM_9/log/runproute.sh,../gen/Tst_pirTest/GEMM_9/plastisim/summary.csv,../gen/Tst_pirTest/GEMM_9/pir/AccelMain.scala,../gen/Tst_pirTest/GEMM_9/log/,../gen/Tst_pirTest/GEMM_9/log/gentst.log,../gen/Tst_pirTest/GEMM_9/log/maketst.log,../gen/Tst_pirTest/GEMM_9/log/runtst.log,True,,,,,,,,,,,False,False,False,100,,,,,,,,False,,,,,,,,,,,,,,,,,,,,,,,,,,False,False,,False
04043348,2019-05-29 19:49:00,GRU_0,pirTest,Tst,1000000000.0,../gen/Tst_pirTest/GRU_0/log/mappir.log,../gen/Tst_pirTest/GRU_0/log/runpir.log,../gen/Tst_pirTest/GRU_0/log/genpsim.log,../gen/Tst_pirTest/GRU_0/log/gentrace.log,../gen/Tst_pirTest/GRU_0/log/runpsim.log,../gen/Tst_pirTest/GRU_0/log/runpsim.sh,../gen/Tst_pirTest/GRU_0/log/runproute.log,../gen/Tst_pirTest/GRU_0/log/runproute.sh,../gen/Tst_pirTest/GRU_0/plastisim/summary.csv,../gen/Tst_pirTest/GRU_0/pir/AccelMain.scala,../gen/Tst_pirTest/GRU_0/log/,../gen/Tst_pirTest/GRU_0/log/gentst.log,../gen/Tst_pirTest/GRU_0/log/maketst.log,../gen/Tst_pirTest/GRU_0/log/runtst.log,False,,,,,,,,,,,False,False,False,100,,,,,,,,False,,,,,,,,,,,,,,,,,,,,,,,,,,False,False,,False
04043348,2019-05-29 19:49:00,GRU_1,pirTest,Tst,1000000000.0,../gen/Tst_pirTest/GRU_1/log/mappir.log,../gen/Tst_pirTest/GRU_1/log/runpir.log,../gen/Tst_pirTest/GRU_1/log/genpsim.log,../gen/Tst_pirTest/GRU_1/log/gentrace.log,../gen/Tst_pirTest/GRU_1/log/runpsim.log,../gen/Tst_pirTest/GRU_1/log/runpsim.sh,../gen/Tst_pirTest/GRU_1/log/runproute.log,../gen/Tst_pirTest/GRU_1/log/runproute.sh,../gen/Tst_pirTest/GRU_1/plastisim/summary.csv,../gen/Tst_pirTest/GRU_1/pir/AccelMain.scala,../gen/Tst_pirTest/GRU_1/log/,../gen/Tst_pirTest/GRU_1/log/gentst.log,../gen/Tst_pirTest/GRU_1/log/maketst.log,../gen/Tst_pirTest/GRU_1/log/runtst.log,False,,,,,,,,,,,False,False,False,100,,,,,,,,False,,,,,,,,,,,,,,,,,,,,,,,,,,False,False,,False
04043348,2019-05-29 19:49:00,Kmeans_0,pirTest,Tst,1000000000.0,../gen/Tst_pirTest/Kmeans_0/log/mappir.log,../gen/Tst_pirTest/Kmeans_0/log/runpir.log,../gen/Tst_pirTest/Kmeans_0/log/genpsim.log,../gen/Tst_pirTest/Kmeans_0/log/gentrace.log,../gen/Tst_pirTest/Kmeans_0/log/runpsim.log,../gen/Tst_pirTest/Kmeans_0/log/runpsim.sh,../gen/Tst_pirTest/Kmeans_0/log/runproute.log,../gen/Tst_pirTest/Kmeans_0/log/runproute.sh,../gen/Tst_pirTest/Kmeans_0/plastisim/summary.csv,../gen/Tst_pirTest/Kmeans_0/pir/AccelMain.scala,../gen/Tst_pirTest/Kmeans_0/log/,../gen/Tst_pirTest/Kmeans_0/log/gentst.log,../gen/Tst_pirTest/Kmeans_0/log/maketst.log,../gen/Tst_pirTest/Kmeans_0/log/runtst.log,True,,,,,,,,,,,False,False,False,100,,,,,,,,False,,,,,,,,,,,,,,,,,,,,,,,,,,False,False,,False
04043348,2019-05-29 19:49:00,Kmeans_1,pirTest,Tst,1000000000.0,../gen/Tst_pirTest/Kmeans_1/log/mappir.log,../gen/Tst_pirTest/Kmeans_1/log/runpir.log,../gen/Tst_pirTest/Kmeans_1/log/genpsim.log,../gen/Tst_pirTest/Kmeans_1/log/gentrace.log,../gen/Tst_pirTest/Kmeans_1/log/runpsim.log,../gen/Tst_pirTest/Kmeans_1/log/runpsim.sh,../gen/Tst_pirTest/Kmeans_1/log/runproute.log,../gen/Tst_pirTest/Kmeans_1/log/runproute.sh,../gen/Tst_pirTest/Kmeans_1/plastisim/summary.csv,../gen/Tst_pirTest/Kmeans_1/pir/AccelMain.scala,../gen/Tst_pirTest/Kmeans_1/log/,../gen/Tst_pirTest/Kmeans_1/log/gentst.log,../gen/Tst_pirTest/Kmeans_1/log/maketst.log,../gen/Tst_pirTest/Kmeans_1/log/runtst.log,True,,,,,,,,,,,False,False,False,100,,,,,,,,False,,,,,,,,,,,,,,,,,,,,,,,,,,False,False,,False
04043348,2019-05-29 19:49:00,Kmeans_2,pirTest,Tst,1000000000.0,../gen/Tst_pirTest/Kmeans_2/log/mappir.log,../gen/Tst_pirTest/Kmeans_2/log/runpir.log,../gen/Tst_pirTest/Kmeans_2/log/genpsim.log,../gen/Tst_pirTest/Kmeans_2/log/gentrace.log,../gen/Tst_pirTest/Kmeans_2/log/runpsim.log,../gen/Tst_pirTest/Kmeans_2/log/runpsim.sh,../gen/Tst_pirTest/Kmeans_2/log/runproute.log,../gen/Tst_pirTest/Kmeans_2/log/runproute.sh,../gen/Tst_pirTest/Kmeans_2/plastisim/summary.csv,../gen/Tst_pirTest/Kmeans_2/pir/AccelMain.scala,../gen/Tst_pirTest/Kmeans_2/log/,../gen/Tst_pirTest/Kmeans_2/log/gentst.log,../gen/Tst_pirTest/Kmeans_2/log/maketst.log,../gen/Tst_pirTest/Kmeans_2/log/runtst.log,True,,,,,,,,,,,False,False,False,100,,,,,,,,False,,,,,,,,,,,,,,,,,,,,"[[31merror[0m] 15-MemoryLowering throw java.lang.AssertionError: assertion failed: Not exactly one element in List(BankedWrite62, BankedWrite531) for broadcast in castgroup 0 for OutputField1461332910_mem List(BankedWrite62, BankedWrite531)
",7.275994482,,,,,False,False,,False
04043348,2019-05-29 19:49:00,Kmeans_3,pirTest,Tst,1000000000.0,../gen/Tst_pirTest/Kmeans_3/log/mappir.log,../gen/Tst_pirTest/Kmeans_3/log/runpir.log,../gen/Tst_pirTest/Kmeans_3/log/genpsim.log,../gen/Tst_pirTest/Kmeans_3/log/gentrace.log,../gen/Tst_pirTest/Kmeans_3/log/runpsim.log,../gen/Tst_pirTest/Kmeans_3/log/runpsim.sh,../gen/Tst_pirTest/Kmeans_3/log/runproute.log,../gen/Tst_pirTest/Kmeans_3/log/runproute.sh,../gen/Tst_pirTest/Kmeans_3/plastisim/summary.csv,../gen/Tst_pirTest/Kmeans_3/pir/AccelMain.scala,../gen/Tst_pirTest/Kmeans_3/log/,../gen/Tst_pirTest/Kmeans_3/log/gentst.log,../gen/Tst_pirTest/Kmeans_3/log/maketst.log,../gen/Tst_pirTest/Kmeans_3/log/runtst.log,True,,,,,,,,,,,False,False,False,100,,,,,,,,False,,,,,,,,,,,,,,,,,,,,,,,,,,False,False,,False
04043348,2019-05-29 19:49:00,Kmeans_4,pirTest,Tst,1000000000.0,../gen/Tst_pirTest/Kmeans_4/log/mappir.log,../gen/Tst_pirTest/Kmeans_4/log/runpir.log,../gen/Tst_pirTest/Kmeans_4/log/genpsim.log,../gen/Tst_pirTest/Kmeans_4/log/gentrace.log,../gen/Tst_pirTest/Kmeans_4/log/runpsim.log,../gen/Tst_pirTest/Kmeans_4/log/runpsim.sh,../gen/Tst_pirTest/Kmeans_4/log/runproute.log,../gen/Tst_pirTest/Kmeans_4/log/runproute.sh,../gen/Tst_pirTest/Kmeans_4/plastisim/summary.csv,../gen/Tst_pirTest/Kmeans_4/pir/AccelMain.scala,../gen/Tst_pirTest/Kmeans_4/log/,../gen/Tst_pirTest/Kmeans_4/log/gentst.log,../gen/Tst_pirTest/Kmeans_4/log/maketst.log,../gen/Tst_pirTest/Kmeans_4/log/runtst.log,True,,,,,,,,,,,False,False,False,100,,,,,,,,False,,,,,,,,,,,,,,,,,,,,"[[31merror[0m] 15-MemoryLowering throw java.lang.AssertionError: assertion failed: Not exactly one element in List(BankedWrite66, BankedWrite406) for broadcast in castgroup 0 for OutputField370948718_mem List(BankedWrite66, BankedWrite406)
",6.171257706,,,,,False,False,,False
04043348,2019-05-29 19:49:00,Kmeans_5,pirTest,Tst,1000000000.0,../gen/Tst_pirTest/Kmeans_5/log/mappir.log,../gen/Tst_pirTest/Kmeans_5/log/runpir.log,../gen/Tst_pirTest/Kmeans_5/log/genpsim.log,../gen/Tst_pirTest/Kmeans_5/log/gentrace.log,../gen/Tst_pirTest/Kmeans_5/log/runpsim.log,../gen/Tst_pirTest/Kmeans_5/log/runpsim.sh,../gen/Tst_pirTest/Kmeans_5/log/runproute.log,../gen/Tst_pirTest/Kmeans_5/log/runproute.sh,../gen/Tst_pirTest/Kmeans_5/plastisim/summary.csv,../gen/Tst_pirTest/Kmeans_5/pir/AccelMain.scala,../gen/Tst_pirTest/Kmeans_5/log/,../gen/Tst_pirTest/Kmeans_5/log/gentst.log,../gen/Tst_pirTest/Kmeans_5/log/maketst.log,../gen/Tst_pirTest/Kmeans_5/log/runtst.log,False,,,,,,,,,,,False,False,False,100,,,,,,,,False,,,,,,,,,,,,,,,,,,,,,,,,,,False,False,,False
04043348,2019-05-29 19:49:00,Kmeans_6,pirTest,Tst,1000000000.0,../gen/Tst_pirTest/Kmeans_6/log/mappir.log,../gen/Tst_pirTest/Kmeans_6/log/runpir.log,../gen/Tst_pirTest/Kmeans_6/log/genpsim.log,../gen/Tst_pirTest/Kmeans_6/log/gentrace.log,../gen/Tst_pirTest/Kmeans_6/log/runpsim.log,../gen/Tst_pirTest/Kmeans_6/log/runpsim.sh,../gen/Tst_pirTest/Kmeans_6/log/runproute.log,../gen/Tst_pirTest/Kmeans_6/log/runproute.sh,../gen/Tst_pirTest/Kmeans_6/plastisim/summary.csv,../gen/Tst_pirTest/Kmeans_6/pir/AccelMain.scala,../gen/Tst_pirTest/Kmeans_6/log/,../gen/Tst_pirTest/Kmeans_6/log/gentst.log,../gen/Tst_pirTest/Kmeans_6/log/maketst.log,../gen/Tst_pirTest/Kmeans_6/log/runtst.log,True,,,,,,,,,,,False,False,False,100,,,,,,,,False,,,,,,,,,,,,,,,,,,,,,,,,,,False,False,,False
04043348,2019-05-29 19:49:00,Kmeans_7,pirTest,Tst,1000000000.0,../gen/Tst_pirTest/Kmeans_7/log/mappir.log,../gen/Tst_pirTest/Kmeans_7/log/runpir.log,../gen/Tst_pirTest/Kmeans_7/log/genpsim.log,../gen/Tst_pirTest/Kmeans_7/log/gentrace.log,../gen/Tst_pirTest/Kmeans_7/log/runpsim.log,../gen/Tst_pirTest/Kmeans_7/log/runpsim.sh,../gen/Tst_pirTest/Kmeans_7/log/runproute.log,../gen/Tst_pirTest/Kmeans_7/log/runproute.sh,../gen/Tst_pirTest/Kmeans_7/plastisim/summary.csv,../gen/Tst_pirTest/Kmeans_7/pir/AccelMain.scala,../gen/Tst_pirTest/Kmeans_7/log/,../gen/Tst_pirTest/Kmeans_7/log/gentst.log,../gen/Tst_pirTest/Kmeans_7/log/maketst.log,../gen/Tst_pirTest/Kmeans_7/log/runtst.log,True,,,,,,,,,,,False,False,False,100,,,,,,,,False,,,,,,,,,,,,,,,,,,,,,,,,,,False,False,,False
04043348,2019-05-29 19:49:00,Kmeans_8,pirTest,Tst,1000000000.0,../gen/Tst_pirTest/Kmeans_8/log/mappir.log,../gen/Tst_pirTest/Kmeans_8/log/runpir.log,../gen/Tst_pirTest/Kmeans_8/log/genpsim.log,../gen/Tst_pirTest/Kmeans_8/log/gentrace.log,../gen/Tst_pirTest/Kmeans_8/log/runpsim.log,../gen/Tst_pirTest/Kmeans_8/log/runpsim.sh,../gen/Tst_pirTest/Kmeans_8/log/runproute.log,../gen/Tst_pirTest/Kmeans_8/log/runproute.sh,../gen/Tst_pirTest/Kmeans_8/plastisim/summary.csv,../gen/Tst_pirTest/Kmeans_8/pir/AccelMain.scala,../gen/Tst_pirTest/Kmeans_8/log/,../gen/Tst_pirTest/Kmeans_8/log/gentst.log,../gen/Tst_pirTest/Kmeans_8/log/maketst.log,../gen/Tst_pirTest/Kmeans_8/log/runtst.log,True,,,,,,,,,,,False,False,False,100,,,,,,,,False,,,,,,,,,,,,,,,,,,,,,,,,,,False,False,,False
04043348,2019-05-29 19:49:00,LSTM_0,pirTest,Tst,1000000000.0,../gen/Tst_pirTest/LSTM_0/log/mappir.log,../gen/Tst_pirTest/LSTM_0/log/runpir.log,../gen/Tst_pirTest/LSTM_0/log/genpsim.log,../gen/Tst_pirTest/LSTM_0/log/gentrace.log,../gen/Tst_pirTest/LSTM_0/log/runpsim.log,../gen/Tst_pirTest/LSTM_0/log/runpsim.sh,../gen/Tst_pirTest/LSTM_0/log/runproute.log,../gen/Tst_pirTest/LSTM_0/log/runproute.sh,../gen/Tst_pirTest/LSTM_0/plastisim/summary.csv,../gen/Tst_pirTest/LSTM_0/pir/AccelMain.scala,../gen/Tst_pirTest/LSTM_0/log/,../gen/Tst_pirTest/LSTM_0/log/gentst.log,../gen/Tst_pirTest/LSTM_0/log/maketst.log,../gen/Tst_pirTest/LSTM_0/log/runtst.log,False,[error] //TODO: Plasticine does not support unbanked unrolled access at the moment. ,,,,,,,,,,False,False,False,100,,,,,,,,False,,,,,,,,,,,,,,,,,,,,,,,,,,False,False,,False
04043348,2019-05-29 19:49:00,LSTM_1,pirTest,Tst,1000000000.0,../gen/Tst_pirTest/LSTM_1/log/mappir.log,../gen/Tst_pirTest/LSTM_1/log/runpir.log,../gen/Tst_pirTest/LSTM_1/log/genpsim.log,../gen/Tst_pirTest/LSTM_1/log/gentrace.log,../gen/Tst_pirTest/LSTM_1/log/runpsim.log,../gen/Tst_pirTest/LSTM_1/log/runpsim.sh,../gen/Tst_pirTest/LSTM_1/log/runproute.log,../gen/Tst_pirTest/LSTM_1/log/runproute.sh,../gen/Tst_pirTest/LSTM_1/plastisim/summary.csv,../gen/Tst_pirTest/LSTM_1/pir/AccelMain.scala,../gen/Tst_pirTest/LSTM_1/log/,../gen/Tst_pirTest/LSTM_1/log/gentst.log,../gen/Tst_pirTest/LSTM_1/log/maketst.log,../gen/Tst_pirTest/LSTM_1/log/runtst.log,False,[error] //TODO: Plasticine does not support unbanked unrolled access at the moment. ,,,,,,,,,,False,False,False,100,,,,,,,,False,,,,,,,,,,,,,,,,,,,,,,,,,,False,False,,False
04043348,2019-05-29 19:49:00,LUTTest_0,pirTest,Tst,1000000000.0,../gen/Tst_pirTest/LUTTest_0/log/mappir.log,../gen/Tst_pirTest/LUTTest_0/log/runpir.log,../gen/Tst_pirTest/LUTTest_0/log/genpsim.log,../gen/Tst_pirTest/LUTTest_0/log/gentrace.log,../gen/Tst_pirTest/LUTTest_0/log/runpsim.log,../gen/Tst_pirTest/LUTTest_0/log/runpsim.sh,../gen/Tst_pirTest/LUTTest_0/log/runproute.log,../gen/Tst_pirTest/LUTTest_0/log/runproute.sh,../gen/Tst_pirTest/LUTTest_0/plastisim/summary.csv,../gen/Tst_pirTest/LUTTest_0/pir/AccelMain.scala,../gen/Tst_pirTest/LUTTest_0/log/,../gen/Tst_pirTest/LUTTest_0/log/gentst.log,../gen/Tst_pirTest/LUTTest_0/log/maketst.log,../gen/Tst_pirTest/LUTTest_0/log/runtst.log,True,,,,,,,,,,,False,False,False,100,,,,,,,,False,,,,,,,,,,,,,,,,,,,,,,,,,,False,False,,False
04043348,2019-05-29 19:49:00,LUTTest_1,pirTest,Tst,1000000000.0,../gen/Tst_pirTest/LUTTest_1/log/mappir.log,../gen/Tst_pirTest/LUTTest_1/log/runpir.log,../gen/Tst_pirTest/LUTTest_1/log/genpsim.log,../gen/Tst_pirTest/LUTTest_1/log/gentrace.log,../gen/Tst_pirTest/LUTTest_1/log/runpsim.log,../gen/Tst_pirTest/LUTTest_1/log/runpsim.sh,../gen/Tst_pirTest/LUTTest_1/log/runproute.log,../gen/Tst_pirTest/LUTTest_1/log/runproute.sh,../gen/Tst_pirTest/LUTTest_1/plastisim/summary.csv,../gen/Tst_pirTest/LUTTest_1/pir/AccelMain.scala,../gen/Tst_pirTest/LUTTest_1/log/,../gen/Tst_pirTest/LUTTest_1/log/gentst.log,../gen/Tst_pirTest/LUTTest_1/log/maketst.log,../gen/Tst_pirTest/LUTTest_1/log/runtst.log,True,,,,,,,,,,,False,False,False,100,,,,,,,,False,,,,,,,,,,,,,,,,,,,,,,,,,,False,False,,False
04043348,2019-05-29 19:49:00,LUTTest_2,pirTest,Tst,1000000000.0,../gen/Tst_pirTest/LUTTest_2/log/mappir.log,../gen/Tst_pirTest/LUTTest_2/log/runpir.log,../gen/Tst_pirTest/LUTTest_2/log/genpsim.log,../gen/Tst_pirTest/LUTTest_2/log/gentrace.log,../gen/Tst_pirTest/LUTTest_2/log/runpsim.log,../gen/Tst_pirTest/LUTTest_2/log/runpsim.sh,../gen/Tst_pirTest/LUTTest_2/log/runproute.log,../gen/Tst_pirTest/LUTTest_2/log/runproute.sh,../gen/Tst_pirTest/LUTTest_2/plastisim/summary.csv,../gen/Tst_pirTest/LUTTest_2/pir/AccelMain.scala,../gen/Tst_pirTest/LUTTest_2/log/,../gen/Tst_pirTest/LUTTest_2/log/gentst.log,../gen/Tst_pirTest/LUTTest_2/log/maketst.log,../gen/Tst_pirTest/LUTTest_2/log/runtst.log,True,,,,,,,,,,,False,False,False,100,,,,,,,,False,,,,,,,,,,,,,,,,,,,,,8.511277002,,101,,True,False,True,0.0,True
04043348,2019-05-29 19:49:00,LUTTest_3,pirTest,Tst,1000000000.0,../gen/Tst_pirTest/LUTTest_3/log/mappir.log,../gen/Tst_pirTest/LUTTest_3/log/runpir.log,../gen/Tst_pirTest/LUTTest_3/log/genpsim.log,../gen/Tst_pirTest/LUTTest_3/log/gentrace.log,../gen/Tst_pirTest/LUTTest_3/log/runpsim.log,../gen/Tst_pirTest/LUTTest_3/log/runpsim.sh,../gen/Tst_pirTest/LUTTest_3/log/runproute.log,../gen/Tst_pirTest/LUTTest_3/log/runproute.sh,../gen/Tst_pirTest/LUTTest_3/plastisim/summary.csv,../gen/Tst_pirTest/LUTTest_3/pir/AccelMain.scala,../gen/Tst_pirTest/LUTTest_3/log/,../gen/Tst_pirTest/LUTTest_3/log/gentst.log,../gen/Tst_pirTest/LUTTest_3/log/maketst.log,../gen/Tst_pirTest/LUTTest_3/log/runtst.log,True,,,,,,,,,,,False,False,False,100,,,,,,,,False,,,,,,,,,,,,,,,,,,,,,,,,,,False,False,,False
04043348,2019-05-29 19:49:00,LUTTest_4,pirTest,Tst,1000000000.0,../gen/Tst_pirTest/LUTTest_4/log/mappir.log,../gen/Tst_pirTest/LUTTest_4/log/runpir.log,../gen/Tst_pirTest/LUTTest_4/log/genpsim.log,../gen/Tst_pirTest/LUTTest_4/log/gentrace.log,../gen/Tst_pirTest/LUTTest_4/log/runpsim.log,../gen/Tst_pirTest/LUTTest_4/log/runpsim.sh,../gen/Tst_pirTest/LUTTest_4/log/runproute.log,../gen/Tst_pirTest/LUTTest_4/log/runproute.sh,../gen/Tst_pirTest/LUTTest_4/plastisim/summary.csv,../gen/Tst_pirTest/LUTTest_4/pir/AccelMain.scala,../gen/Tst_pirTest/LUTTest_4/log/,../gen/Tst_pirTest/LUTTest_4/log/gentst.log,../gen/Tst_pirTest/LUTTest_4/log/maketst.log,../gen/Tst_pirTest/LUTTest_4/log/runtst.log,True,,,,,,,,,,,False,False,False,100,,,,,,,,False,,,,,,,,,,,,,,,,,,,,,,,,,,False,False,,False
04043348,2019-05-29 19:49:00,LeNet_0,pirTest,Tst,1000000000.0,../gen/Tst_pirTest/LeNet_0/log/mappir.log,../gen/Tst_pirTest/LeNet_0/log/runpir.log,../gen/Tst_pirTest/LeNet_0/log/genpsim.log,../gen/Tst_pirTest/LeNet_0/log/gentrace.log,../gen/Tst_pirTest/LeNet_0/log/runpsim.log,../gen/Tst_pirTest/LeNet_0/log/runpsim.sh,../gen/Tst_pirTest/LeNet_0/log/runproute.log,../gen/Tst_pirTest/LeNet_0/log/runproute.sh,../gen/Tst_pirTest/LeNet_0/plastisim/summary.csv,../gen/Tst_pirTest/LeNet_0/pir/AccelMain.scala,../gen/Tst_pirTest/LeNet_0/log/,../gen/Tst_pirTest/LeNet_0/log/gentst.log,../gen/Tst_pirTest/LeNet_0/log/maketst.log,../gen/Tst_pirTest/LeNet_0/log/runtst.log,True,,,,,,,,,,,False,False,False,100,,,,,,,,False,,,,,,,,,,,,,,,,,,,,,,,,,,False,False,,False
04043348,2019-05-29 19:49:00,LeNet_4,pirTest,Tst,1000000000.0,../gen/Tst_pirTest/LeNet_4/log/mappir.log,../gen/Tst_pirTest/LeNet_4/log/runpir.log,../gen/Tst_pirTest/LeNet_4/log/genpsim.log,../gen/Tst_pirTest/LeNet_4/log/gentrace.log,../gen/Tst_pirTest/LeNet_4/log/runpsim.log,../gen/Tst_pirTest/LeNet_4/log/runpsim.sh,../gen/Tst_pirTest/LeNet_4/log/runproute.log,../gen/Tst_pirTest/LeNet_4/log/runproute.sh,../gen/Tst_pirTest/LeNet_4/plastisim/summary.csv,../gen/Tst_pirTest/LeNet_4/pir/AccelMain.scala,../gen/Tst_pirTest/LeNet_4/log/,../gen/Tst_pirTest/LeNet_4/log/gentst.log,../gen/Tst_pirTest/LeNet_4/log/maketst.log,../gen/Tst_pirTest/LeNet_4/log/runtst.log,True,,,,,,,,,,,False,False,False,100,,,,,,,,False,,,,,,,,,,,,,,,,,,,,,,,,,,False,False,,False
04043348,2019-05-29 19:49:00,LogReg_0,pirTest,Tst,1000000000.0,../gen/Tst_pirTest/LogReg_0/log/mappir.log,../gen/Tst_pirTest/LogReg_0/log/runpir.log,../gen/Tst_pirTest/LogReg_0/log/genpsim.log,../gen/Tst_pirTest/LogReg_0/log/gentrace.log,../gen/Tst_pirTest/LogReg_0/log/runpsim.log,../gen/Tst_pirTest/LogReg_0/log/runpsim.sh,../gen/Tst_pirTest/LogReg_0/log/runproute.log,../gen/Tst_pirTest/LogReg_0/log/runproute.sh,../gen/Tst_pirTest/LogReg_0/plastisim/summary.csv,../gen/Tst_pirTest/LogReg_0/pir/AccelMain.scala,../gen/Tst_pirTest/LogReg_0/log/,../gen/Tst_pirTest/LogReg_0/log/gentst.log,../gen/Tst_pirTest/LogReg_0/log/maketst.log,../gen/Tst_pirTest/LogReg_0/log/runtst.log,True,,,,,,,,,,,False,False,False,100,,,,,,,,False,,,,,,,,,,,,,,,,,,,,,,,,,,False,False,,False
04043348,2019-05-29 19:49:00,LogReg_1,pirTest,Tst,1000000000.0,../gen/Tst_pirTest/LogReg_1/log/mappir.log,../gen/Tst_pirTest/LogReg_1/log/runpir.log,../gen/Tst_pirTest/LogReg_1/log/genpsim.log,../gen/Tst_pirTest/LogReg_1/log/gentrace.log,../gen/Tst_pirTest/LogReg_1/log/runpsim.log,../gen/Tst_pirTest/LogReg_1/log/runpsim.sh,../gen/Tst_pirTest/LogReg_1/log/runproute.log,../gen/Tst_pirTest/LogReg_1/log/runproute.sh,../gen/Tst_pirTest/LogReg_1/plastisim/summary.csv,../gen/Tst_pirTest/LogReg_1/pir/AccelMain.scala,../gen/Tst_pirTest/LogReg_1/log/,../gen/Tst_pirTest/LogReg_1/log/gentst.log,../gen/Tst_pirTest/LogReg_1/log/maketst.log,../gen/Tst_pirTest/LogReg_1/log/runtst.log,True,,,,,,,,,,,False,False,False,100,,,,,,,,False,,,,,,,,,,,,,,,,,,,,,,,,,,False,False,,False
04043348,2019-05-29 19:49:00,LogReg_2,pirTest,Tst,1000000000.0,../gen/Tst_pirTest/LogReg_2/log/mappir.log,../gen/Tst_pirTest/LogReg_2/log/runpir.log,../gen/Tst_pirTest/LogReg_2/log/genpsim.log,../gen/Tst_pirTest/LogReg_2/log/gentrace.log,../gen/Tst_pirTest/LogReg_2/log/runpsim.log,../gen/Tst_pirTest/LogReg_2/log/runpsim.sh,../gen/Tst_pirTest/LogReg_2/log/runproute.log,../gen/Tst_pirTest/LogReg_2/log/runproute.sh,../gen/Tst_pirTest/LogReg_2/plastisim/summary.csv,../gen/Tst_pirTest/LogReg_2/pir/AccelMain.scala,../gen/Tst_pirTest/LogReg_2/log/,../gen/Tst_pirTest/LogReg_2/log/gentst.log,../gen/Tst_pirTest/LogReg_2/log/maketst.log,../gen/Tst_pirTest/LogReg_2/log/runtst.log,True,,,,,,,,,,,False,False,False,100,,,,,,,,False,,,,,,,,,,,,,,,,,,,,"[[31merror[0m] 15-MemoryLowering throw java.lang.AssertionError: assertion failed: Not exactly one element in List(BankedWrite46, BankedWrite493) for broadcast in castgroup 0 for OutputField933181474_mem List(BankedWrite46, BankedWrite493)
",6.950634006,,,,,False,False,,False
04043348,2019-05-29 19:49:00,LogReg_3,pirTest,Tst,1000000000.0,../gen/Tst_pirTest/LogReg_3/log/mappir.log,../gen/Tst_pirTest/LogReg_3/log/runpir.log,../gen/Tst_pirTest/LogReg_3/log/genpsim.log,../gen/Tst_pirTest/LogReg_3/log/gentrace.log,../gen/Tst_pirTest/LogReg_3/log/runpsim.log,../gen/Tst_pirTest/LogReg_3/log/runpsim.sh,../gen/Tst_pirTest/LogReg_3/log/runproute.log,../gen/Tst_pirTest/LogReg_3/log/runproute.sh,../gen/Tst_pirTest/LogReg_3/plastisim/summary.csv,../gen/Tst_pirTest/LogReg_3/pir/AccelMain.scala,../gen/Tst_pirTest/LogReg_3/log/,../gen/Tst_pirTest/LogReg_3/log/gentst.log,../gen/Tst_pirTest/LogReg_3/log/maketst.log,../gen/Tst_pirTest/LogReg_3/log/runtst.log,True,,,,,,,,,,,False,False,False,100,,,,,,,,False,,,,,,,,,,,,,,,,,,,,,,,,,,False,False,,False
04043348,2019-05-29 19:49:00,LogReg_4,pirTest,Tst,1000000000.0,../gen/Tst_pirTest/LogReg_4/log/mappir.log,../gen/Tst_pirTest/LogReg_4/log/runpir.log,../gen/Tst_pirTest/LogReg_4/log/genpsim.log,../gen/Tst_pirTest/LogReg_4/log/gentrace.log,../gen/Tst_pirTest/LogReg_4/log/runpsim.log,../gen/Tst_pirTest/LogReg_4/log/runpsim.sh,../gen/Tst_pirTest/LogReg_4/log/runproute.log,../gen/Tst_pirTest/LogReg_4/log/runproute.sh,../gen/Tst_pirTest/LogReg_4/plastisim/summary.csv,../gen/Tst_pirTest/LogReg_4/pir/AccelMain.scala,../gen/Tst_pirTest/LogReg_4/log/,../gen/Tst_pirTest/LogReg_4/log/gentst.log,../gen/Tst_pirTest/LogReg_4/log/maketst.log,../gen/Tst_pirTest/LogReg_4/log/runtst.log,True,,,,,,,,,,,False,False,False,100,,,,,,,,False,,,,,,,,,,,,,,,,,,,,,,,,,,False,False,,False
04043348,2019-05-29 19:49:00,LogReg_5,pirTest,Tst,1000000000.0,../gen/Tst_pirTest/LogReg_5/log/mappir.log,../gen/Tst_pirTest/LogReg_5/log/runpir.log,../gen/Tst_pirTest/LogReg_5/log/genpsim.log,../gen/Tst_pirTest/LogReg_5/log/gentrace.log,../gen/Tst_pirTest/LogReg_5/log/runpsim.log,../gen/Tst_pirTest/LogReg_5/log/runpsim.sh,../gen/Tst_pirTest/LogReg_5/log/runproute.log,../gen/Tst_pirTest/LogReg_5/log/runproute.sh,../gen/Tst_pirTest/LogReg_5/plastisim/summary.csv,../gen/Tst_pirTest/LogReg_5/pir/AccelMain.scala,../gen/Tst_pirTest/LogReg_5/log/,../gen/Tst_pirTest/LogReg_5/log/gentst.log,../gen/Tst_pirTest/LogReg_5/log/maketst.log,../gen/Tst_pirTest/LogReg_5/log/runtst.log,True,,,,,,,,,,,False,False,False,100,,,,,,,,False,,,,,,,,,,,,,,,,,,,,,,,,,,False,False,,False
04043348,2019-05-29 19:49:00,OuterProduct_0,pirTest,Tst,1000000000.0,../gen/Tst_pirTest/OuterProduct_0/log/mappir.log,../gen/Tst_pirTest/OuterProduct_0/log/runpir.log,../gen/Tst_pirTest/OuterProduct_0/log/genpsim.log,../gen/Tst_pirTest/OuterProduct_0/log/gentrace.log,../gen/Tst_pirTest/OuterProduct_0/log/runpsim.log,../gen/Tst_pirTest/OuterProduct_0/log/runpsim.sh,../gen/Tst_pirTest/OuterProduct_0/log/runproute.log,../gen/Tst_pirTest/OuterProduct_0/log/runproute.sh,../gen/Tst_pirTest/OuterProduct_0/plastisim/summary.csv,../gen/Tst_pirTest/OuterProduct_0/pir/AccelMain.scala,../gen/Tst_pirTest/OuterProduct_0/log/,../gen/Tst_pirTest/OuterProduct_0/log/gentst.log,../gen/Tst_pirTest/OuterProduct_0/log/maketst.log,../gen/Tst_pirTest/OuterProduct_0/log/runtst.log,True,,,,,,,,,,,False,False,False,100,,,,,,,,False,,,,,,,,,,,,,,,,,,,,,12.459866149,,18590,,True,False,True,0.0,True
04043348,2019-05-29 19:49:00,OuterProduct_1,pirTest,Tst,1000000000.0,../gen/Tst_pirTest/OuterProduct_1/log/mappir.log,../gen/Tst_pirTest/OuterProduct_1/log/runpir.log,../gen/Tst_pirTest/OuterProduct_1/log/genpsim.log,../gen/Tst_pirTest/OuterProduct_1/log/gentrace.log,../gen/Tst_pirTest/OuterProduct_1/log/runpsim.log,../gen/Tst_pirTest/OuterProduct_1/log/runpsim.sh,../gen/Tst_pirTest/OuterProduct_1/log/runproute.log,../gen/Tst_pirTest/OuterProduct_1/log/runproute.sh,../gen/Tst_pirTest/OuterProduct_1/plastisim/summary.csv,../gen/Tst_pirTest/OuterProduct_1/pir/AccelMain.scala,../gen/Tst_pirTest/OuterProduct_1/log/,../gen/Tst_pirTest/OuterProduct_1/log/gentst.log,../gen/Tst_pirTest/OuterProduct_1/log/maketst.log,../gen/Tst_pirTest/OuterProduct_1/log/runtst.log,True,,,,,,,,,,,False,False,False,100,,,,,,,,False,,,,,,,,,,,,,,,,,,,,,,,,,,False,False,,False
04043348,2019-05-29 19:49:00,OuterProduct_2,pirTest,Tst,1000000000.0,../gen/Tst_pirTest/OuterProduct_2/log/mappir.log,../gen/Tst_pirTest/OuterProduct_2/log/runpir.log,../gen/Tst_pirTest/OuterProduct_2/log/genpsim.log,../gen/Tst_pirTest/OuterProduct_2/log/gentrace.log,../gen/Tst_pirTest/OuterProduct_2/log/runpsim.log,../gen/Tst_pirTest/OuterProduct_2/log/runpsim.sh,../gen/Tst_pirTest/OuterProduct_2/log/runproute.log,../gen/Tst_pirTest/OuterProduct_2/log/runproute.sh,../gen/Tst_pirTest/OuterProduct_2/plastisim/summary.csv,../gen/Tst_pirTest/OuterProduct_2/pir/AccelMain.scala,../gen/Tst_pirTest/OuterProduct_2/log/,../gen/Tst_pirTest/OuterProduct_2/log/gentst.log,../gen/Tst_pirTest/OuterProduct_2/log/maketst.log,../gen/Tst_pirTest/OuterProduct_2/log/runtst.log,True,,,,,,,,,,,False,False,False,100,,,,,,,,False,,,,,,,,,,,,,,,,,,,,,17.875883552,,33105,,True,False,True,0.0,True
04043348,2019-05-29 19:49:00,OuterProduct_3,pirTest,Tst,1000000000.0,../gen/Tst_pirTest/OuterProduct_3/log/mappir.log,../gen/Tst_pirTest/OuterProduct_3/log/runpir.log,../gen/Tst_pirTest/OuterProduct_3/log/genpsim.log,../gen/Tst_pirTest/OuterProduct_3/log/gentrace.log,../gen/Tst_pirTest/OuterProduct_3/log/runpsim.log,../gen/Tst_pirTest/OuterProduct_3/log/runpsim.sh,../gen/Tst_pirTest/OuterProduct_3/log/runproute.log,../gen/Tst_pirTest/OuterProduct_3/log/runproute.sh,../gen/Tst_pirTest/OuterProduct_3/plastisim/summary.csv,../gen/Tst_pirTest/OuterProduct_3/pir/AccelMain.scala,../gen/Tst_pirTest/OuterProduct_3/log/,../gen/Tst_pirTest/OuterProduct_3/log/gentst.log,../gen/Tst_pirTest/OuterProduct_3/log/maketst.log,../gen/Tst_pirTest/OuterProduct_3/log/runtst.log,True,,,,,,,,,,,False,False,False,100,,,,,,,,False,,,,,,,,,,,,,,,,,,,,,20.050747957,,33110,,True,False,True,0.0,True
04043348,2019-05-29 19:49:00,OuterProduct_4,pirTest,Tst,1000000000.0,../gen/Tst_pirTest/OuterProduct_4/log/mappir.log,../gen/Tst_pirTest/OuterProduct_4/log/runpir.log,../gen/Tst_pirTest/OuterProduct_4/log/genpsim.log,../gen/Tst_pirTest/OuterProduct_4/log/gentrace.log,../gen/Tst_pirTest/OuterProduct_4/log/runpsim.log,../gen/Tst_pirTest/OuterProduct_4/log/runpsim.sh,../gen/Tst_pirTest/OuterProduct_4/log/runproute.log,../gen/Tst_pirTest/OuterProduct_4/log/runproute.sh,../gen/Tst_pirTest/OuterProduct_4/plastisim/summary.csv,../gen/Tst_pirTest/OuterProduct_4/pir/AccelMain.scala,../gen/Tst_pirTest/OuterProduct_4/log/,../gen/Tst_pirTest/OuterProduct_4/log/gentst.log,../gen/Tst_pirTest/OuterProduct_4/log/maketst.log,../gen/Tst_pirTest/OuterProduct_4/log/runtst.log,True,,,,,,,,,,,False,False,False,100,,,,,,,,False,,,,,,,,,,,,,,,,,,,,,,,,,,False,False,,False
04043348,2019-05-29 19:49:00,OuterProduct_5,pirTest,Tst,1000000000.0,../gen/Tst_pirTest/OuterProduct_5/log/mappir.log,../gen/Tst_pirTest/OuterProduct_5/log/runpir.log,../gen/Tst_pirTest/OuterProduct_5/log/genpsim.log,../gen/Tst_pirTest/OuterProduct_5/log/gentrace.log,../gen/Tst_pirTest/OuterProduct_5/log/runpsim.log,../gen/Tst_pirTest/OuterProduct_5/log/runpsim.sh,../gen/Tst_pirTest/OuterProduct_5/log/runproute.log,../gen/Tst_pirTest/OuterProduct_5/log/runproute.sh,../gen/Tst_pirTest/OuterProduct_5/plastisim/summary.csv,../gen/Tst_pirTest/OuterProduct_5/pir/AccelMain.scala,../gen/Tst_pirTest/OuterProduct_5/log/,../gen/Tst_pirTest/OuterProduct_5/log/gentst.log,../gen/Tst_pirTest/OuterProduct_5/log/maketst.log,../gen/Tst_pirTest/OuterProduct_5/log/runtst.log,True,,,,,,,,,,,False,False,False,100,,,,,,,,False,,,,,,,,,,,,,,,,,,,,,36.299871538,,9108,,True,False,True,0.0,True
04043348,2019-05-29 19:49:00,OuterProduct_6,pirTest,Tst,1000000000.0,../gen/Tst_pirTest/OuterProduct_6/log/mappir.log,../gen/Tst_pirTest/OuterProduct_6/log/runpir.log,../gen/Tst_pirTest/OuterProduct_6/log/genpsim.log,../gen/Tst_pirTest/OuterProduct_6/log/gentrace.log,../gen/Tst_pirTest/OuterProduct_6/log/runpsim.log,../gen/Tst_pirTest/OuterProduct_6/log/runpsim.sh,../gen/Tst_pirTest/OuterProduct_6/log/runproute.log,../gen/Tst_pirTest/OuterProduct_6/log/runproute.sh,../gen/Tst_pirTest/OuterProduct_6/plastisim/summary.csv,../gen/Tst_pirTest/OuterProduct_6/pir/AccelMain.scala,../gen/Tst_pirTest/OuterProduct_6/log/,../gen/Tst_pirTest/OuterProduct_6/log/gentst.log,../gen/Tst_pirTest/OuterProduct_6/log/maketst.log,../gen/Tst_pirTest/OuterProduct_6/log/runtst.log,True,,,,,,,,,,,False,False,False,100,,,,,,,,False,,,,,,,,,,,,,,,,,,,,,12.544997119,,18541,,True,False,True,0.0,True
04043348,2019-05-29 19:49:00,OuterProduct_7,pirTest,Tst,1000000000.0,../gen/Tst_pirTest/OuterProduct_7/log/mappir.log,../gen/Tst_pirTest/OuterProduct_7/log/runpir.log,../gen/Tst_pirTest/OuterProduct_7/log/genpsim.log,../gen/Tst_pirTest/OuterProduct_7/log/gentrace.log,../gen/Tst_pirTest/OuterProduct_7/log/runpsim.log,../gen/Tst_pirTest/OuterProduct_7/log/runpsim.sh,../gen/Tst_pirTest/OuterProduct_7/log/runproute.log,../gen/Tst_pirTest/OuterProduct_7/log/runproute.sh,../gen/Tst_pirTest/OuterProduct_7/plastisim/summary.csv,../gen/Tst_pirTest/OuterProduct_7/pir/AccelMain.scala,../gen/Tst_pirTest/OuterProduct_7/log/,../gen/Tst_pirTest/OuterProduct_7/log/gentst.log,../gen/Tst_pirTest/OuterProduct_7/log/maketst.log,../gen/Tst_pirTest/OuterProduct_7/log/runtst.log,True,,,,,,,,,,,False,False,False,100,,,,,,,,False,,,,,,,,,,,,,,,,,,,,,,,,,,False,False,,False
04043348,2019-05-29 19:49:00,SGD_0,pirTest,Tst,1000000000.0,../gen/Tst_pirTest/SGD_0/log/mappir.log,../gen/Tst_pirTest/SGD_0/log/runpir.log,../gen/Tst_pirTest/SGD_0/log/genpsim.log,../gen/Tst_pirTest/SGD_0/log/gentrace.log,../gen/Tst_pirTest/SGD_0/log/runpsim.log,../gen/Tst_pirTest/SGD_0/log/runpsim.sh,../gen/Tst_pirTest/SGD_0/log/runproute.log,../gen/Tst_pirTest/SGD_0/log/runproute.sh,../gen/Tst_pirTest/SGD_0/plastisim/summary.csv,../gen/Tst_pirTest/SGD_0/pir/AccelMain.scala,../gen/Tst_pirTest/SGD_0/log/,../gen/Tst_pirTest/SGD_0/log/gentst.log,../gen/Tst_pirTest/SGD_0/log/maketst.log,../gen/Tst_pirTest/SGD_0/log/runtst.log,True,,,,,,,,,,,False,False,False,100,,,,,,,,False,,,,,,,,,,,,,,,,,,,,"[[31merror[0m] 15-MemoryLowering throw java.lang.AssertionError: assertion failed: Not exactly one element in List(BankedWrite30, BankedWrite229) for broadcast in castgroup 0 for OutputField1339086536_mem List(BankedWrite30, BankedWrite229)
",5.439617636,,,,,False,False,,False
04043348,2019-05-29 19:49:00,SGD_1,pirTest,Tst,1000000000.0,../gen/Tst_pirTest/SGD_1/log/mappir.log,../gen/Tst_pirTest/SGD_1/log/runpir.log,../gen/Tst_pirTest/SGD_1/log/genpsim.log,../gen/Tst_pirTest/SGD_1/log/gentrace.log,../gen/Tst_pirTest/SGD_1/log/runpsim.log,../gen/Tst_pirTest/SGD_1/log/runpsim.sh,../gen/Tst_pirTest/SGD_1/log/runproute.log,../gen/Tst_pirTest/SGD_1/log/runproute.sh,../gen/Tst_pirTest/SGD_1/plastisim/summary.csv,../gen/Tst_pirTest/SGD_1/pir/AccelMain.scala,../gen/Tst_pirTest/SGD_1/log/,../gen/Tst_pirTest/SGD_1/log/gentst.log,../gen/Tst_pirTest/SGD_1/log/maketst.log,../gen/Tst_pirTest/SGD_1/log/runtst.log,True,,,,,,,,,,,False,False,False,100,,,,,,,,False,,,,,,,,,,,,,,,,,,,,,,,,,,False,False,,False
04043348,2019-05-29 19:49:00,SGD_2,pirTest,Tst,1000000000.0,../gen/Tst_pirTest/SGD_2/log/mappir.log,../gen/Tst_pirTest/SGD_2/log/runpir.log,../gen/Tst_pirTest/SGD_2/log/genpsim.log,../gen/Tst_pirTest/SGD_2/log/gentrace.log,../gen/Tst_pirTest/SGD_2/log/runpsim.log,../gen/Tst_pirTest/SGD_2/log/runpsim.sh,../gen/Tst_pirTest/SGD_2/log/runproute.log,../gen/Tst_pirTest/SGD_2/log/runproute.sh,../gen/Tst_pirTest/SGD_2/plastisim/summary.csv,../gen/Tst_pirTest/SGD_2/pir/AccelMain.scala,../gen/Tst_pirTest/SGD_2/log/,../gen/Tst_pirTest/SGD_2/log/gentst.log,../gen/Tst_pirTest/SGD_2/log/maketst.log,../gen/Tst_pirTest/SGD_2/log/runtst.log,True,,,,,,,,,,,False,False,False,100,,,,,,,,False,,,,,,,,,,,,,,,,,,,,,,,,,,False,False,,False
04043348,2019-05-29 19:49:00,SGD_3,pirTest,Tst,1000000000.0,../gen/Tst_pirTest/SGD_3/log/mappir.log,../gen/Tst_pirTest/SGD_3/log/runpir.log,../gen/Tst_pirTest/SGD_3/log/genpsim.log,../gen/Tst_pirTest/SGD_3/log/gentrace.log,../gen/Tst_pirTest/SGD_3/log/runpsim.log,../gen/Tst_pirTest/SGD_3/log/runpsim.sh,../gen/Tst_pirTest/SGD_3/log/runproute.log,../gen/Tst_pirTest/SGD_3/log/runproute.sh,../gen/Tst_pirTest/SGD_3/plastisim/summary.csv,../gen/Tst_pirTest/SGD_3/pir/AccelMain.scala,../gen/Tst_pirTest/SGD_3/log/,../gen/Tst_pirTest/SGD_3/log/gentst.log,../gen/Tst_pirTest/SGD_3/log/maketst.log,../gen/Tst_pirTest/SGD_3/log/runtst.log,True,,,,,,,,,,,False,False,False,100,,,,,,,,False,,,,,,,,,,,,,,,,,,,,,,,,,,False,False,,False
04043348,2019-05-29 19:49:00,SimpleDotProduct_0,pirTest,Tst,1000000000.0,../gen/Tst_pirTest/SimpleDotProduct_0/log/mappir.log,../gen/Tst_pirTest/SimpleDotProduct_0/log/runpir.log,../gen/Tst_pirTest/SimpleDotProduct_0/log/genpsim.log,../gen/Tst_pirTest/SimpleDotProduct_0/log/gentrace.log,../gen/Tst_pirTest/SimpleDotProduct_0/log/runpsim.log,../gen/Tst_pirTest/SimpleDotProduct_0/log/runpsim.sh,../gen/Tst_pirTest/SimpleDotProduct_0/log/runproute.log,../gen/Tst_pirTest/SimpleDotProduct_0/log/runproute.sh,../gen/Tst_pirTest/SimpleDotProduct_0/plastisim/summary.csv,../gen/Tst_pirTest/SimpleDotProduct_0/pir/AccelMain.scala,../gen/Tst_pirTest/SimpleDotProduct_0/log/,../gen/Tst_pirTest/SimpleDotProduct_0/log/gentst.log,../gen/Tst_pirTest/SimpleDotProduct_0/log/maketst.log,../gen/Tst_pirTest/SimpleDotProduct_0/log/runtst.log,True,,,,,,,,,,,False,False,False,100,,,,,,,,False,,,,,,,,,,,,,,,,,,,,,,,,,,False,False,,False
04043348,2019-05-29 19:49:00,SplitStream,pirTest,Tst,1000000000.0,../gen/Tst_pirTest/SplitStream/log/mappir.log,../gen/Tst_pirTest/SplitStream/log/runpir.log,../gen/Tst_pirTest/SplitStream/log/genpsim.log,../gen/Tst_pirTest/SplitStream/log/gentrace.log,../gen/Tst_pirTest/SplitStream/log/runpsim.log,../gen/Tst_pirTest/SplitStream/log/runpsim.sh,../gen/Tst_pirTest/SplitStream/log/runproute.log,../gen/Tst_pirTest/SplitStream/log/runproute.sh,../gen/Tst_pirTest/SplitStream/plastisim/summary.csv,../gen/Tst_pirTest/SplitStream/pir/AccelMain.scala,../gen/Tst_pirTest/SplitStream/log/,../gen/Tst_pirTest/SplitStream/log/gentst.log,../gen/Tst_pirTest/SplitStream/log/maketst.log,../gen/Tst_pirTest/SplitStream/log/runtst.log,False,[bug] Encountered exception while updating node,,,,,,,,,,False,False,False,100,,,,,,,,False,,,,,,,,,,,,,,,,,,,,,,,,,,False,False,,False
04043348,2019-05-29 19:49:00,SplitStream2,pirTest,Tst,1000000000.0,../gen/Tst_pirTest/SplitStream2/log/mappir.log,../gen/Tst_pirTest/SplitStream2/log/runpir.log,../gen/Tst_pirTest/SplitStream2/log/genpsim.log,../gen/Tst_pirTest/SplitStream2/log/gentrace.log,../gen/Tst_pirTest/SplitStream2/log/runpsim.log,../gen/Tst_pirTest/SplitStream2/log/runpsim.sh,../gen/Tst_pirTest/SplitStream2/log/runproute.log,../gen/Tst_pirTest/SplitStream2/log/runproute.sh,../gen/Tst_pirTest/SplitStream2/plastisim/summary.csv,../gen/Tst_pirTest/SplitStream2/pir/AccelMain.scala,../gen/Tst_pirTest/SplitStream2/log/,../gen/Tst_pirTest/SplitStream2/log/gentst.log,../gen/Tst_pirTest/SplitStream2/log/maketst.log,../gen/Tst_pirTest/SplitStream2/log/runtst.log,False,[bug] Encountered exception while updating node,,,,,,,,,,False,False,False,100,,,,,,,,False,,,,,,,,,,,,,,,,,,,,,,,,,,False,False,,False
04043348,2019-05-29 19:49:00,StreamDotProduct_0,pirTest,Tst,1000000000.0,../gen/Tst_pirTest/StreamDotProduct_0/log/mappir.log,../gen/Tst_pirTest/StreamDotProduct_0/log/runpir.log,../gen/Tst_pirTest/StreamDotProduct_0/log/genpsim.log,../gen/Tst_pirTest/StreamDotProduct_0/log/gentrace.log,../gen/Tst_pirTest/StreamDotProduct_0/log/runpsim.log,../gen/Tst_pirTest/StreamDotProduct_0/log/runpsim.sh,../gen/Tst_pirTest/StreamDotProduct_0/log/runproute.log,../gen/Tst_pirTest/StreamDotProduct_0/log/runproute.sh,../gen/Tst_pirTest/StreamDotProduct_0/plastisim/summary.csv,../gen/Tst_pirTest/StreamDotProduct_0/pir/AccelMain.scala,../gen/Tst_pirTest/StreamDotProduct_0/log/,../gen/Tst_pirTest/StreamDotProduct_0/log/gentst.log,../gen/Tst_pirTest/StreamDotProduct_0/log/maketst.log,../gen/Tst_pirTest/StreamDotProduct_0/log/runtst.log,True,,,,,,,,,,,False,False,False,100,,,,,,,,False,,,,,,,,,,,,,,,,,,,,,7.016512074,,183,,True,False,True,0.0,True
04043348,2019-05-29 19:49:00,StreamDotProduct_1,pirTest,Tst,1000000000.0,../gen/Tst_pirTest/StreamDotProduct_1/log/mappir.log,../gen/Tst_pirTest/StreamDotProduct_1/log/runpir.log,../gen/Tst_pirTest/StreamDotProduct_1/log/genpsim.log,../gen/Tst_pirTest/StreamDotProduct_1/log/gentrace.log,../gen/Tst_pirTest/StreamDotProduct_1/log/runpsim.log,../gen/Tst_pirTest/StreamDotProduct_1/log/runpsim.sh,../gen/Tst_pirTest/StreamDotProduct_1/log/runproute.log,../gen/Tst_pirTest/StreamDotProduct_1/log/runproute.sh,../gen/Tst_pirTest/StreamDotProduct_1/plastisim/summary.csv,../gen/Tst_pirTest/StreamDotProduct_1/pir/AccelMain.scala,../gen/Tst_pirTest/StreamDotProduct_1/log/,../gen/Tst_pirTest/StreamDotProduct_1/log/gentst.log,../gen/Tst_pirTest/StreamDotProduct_1/log/maketst.log,../gen/Tst_pirTest/StreamDotProduct_1/log/runtst.log,True,,,,,,,,,,,False,False,False,100,,,,,,,,False,,,,,,,,,,,,,,,,,,,,,10.207947219,,310,,True,False,True,0.0,True
04043348,2019-05-29 19:49:00,StreamDotProduct_2,pirTest,Tst,1000000000.0,../gen/Tst_pirTest/StreamDotProduct_2/log/mappir.log,../gen/Tst_pirTest/StreamDotProduct_2/log/runpir.log,../gen/Tst_pirTest/StreamDotProduct_2/log/genpsim.log,../gen/Tst_pirTest/StreamDotProduct_2/log/gentrace.log,../gen/Tst_pirTest/StreamDotProduct_2/log/runpsim.log,../gen/Tst_pirTest/StreamDotProduct_2/log/runpsim.sh,../gen/Tst_pirTest/StreamDotProduct_2/log/runproute.log,../gen/Tst_pirTest/StreamDotProduct_2/log/runproute.sh,../gen/Tst_pirTest/StreamDotProduct_2/plastisim/summary.csv,../gen/Tst_pirTest/StreamDotProduct_2/pir/AccelMain.scala,../gen/Tst_pirTest/StreamDotProduct_2/log/,../gen/Tst_pirTest/StreamDotProduct_2/log/gentst.log,../gen/Tst_pirTest/StreamDotProduct_2/log/maketst.log,../gen/Tst_pirTest/StreamDotProduct_2/log/runtst.log,True,,,,,,,,,,,False,False,False,100,,,,,,,,False,,,,,,,,,,,,,,,,,,,,,8.454028558,,298,,True,False,True,0.0,True
04043348,2019-05-29 19:49:00,StreamDotProduct_3,pirTest,Tst,1000000000.0,../gen/Tst_pirTest/StreamDotProduct_3/log/mappir.log,../gen/Tst_pirTest/StreamDotProduct_3/log/runpir.log,../gen/Tst_pirTest/StreamDotProduct_3/log/genpsim.log,../gen/Tst_pirTest/StreamDotProduct_3/log/gentrace.log,../gen/Tst_pirTest/StreamDotProduct_3/log/runpsim.log,../gen/Tst_pirTest/StreamDotProduct_3/log/runpsim.sh,../gen/Tst_pirTest/StreamDotProduct_3/log/runproute.log,../gen/Tst_pirTest/StreamDotProduct_3/log/runproute.sh,../gen/Tst_pirTest/StreamDotProduct_3/plastisim/summary.csv,../gen/Tst_pirTest/StreamDotProduct_3/pir/AccelMain.scala,../gen/Tst_pirTest/StreamDotProduct_3/log/,../gen/Tst_pirTest/StreamDotProduct_3/log/gentst.log,../gen/Tst_pirTest/StreamDotProduct_3/log/maketst.log,../gen/Tst_pirTest/StreamDotProduct_3/log/runtst.log,True,,,,,,,,,,,False,False,False,100,,,,,,,,False,,,,,,,,,,,,,,,,,,,,,11.584272848,,321,,True,False,True,0.0,True
04043348,2019-05-29 19:49:00,StreamDotProduct_4,pirTest,Tst,1000000000.0,../gen/Tst_pirTest/StreamDotProduct_4/log/mappir.log,../gen/Tst_pirTest/StreamDotProduct_4/log/runpir.log,../gen/Tst_pirTest/StreamDotProduct_4/log/genpsim.log,../gen/Tst_pirTest/StreamDotProduct_4/log/gentrace.log,../gen/Tst_pirTest/StreamDotProduct_4/log/runpsim.log,../gen/Tst_pirTest/StreamDotProduct_4/log/runpsim.sh,../gen/Tst_pirTest/StreamDotProduct_4/log/runproute.log,../gen/Tst_pirTest/StreamDotProduct_4/log/runproute.sh,../gen/Tst_pirTest/StreamDotProduct_4/plastisim/summary.csv,../gen/Tst_pirTest/StreamDotProduct_4/pir/AccelMain.scala,../gen/Tst_pirTest/StreamDotProduct_4/log/,../gen/Tst_pirTest/StreamDotProduct_4/log/gentst.log,../gen/Tst_pirTest/StreamDotProduct_4/log/maketst.log,../gen/Tst_pirTest/StreamDotProduct_4/log/runtst.log,True,,,,,,,,,,,False,False,False,100,,,,,,,,False,,,,,,,,,,,,,,,,,,,,,,,,,,False,False,,False
04043348,2019-05-29 19:49:00,StreamInOut,pirTest,Tst,1000000000.0,../gen/Tst_pirTest/StreamInOut/log/mappir.log,../gen/Tst_pirTest/StreamInOut/log/runpir.log,../gen/Tst_pirTest/StreamInOut/log/genpsim.log,../gen/Tst_pirTest/StreamInOut/log/gentrace.log,../gen/Tst_pirTest/StreamInOut/log/runpsim.log,../gen/Tst_pirTest/StreamInOut/log/runpsim.sh,../gen/Tst_pirTest/StreamInOut/log/runproute.log,../gen/Tst_pirTest/StreamInOut/log/runproute.sh,../gen/Tst_pirTest/StreamInOut/plastisim/summary.csv,../gen/Tst_pirTest/StreamInOut/pir/AccelMain.scala,../gen/Tst_pirTest/StreamInOut/log/,../gen/Tst_pirTest/StreamInOut/log/gentst.log,../gen/Tst_pirTest/StreamInOut/log/maketst.log,../gen/Tst_pirTest/StreamInOut/log/runtst.log,True,,,,,,,,,,,False,False,False,100,,,,,,,,False,,,,,,,,,,,,,,,,,,,,,,,,,,False,False,,False
04043348,2019-05-29 19:49:00,StreamInOutStop,pirTest,Tst,1000000000.0,../gen/Tst_pirTest/StreamInOutStop/log/mappir.log,../gen/Tst_pirTest/StreamInOutStop/log/runpir.log,../gen/Tst_pirTest/StreamInOutStop/log/genpsim.log,../gen/Tst_pirTest/StreamInOutStop/log/gentrace.log,../gen/Tst_pirTest/StreamInOutStop/log/runpsim.log,../gen/Tst_pirTest/StreamInOutStop/log/runpsim.sh,../gen/Tst_pirTest/StreamInOutStop/log/runproute.log,../gen/Tst_pirTest/StreamInOutStop/log/runproute.sh,../gen/Tst_pirTest/StreamInOutStop/plastisim/summary.csv,../gen/Tst_pirTest/StreamInOutStop/pir/AccelMain.scala,../gen/Tst_pirTest/StreamInOutStop/log/,../gen/Tst_pirTest/StreamInOutStop/log/gentst.log,../gen/Tst_pirTest/StreamInOutStop/log/maketst.log,../gen/Tst_pirTest/StreamInOutStop/log/runtst.log,True,,,,,,,,,,,False,False,False,100,,,,,,,,False,,,,,,,,,,,,,,,,,,,,,,,,,,False,False,,False
04043348,2019-05-29 19:49:00,StreamNN_0,pirTest,Tst,1000000000.0,../gen/Tst_pirTest/StreamNN_0/log/mappir.log,../gen/Tst_pirTest/StreamNN_0/log/runpir.log,../gen/Tst_pirTest/StreamNN_0/log/genpsim.log,../gen/Tst_pirTest/StreamNN_0/log/gentrace.log,../gen/Tst_pirTest/StreamNN_0/log/runpsim.log,../gen/Tst_pirTest/StreamNN_0/log/runpsim.sh,../gen/Tst_pirTest/StreamNN_0/log/runproute.log,../gen/Tst_pirTest/StreamNN_0/log/runproute.sh,../gen/Tst_pirTest/StreamNN_0/plastisim/summary.csv,../gen/Tst_pirTest/StreamNN_0/pir/AccelMain.scala,../gen/Tst_pirTest/StreamNN_0/log/,../gen/Tst_pirTest/StreamNN_0/log/gentst.log,../gen/Tst_pirTest/StreamNN_0/log/maketst.log,../gen/Tst_pirTest/StreamNN_0/log/runtst.log,True,,,,,,,,,,,False,False,False,100,,,,,,,,False,,,,,,,,,,,,,,,,,,,,,11.118244315,,4246,,True,False,True,0.0,True
04043348,2019-05-29 19:49:00,StreamNN_1,pirTest,Tst,1000000000.0,../gen/Tst_pirTest/StreamNN_1/log/mappir.log,../gen/Tst_pirTest/StreamNN_1/log/runpir.log,../gen/Tst_pirTest/StreamNN_1/log/genpsim.log,../gen/Tst_pirTest/StreamNN_1/log/gentrace.log,../gen/Tst_pirTest/StreamNN_1/log/runpsim.log,../gen/Tst_pirTest/StreamNN_1/log/runpsim.sh,../gen/Tst_pirTest/StreamNN_1/log/runproute.log,../gen/Tst_pirTest/StreamNN_1/log/runproute.sh,../gen/Tst_pirTest/StreamNN_1/plastisim/summary.csv,../gen/Tst_pirTest/StreamNN_1/pir/AccelMain.scala,../gen/Tst_pirTest/StreamNN_1/log/,../gen/Tst_pirTest/StreamNN_1/log/gentst.log,../gen/Tst_pirTest/StreamNN_1/log/maketst.log,../gen/Tst_pirTest/StreamNN_1/log/runtst.log,True,,,,,,,,,,,False,False,False,100,,,,,,,,False,,,,,,,,,,,,,,,,,,,,,,,,,,False,False,,False
04043348,2019-05-29 19:49:00,StreamNN_2,pirTest,Tst,1000000000.0,../gen/Tst_pirTest/StreamNN_2/log/mappir.log,../gen/Tst_pirTest/StreamNN_2/log/runpir.log,../gen/Tst_pirTest/StreamNN_2/log/genpsim.log,../gen/Tst_pirTest/StreamNN_2/log/gentrace.log,../gen/Tst_pirTest/StreamNN_2/log/runpsim.log,../gen/Tst_pirTest/StreamNN_2/log/runpsim.sh,../gen/Tst_pirTest/StreamNN_2/log/runproute.log,../gen/Tst_pirTest/StreamNN_2/log/runproute.sh,../gen/Tst_pirTest/StreamNN_2/plastisim/summary.csv,../gen/Tst_pirTest/StreamNN_2/pir/AccelMain.scala,../gen/Tst_pirTest/StreamNN_2/log/,../gen/Tst_pirTest/StreamNN_2/log/gentst.log,../gen/Tst_pirTest/StreamNN_2/log/maketst.log,../gen/Tst_pirTest/StreamNN_2/log/runtst.log,True,,,,,,,,,,,False,False,False,100,,,,,,,,False,,,,,,,,,,,,,,,,,,,,,,,,,,False,False,,False
04043348,2019-05-29 19:49:00,StreamNN_3,pirTest,Tst,1000000000.0,../gen/Tst_pirTest/StreamNN_3/log/mappir.log,../gen/Tst_pirTest/StreamNN_3/log/runpir.log,../gen/Tst_pirTest/StreamNN_3/log/genpsim.log,../gen/Tst_pirTest/StreamNN_3/log/gentrace.log,../gen/Tst_pirTest/StreamNN_3/log/runpsim.log,../gen/Tst_pirTest/StreamNN_3/log/runpsim.sh,../gen/Tst_pirTest/StreamNN_3/log/runproute.log,../gen/Tst_pirTest/StreamNN_3/log/runproute.sh,../gen/Tst_pirTest/StreamNN_3/plastisim/summary.csv,../gen/Tst_pirTest/StreamNN_3/pir/AccelMain.scala,../gen/Tst_pirTest/StreamNN_3/log/,../gen/Tst_pirTest/StreamNN_3/log/gentst.log,../gen/Tst_pirTest/StreamNN_3/log/maketst.log,../gen/Tst_pirTest/StreamNN_3/log/runtst.log,True,,,,,,,,,,,False,False,False,100,,,,,,,,False,,,,,,,,,,,,,,,,,,,,,,,,,,False,False,,False
04043348,2019-05-29 19:49:00,StreamNN_4,pirTest,Tst,1000000000.0,../gen/Tst_pirTest/StreamNN_4/log/mappir.log,../gen/Tst_pirTest/StreamNN_4/log/runpir.log,../gen/Tst_pirTest/StreamNN_4/log/genpsim.log,../gen/Tst_pirTest/StreamNN_4/log/gentrace.log,../gen/Tst_pirTest/StreamNN_4/log/runpsim.log,../gen/Tst_pirTest/StreamNN_4/log/runpsim.sh,../gen/Tst_pirTest/StreamNN_4/log/runproute.log,../gen/Tst_pirTest/StreamNN_4/log/runproute.sh,../gen/Tst_pirTest/StreamNN_4/plastisim/summary.csv,../gen/Tst_pirTest/StreamNN_4/pir/AccelMain.scala,../gen/Tst_pirTest/StreamNN_4/log/,../gen/Tst_pirTest/StreamNN_4/log/gentst.log,../gen/Tst_pirTest/StreamNN_4/log/maketst.log,../gen/Tst_pirTest/StreamNN_4/log/runtst.log,True,,,,,,,,,,,False,False,False,100,,,,,,,,False,,,,,,,,,,,,,,,,,,,,,,,,,,False,False,,False
04043348,2019-05-29 19:49:00,StreamNN_5,pirTest,Tst,1000000000.0,../gen/Tst_pirTest/StreamNN_5/log/mappir.log,../gen/Tst_pirTest/StreamNN_5/log/runpir.log,../gen/Tst_pirTest/StreamNN_5/log/genpsim.log,../gen/Tst_pirTest/StreamNN_5/log/gentrace.log,../gen/Tst_pirTest/StreamNN_5/log/runpsim.log,../gen/Tst_pirTest/StreamNN_5/log/runpsim.sh,../gen/Tst_pirTest/StreamNN_5/log/runproute.log,../gen/Tst_pirTest/StreamNN_5/log/runproute.sh,../gen/Tst_pirTest/StreamNN_5/plastisim/summary.csv,../gen/Tst_pirTest/StreamNN_5/pir/AccelMain.scala,../gen/Tst_pirTest/StreamNN_5/log/,../gen/Tst_pirTest/StreamNN_5/log/gentst.log,../gen/Tst_pirTest/StreamNN_5/log/maketst.log,../gen/Tst_pirTest/StreamNN_5/log/runtst.log,True,,,,,,,,,,,False,False,False,100,,,,,,,,False,,,,,,,,,,,,,,,,,,,,,,,,,,False,False,,False
04043348,2019-05-29 19:49:00,StreamSumFields_0,pirTest,Tst,1000000000.0,../gen/Tst_pirTest/StreamSumFields_0/log/mappir.log,../gen/Tst_pirTest/StreamSumFields_0/log/runpir.log,../gen/Tst_pirTest/StreamSumFields_0/log/genpsim.log,../gen/Tst_pirTest/StreamSumFields_0/log/gentrace.log,../gen/Tst_pirTest/StreamSumFields_0/log/runpsim.log,../gen/Tst_pirTest/StreamSumFields_0/log/runpsim.sh,../gen/Tst_pirTest/StreamSumFields_0/log/runproute.log,../gen/Tst_pirTest/StreamSumFields_0/log/runproute.sh,../gen/Tst_pirTest/StreamSumFields_0/plastisim/summary.csv,../gen/Tst_pirTest/StreamSumFields_0/pir/AccelMain.scala,../gen/Tst_pirTest/StreamSumFields_0/log/,../gen/Tst_pirTest/StreamSumFields_0/log/gentst.log,../gen/Tst_pirTest/StreamSumFields_0/log/maketst.log,../gen/Tst_pirTest/StreamSumFields_0/log/runtst.log,True,,,,,,,,,,,False,False,False,100,,,,,,,,False,,,,,,,,,,,,,,,,,,,,,7.944616762,,183,,True,False,True,0.0,True
04043348,2019-05-29 19:49:00,StreamSumFields_1,pirTest,Tst,1000000000.0,../gen/Tst_pirTest/StreamSumFields_1/log/mappir.log,../gen/Tst_pirTest/StreamSumFields_1/log/runpir.log,../gen/Tst_pirTest/StreamSumFields_1/log/genpsim.log,../gen/Tst_pirTest/StreamSumFields_1/log/gentrace.log,../gen/Tst_pirTest/StreamSumFields_1/log/runpsim.log,../gen/Tst_pirTest/StreamSumFields_1/log/runpsim.sh,../gen/Tst_pirTest/StreamSumFields_1/log/runproute.log,../gen/Tst_pirTest/StreamSumFields_1/log/runproute.sh,../gen/Tst_pirTest/StreamSumFields_1/plastisim/summary.csv,../gen/Tst_pirTest/StreamSumFields_1/pir/AccelMain.scala,../gen/Tst_pirTest/StreamSumFields_1/log/,../gen/Tst_pirTest/StreamSumFields_1/log/gentst.log,../gen/Tst_pirTest/StreamSumFields_1/log/maketst.log,../gen/Tst_pirTest/StreamSumFields_1/log/runtst.log,True,,,,,,,,,,,False,False,False,100,,,,,,,,False,,,,,,,,,,,,,,,,,,,,,10.748735758,,310,,True,False,True,0.0,True
04043348,2019-05-29 19:49:00,SumSquare_0,pirTest,Tst,1000000000.0,../gen/Tst_pirTest/SumSquare_0/log/mappir.log,../gen/Tst_pirTest/SumSquare_0/log/runpir.log,../gen/Tst_pirTest/SumSquare_0/log/genpsim.log,../gen/Tst_pirTest/SumSquare_0/log/gentrace.log,../gen/Tst_pirTest/SumSquare_0/log/runpsim.log,../gen/Tst_pirTest/SumSquare_0/log/runpsim.sh,../gen/Tst_pirTest/SumSquare_0/log/runproute.log,../gen/Tst_pirTest/SumSquare_0/log/runproute.sh,../gen/Tst_pirTest/SumSquare_0/plastisim/summary.csv,../gen/Tst_pirTest/SumSquare_0/pir/AccelMain.scala,../gen/Tst_pirTest/SumSquare_0/log/,../gen/Tst_pirTest/SumSquare_0/log/gentst.log,../gen/Tst_pirTest/SumSquare_0/log/maketst.log,../gen/Tst_pirTest/SumSquare_0/log/runtst.log,True,,,,,,,,,,,False,False,False,100,,,,,,,,False,,,,,,,,,,,,,,,,,,,,,4.722567508,,237,,True,False,True,0.0,True
04043348,2019-05-29 19:49:00,SumSquare_1,pirTest,Tst,1000000000.0,../gen/Tst_pirTest/SumSquare_1/log/mappir.log,../gen/Tst_pirTest/SumSquare_1/log/runpir.log,../gen/Tst_pirTest/SumSquare_1/log/genpsim.log,../gen/Tst_pirTest/SumSquare_1/log/gentrace.log,../gen/Tst_pirTest/SumSquare_1/log/runpsim.log,../gen/Tst_pirTest/SumSquare_1/log/runpsim.sh,../gen/Tst_pirTest/SumSquare_1/log/runproute.log,../gen/Tst_pirTest/SumSquare_1/log/runproute.sh,../gen/Tst_pirTest/SumSquare_1/plastisim/summary.csv,../gen/Tst_pirTest/SumSquare_1/pir/AccelMain.scala,../gen/Tst_pirTest/SumSquare_1/log/,../gen/Tst_pirTest/SumSquare_1/log/gentst.log,../gen/Tst_pirTest/SumSquare_1/log/maketst.log,../gen/Tst_pirTest/SumSquare_1/log/runtst.log,True,,,,,,,,,,,False,False,False,100,,,,,,,,False,,,,,,,,,,,,,,,,,,,,,4.591516171,,1042,,True,False,True,0.0,True
04043348,2019-05-29 19:49:00,SumSquare_2,pirTest,Tst,1000000000.0,../gen/Tst_pirTest/SumSquare_2/log/mappir.log,../gen/Tst_pirTest/SumSquare_2/log/runpir.log,../gen/Tst_pirTest/SumSquare_2/log/genpsim.log,../gen/Tst_pirTest/SumSquare_2/log/gentrace.log,../gen/Tst_pirTest/SumSquare_2/log/runpsim.log,../gen/Tst_pirTest/SumSquare_2/log/runpsim.sh,../gen/Tst_pirTest/SumSquare_2/log/runproute.log,../gen/Tst_pirTest/SumSquare_2/log/runproute.sh,../gen/Tst_pirTest/SumSquare_2/plastisim/summary.csv,../gen/Tst_pirTest/SumSquare_2/pir/AccelMain.scala,../gen/Tst_pirTest/SumSquare_2/log/,../gen/Tst_pirTest/SumSquare_2/log/gentst.log,../gen/Tst_pirTest/SumSquare_2/log/maketst.log,../gen/Tst_pirTest/SumSquare_2/log/runtst.log,True,,,,,,,,,,,False,False,False,100,,,,,,,,False,,,,,,,,,,,,,,,,,,,,,,,,,,False,False,,False
04043348,2019-05-29 19:49:00,SumSquare_3,pirTest,Tst,1000000000.0,../gen/Tst_pirTest/SumSquare_3/log/mappir.log,../gen/Tst_pirTest/SumSquare_3/log/runpir.log,../gen/Tst_pirTest/SumSquare_3/log/genpsim.log,../gen/Tst_pirTest/SumSquare_3/log/gentrace.log,../gen/Tst_pirTest/SumSquare_3/log/runpsim.log,../gen/Tst_pirTest/SumSquare_3/log/runpsim.sh,../gen/Tst_pirTest/SumSquare_3/log/runproute.log,../gen/Tst_pirTest/SumSquare_3/log/runproute.sh,../gen/Tst_pirTest/SumSquare_3/plastisim/summary.csv,../gen/Tst_pirTest/SumSquare_3/pir/AccelMain.scala,../gen/Tst_pirTest/SumSquare_3/log/,../gen/Tst_pirTest/SumSquare_3/log/gentst.log,../gen/Tst_pirTest/SumSquare_3/log/maketst.log,../gen/Tst_pirTest/SumSquare_3/log/runtst.log,True,,,,,,,,,,,False,False,False,100,,,,,,,,False,,,,,,,,,,,,,,,,,,,,,5.167614116,,530,,True,False,True,0.0,True
04043348,2019-05-29 19:49:00,SumSquare_5,pirTest,Tst,1000000000.0,../gen/Tst_pirTest/SumSquare_5/log/mappir.log,../gen/Tst_pirTest/SumSquare_5/log/runpir.log,../gen/Tst_pirTest/SumSquare_5/log/genpsim.log,../gen/Tst_pirTest/SumSquare_5/log/gentrace.log,../gen/Tst_pirTest/SumSquare_5/log/runpsim.log,../gen/Tst_pirTest/SumSquare_5/log/runpsim.sh,../gen/Tst_pirTest/SumSquare_5/log/runproute.log,../gen/Tst_pirTest/SumSquare_5/log/runproute.sh,../gen/Tst_pirTest/SumSquare_5/plastisim/summary.csv,../gen/Tst_pirTest/SumSquare_5/pir/AccelMain.scala,../gen/Tst_pirTest/SumSquare_5/log/,../gen/Tst_pirTest/SumSquare_5/log/gentst.log,../gen/Tst_pirTest/SumSquare_5/log/maketst.log,../gen/Tst_pirTest/SumSquare_5/log/runtst.log,True,,,,,,,,,,,False,False,False,100,,,,,,,,False,,,,,,,,,,,,,,,,,,,,,5.455131447,,194,,True,False,True,0.0,True
04043348,2019-05-29 19:49:00,TPCHQ6_0,pirTest,Tst,1000000000.0,../gen/Tst_pirTest/TPCHQ6_0/log/mappir.log,../gen/Tst_pirTest/TPCHQ6_0/log/runpir.log,../gen/Tst_pirTest/TPCHQ6_0/log/genpsim.log,../gen/Tst_pirTest/TPCHQ6_0/log/gentrace.log,../gen/Tst_pirTest/TPCHQ6_0/log/runpsim.log,../gen/Tst_pirTest/TPCHQ6_0/log/runpsim.sh,../gen/Tst_pirTest/TPCHQ6_0/log/runproute.log,../gen/Tst_pirTest/TPCHQ6_0/log/runproute.sh,../gen/Tst_pirTest/TPCHQ6_0/plastisim/summary.csv,../gen/Tst_pirTest/TPCHQ6_0/pir/AccelMain.scala,../gen/Tst_pirTest/TPCHQ6_0/log/,../gen/Tst_pirTest/TPCHQ6_0/log/gentst.log,../gen/Tst_pirTest/TPCHQ6_0/log/maketst.log,../gen/Tst_pirTest/TPCHQ6_0/log/runtst.log,True,,,,,,,,,,,False,False,False,100,,,,,,,,False,,,,,,,,,,,,,,,,,,,,,11.900027456,,426,,True,False,True,0.0,True
04043348,2019-05-29 19:49:00,TPCHQ6_1,pirTest,Tst,1000000000.0,../gen/Tst_pirTest/TPCHQ6_1/log/mappir.log,../gen/Tst_pirTest/TPCHQ6_1/log/runpir.log,../gen/Tst_pirTest/TPCHQ6_1/log/genpsim.log,../gen/Tst_pirTest/TPCHQ6_1/log/gentrace.log,../gen/Tst_pirTest/TPCHQ6_1/log/runpsim.log,../gen/Tst_pirTest/TPCHQ6_1/log/runpsim.sh,../gen/Tst_pirTest/TPCHQ6_1/log/runproute.log,../gen/Tst_pirTest/TPCHQ6_1/log/runproute.sh,../gen/Tst_pirTest/TPCHQ6_1/plastisim/summary.csv,../gen/Tst_pirTest/TPCHQ6_1/pir/AccelMain.scala,../gen/Tst_pirTest/TPCHQ6_1/log/,../gen/Tst_pirTest/TPCHQ6_1/log/gentst.log,../gen/Tst_pirTest/TPCHQ6_1/log/maketst.log,../gen/Tst_pirTest/TPCHQ6_1/log/runtst.log,True,,,,,,,,,,,False,False,False,100,,,,,,,,False,,,,,,,,,,,,,,,,,,,,,,,,,,False,False,,False
04043348,2019-05-29 19:49:00,TPCHQ6_2,pirTest,Tst,1000000000.0,../gen/Tst_pirTest/TPCHQ6_2/log/mappir.log,../gen/Tst_pirTest/TPCHQ6_2/log/runpir.log,../gen/Tst_pirTest/TPCHQ6_2/log/genpsim.log,../gen/Tst_pirTest/TPCHQ6_2/log/gentrace.log,../gen/Tst_pirTest/TPCHQ6_2/log/runpsim.log,../gen/Tst_pirTest/TPCHQ6_2/log/runpsim.sh,../gen/Tst_pirTest/TPCHQ6_2/log/runproute.log,../gen/Tst_pirTest/TPCHQ6_2/log/runproute.sh,../gen/Tst_pirTest/TPCHQ6_2/plastisim/summary.csv,../gen/Tst_pirTest/TPCHQ6_2/pir/AccelMain.scala,../gen/Tst_pirTest/TPCHQ6_2/log/,../gen/Tst_pirTest/TPCHQ6_2/log/gentst.log,../gen/Tst_pirTest/TPCHQ6_2/log/maketst.log,../gen/Tst_pirTest/TPCHQ6_2/log/runtst.log,True,,,,,,,,,,,False,False,False,100,,,,,,,,False,,,,,,,,,,,,,,,,,,,,,20.533682193,"Makefile:23: recipe for target 'tungsten' failed
",,,,False,False,,False
04043348,2019-05-29 19:49:00,TPCHQ6_3,pirTest,Tst,1000000000.0,../gen/Tst_pirTest/TPCHQ6_3/log/mappir.log,../gen/Tst_pirTest/TPCHQ6_3/log/runpir.log,../gen/Tst_pirTest/TPCHQ6_3/log/genpsim.log,../gen/Tst_pirTest/TPCHQ6_3/log/gentrace.log,../gen/Tst_pirTest/TPCHQ6_3/log/runpsim.log,../gen/Tst_pirTest/TPCHQ6_3/log/runpsim.sh,../gen/Tst_pirTest/TPCHQ6_3/log/runproute.log,../gen/Tst_pirTest/TPCHQ6_3/log/runproute.sh,../gen/Tst_pirTest/TPCHQ6_3/plastisim/summary.csv,../gen/Tst_pirTest/TPCHQ6_3/pir/AccelMain.scala,../gen/Tst_pirTest/TPCHQ6_3/log/,../gen/Tst_pirTest/TPCHQ6_3/log/gentst.log,../gen/Tst_pirTest/TPCHQ6_3/log/maketst.log,../gen/Tst_pirTest/TPCHQ6_3/log/runtst.log,True,,,,,,,,,,,False,False,False,100,,,,,,,,False,,,,,,,,,,,,,,,,,,,,,20.787100532,,2051,,True,False,True,0.0,True
04043348,2019-05-29 19:49:00,TPCHQ6_4,pirTest,Tst,1000000000.0,../gen/Tst_pirTest/TPCHQ6_4/log/mappir.log,../gen/Tst_pirTest/TPCHQ6_4/log/runpir.log,../gen/Tst_pirTest/TPCHQ6_4/log/genpsim.log,../gen/Tst_pirTest/TPCHQ6_4/log/gentrace.log,../gen/Tst_pirTest/TPCHQ6_4/log/runpsim.log,../gen/Tst_pirTest/TPCHQ6_4/log/runpsim.sh,../gen/Tst_pirTest/TPCHQ6_4/log/runproute.log,../gen/Tst_pirTest/TPCHQ6_4/log/runproute.sh,../gen/Tst_pirTest/TPCHQ6_4/plastisim/summary.csv,../gen/Tst_pirTest/TPCHQ6_4/pir/AccelMain.scala,../gen/Tst_pirTest/TPCHQ6_4/log/,../gen/Tst_pirTest/TPCHQ6_4/log/gentst.log,../gen/Tst_pirTest/TPCHQ6_4/log/maketst.log,../gen/Tst_pirTest/TPCHQ6_4/log/runtst.log,True,,,,,,,,,,,False,False,False,100,,,,,,,,False,,,,,,,,,,,,,,,,,,,,,,,,,,False,False,,False
04043348,2019-05-29 19:49:00,VecTest,pirTest,Tst,1000000000.0,../gen/Tst_pirTest/VecTest/log/mappir.log,../gen/Tst_pirTest/VecTest/log/runpir.log,../gen/Tst_pirTest/VecTest/log/genpsim.log,../gen/Tst_pirTest/VecTest/log/gentrace.log,../gen/Tst_pirTest/VecTest/log/runpsim.log,../gen/Tst_pirTest/VecTest/log/runpsim.sh,../gen/Tst_pirTest/VecTest/log/runproute.log,../gen/Tst_pirTest/VecTest/log/runproute.sh,../gen/Tst_pirTest/VecTest/plastisim/summary.csv,../gen/Tst_pirTest/VecTest/pir/AccelMain.scala,../gen/Tst_pirTest/VecTest/log/,../gen/Tst_pirTest/VecTest/log/gentst.log,../gen/Tst_pirTest/VecTest/log/maketst.log,../gen/Tst_pirTest/VecTest/log/runtst.log,False,,,,,,,,,,,False,False,False,100,,,,,,,,False,,,,,,,,,,,,,,,,,,,,,,,,,,False,False,,False
