spatial_sha,time,app,project,backend,freq,mappirlog,runpirlog,genpsimlog,gentracelog,runpsimlog,psimsh,runproutelog,proutesh,prouteSummary,AccelMain,logpath,gentst,maketst,runp2p,genpir,genpir_err,runpir_time,runpir_err,notFit,MC,DAG,PMU,PCU,row,col,p2p,asic,scheduled,fifo_depth,mappir_err,mappir_time,genpsim_err,gentrace_err,psimcycle,lbw,sbw,psim_deadlock,algo,pattern,slink,vlink,prtime,vcLimit,DynHopsVec,DynHopsScal,StatHopsVec,StatHopsScal,Score,NetVC,TotPkts,LinkLim,InjectLim,EjectLim,LongRoute,Q0Pct,Q0Lim,gentst_err,gentst_time,maketst_err,runp2p_cycle,runtst_err,runtst_pass,runp2p_deadlock,runp2p_complete,tst_dram_power,tst_rbw,tst_wbw,succeeded
543f579f,2019-06-04 19:59:20,BlackScholes_0,pirTest,MDTst,1000000000.0,../gen/MDTst_pirTest/BlackScholes_0/log/mappir.log,../gen/MDTst_pirTest/BlackScholes_0/log/runpir.log,../gen/MDTst_pirTest/BlackScholes_0/log/genpsim.log,../gen/MDTst_pirTest/BlackScholes_0/log/gentrace.log,../gen/MDTst_pirTest/BlackScholes_0/log/runpsim.log,../gen/MDTst_pirTest/BlackScholes_0/log/runpsim.sh,../gen/MDTst_pirTest/BlackScholes_0/log/runproute.log,../gen/MDTst_pirTest/BlackScholes_0/log/runproute.sh,../gen/MDTst_pirTest/BlackScholes_0/plastisim/summary.csv,../gen/MDTst_pirTest/BlackScholes_0/pir/AccelMain.scala,../gen/MDTst_pirTest/BlackScholes_0/log/,../gen/MDTst_pirTest/BlackScholes_0/log/gentst.log,../gen/MDTst_pirTest/BlackScholes_0/log/maketst.log,../gen/MDTst_pirTest/BlackScholes_0/log/runtst.log,True,,,,,,,,,,,False,False,False,100,,,,,,,,False,,,,,,,,,,,,,,,,,,,,,24.320098472,,1574,,True,False,True,0.0,15.614,2.602,True
543f579f,2019-06-04 19:59:20,BlackScholes_1,pirTest,MDTst,1000000000.0,../gen/MDTst_pirTest/BlackScholes_1/log/mappir.log,../gen/MDTst_pirTest/BlackScholes_1/log/runpir.log,../gen/MDTst_pirTest/BlackScholes_1/log/genpsim.log,../gen/MDTst_pirTest/BlackScholes_1/log/gentrace.log,../gen/MDTst_pirTest/BlackScholes_1/log/runpsim.log,../gen/MDTst_pirTest/BlackScholes_1/log/runpsim.sh,../gen/MDTst_pirTest/BlackScholes_1/log/runproute.log,../gen/MDTst_pirTest/BlackScholes_1/log/runproute.sh,../gen/MDTst_pirTest/BlackScholes_1/plastisim/summary.csv,../gen/MDTst_pirTest/BlackScholes_1/pir/AccelMain.scala,../gen/MDTst_pirTest/BlackScholes_1/log/,../gen/MDTst_pirTest/BlackScholes_1/log/gentst.log,../gen/MDTst_pirTest/BlackScholes_1/log/maketst.log,../gen/MDTst_pirTest/BlackScholes_1/log/runtst.log,True,,,,,,,,,,,False,False,False,100,,,,,,,,False,,,,,,,,,,,,,,,,,,,,,23.056158277,,40983,,True,False,True,0.0,0.6,0.1,True
543f579f,2019-06-04 19:59:20,BroadcastTest,pirTest,MDTst,1000000000.0,../gen/MDTst_pirTest/BroadcastTest/log/mappir.log,../gen/MDTst_pirTest/BroadcastTest/log/runpir.log,../gen/MDTst_pirTest/BroadcastTest/log/genpsim.log,../gen/MDTst_pirTest/BroadcastTest/log/gentrace.log,../gen/MDTst_pirTest/BroadcastTest/log/runpsim.log,../gen/MDTst_pirTest/BroadcastTest/log/runpsim.sh,../gen/MDTst_pirTest/BroadcastTest/log/runproute.log,../gen/MDTst_pirTest/BroadcastTest/log/runproute.sh,../gen/MDTst_pirTest/BroadcastTest/plastisim/summary.csv,../gen/MDTst_pirTest/BroadcastTest/pir/AccelMain.scala,../gen/MDTst_pirTest/BroadcastTest/log/,../gen/MDTst_pirTest/BroadcastTest/log/gentst.log,../gen/MDTst_pirTest/BroadcastTest/log/maketst.log,../gen/MDTst_pirTest/BroadcastTest/log/runtst.log,True,,,,,,,,,,,False,False,False,100,,,,,,,,False,,,,,,,,,,,,,,,,,,,,,11.018838078,,588,,True,False,True,0.0,0.218,6.966,True
543f579f,2019-06-04 19:59:20,DotProduct_0,pirTest,MDTst,1000000000.0,../gen/MDTst_pirTest/DotProduct_0/log/mappir.log,../gen/MDTst_pirTest/DotProduct_0/log/runpir.log,../gen/MDTst_pirTest/DotProduct_0/log/genpsim.log,../gen/MDTst_pirTest/DotProduct_0/log/gentrace.log,../gen/MDTst_pirTest/DotProduct_0/log/runpsim.log,../gen/MDTst_pirTest/DotProduct_0/log/runpsim.sh,../gen/MDTst_pirTest/DotProduct_0/log/runproute.log,../gen/MDTst_pirTest/DotProduct_0/log/runproute.sh,../gen/MDTst_pirTest/DotProduct_0/plastisim/summary.csv,../gen/MDTst_pirTest/DotProduct_0/pir/AccelMain.scala,../gen/MDTst_pirTest/DotProduct_0/log/,../gen/MDTst_pirTest/DotProduct_0/log/gentst.log,../gen/MDTst_pirTest/DotProduct_0/log/maketst.log,../gen/MDTst_pirTest/DotProduct_0/log/runtst.log,True,,,,,,,,,,,False,False,False,100,,,,,,,,False,,,,,,,,,,,,,,,,,,,,,9.168326146,,308,,True,False,True,0.0,26.597,0.0,True
543f579f,2019-06-04 19:59:20,DotProduct_1,pirTest,MDTst,1000000000.0,../gen/MDTst_pirTest/DotProduct_1/log/mappir.log,../gen/MDTst_pirTest/DotProduct_1/log/runpir.log,../gen/MDTst_pirTest/DotProduct_1/log/genpsim.log,../gen/MDTst_pirTest/DotProduct_1/log/gentrace.log,../gen/MDTst_pirTest/DotProduct_1/log/runpsim.log,../gen/MDTst_pirTest/DotProduct_1/log/runpsim.sh,../gen/MDTst_pirTest/DotProduct_1/log/runproute.log,../gen/MDTst_pirTest/DotProduct_1/log/runproute.sh,../gen/MDTst_pirTest/DotProduct_1/plastisim/summary.csv,../gen/MDTst_pirTest/DotProduct_1/pir/AccelMain.scala,../gen/MDTst_pirTest/DotProduct_1/log/,../gen/MDTst_pirTest/DotProduct_1/log/gentst.log,../gen/MDTst_pirTest/DotProduct_1/log/maketst.log,../gen/MDTst_pirTest/DotProduct_1/log/runtst.log,True,,,,,,,,,,,False,False,False,100,,,,,,,,False,,,,,,,,,,,,,,,,,,,,,9.479101098,,1143,,True,False,True,0.0,7.167,0.0,True
543f579f,2019-06-04 19:59:20,DotProduct_2,pirTest,MDTst,1000000000.0,../gen/MDTst_pirTest/DotProduct_2/log/mappir.log,../gen/MDTst_pirTest/DotProduct_2/log/runpir.log,../gen/MDTst_pirTest/DotProduct_2/log/genpsim.log,../gen/MDTst_pirTest/DotProduct_2/log/gentrace.log,../gen/MDTst_pirTest/DotProduct_2/log/runpsim.log,../gen/MDTst_pirTest/DotProduct_2/log/runpsim.sh,../gen/MDTst_pirTest/DotProduct_2/log/runproute.log,../gen/MDTst_pirTest/DotProduct_2/log/runproute.sh,../gen/MDTst_pirTest/DotProduct_2/plastisim/summary.csv,../gen/MDTst_pirTest/DotProduct_2/pir/AccelMain.scala,../gen/MDTst_pirTest/DotProduct_2/log/,../gen/MDTst_pirTest/DotProduct_2/log/gentst.log,../gen/MDTst_pirTest/DotProduct_2/log/maketst.log,../gen/MDTst_pirTest/DotProduct_2/log/runtst.log,True,,,,,,,,,,,False,False,False,100,,,,,,,,False,,,,,,,,,,,,,,,,,,,,,13.059048034,,636,,True,False,True,0.0,12.881,0.0,True
543f579f,2019-06-04 19:59:20,DotProduct_3,pirTest,MDTst,1000000000.0,../gen/MDTst_pirTest/DotProduct_3/log/mappir.log,../gen/MDTst_pirTest/DotProduct_3/log/runpir.log,../gen/MDTst_pirTest/DotProduct_3/log/genpsim.log,../gen/MDTst_pirTest/DotProduct_3/log/gentrace.log,../gen/MDTst_pirTest/DotProduct_3/log/runpsim.log,../gen/MDTst_pirTest/DotProduct_3/log/runpsim.sh,../gen/MDTst_pirTest/DotProduct_3/log/runproute.log,../gen/MDTst_pirTest/DotProduct_3/log/runproute.sh,../gen/MDTst_pirTest/DotProduct_3/plastisim/summary.csv,../gen/MDTst_pirTest/DotProduct_3/pir/AccelMain.scala,../gen/MDTst_pirTest/DotProduct_3/log/,../gen/MDTst_pirTest/DotProduct_3/log/gentst.log,../gen/MDTst_pirTest/DotProduct_3/log/maketst.log,../gen/MDTst_pirTest/DotProduct_3/log/runtst.log,True,,,,,,,,,,,False,False,False,100,,,,,,,,False,,,,,,,,,,,,,,,,,,,,,13.526781837,,246,,True,False,True,0.0,33.301,0.0,True
543f579f,2019-06-04 19:59:20,GDA_0,pirTest,MDTst,1000000000.0,../gen/MDTst_pirTest/GDA_0/log/mappir.log,../gen/MDTst_pirTest/GDA_0/log/runpir.log,../gen/MDTst_pirTest/GDA_0/log/genpsim.log,../gen/MDTst_pirTest/GDA_0/log/gentrace.log,../gen/MDTst_pirTest/GDA_0/log/runpsim.log,../gen/MDTst_pirTest/GDA_0/log/runpsim.sh,../gen/MDTst_pirTest/GDA_0/log/runproute.log,../gen/MDTst_pirTest/GDA_0/log/runproute.sh,../gen/MDTst_pirTest/GDA_0/plastisim/summary.csv,../gen/MDTst_pirTest/GDA_0/pir/AccelMain.scala,../gen/MDTst_pirTest/GDA_0/log/,../gen/MDTst_pirTest/GDA_0/log/gentst.log,../gen/MDTst_pirTest/GDA_0/log/maketst.log,../gen/MDTst_pirTest/GDA_0/log/runtst.log,True,,,,,,,,,,,False,False,False,100,,,,,,,,False,,,,,,,,,,,,,,,,,,,,,22.898102352,,1078970,,True,False,True,1.724,0.491,0.061,True
543f579f,2019-06-04 19:59:20,GDA_1,pirTest,MDTst,1000000000.0,../gen/MDTst_pirTest/GDA_1/log/mappir.log,../gen/MDTst_pirTest/GDA_1/log/runpir.log,../gen/MDTst_pirTest/GDA_1/log/genpsim.log,../gen/MDTst_pirTest/GDA_1/log/gentrace.log,../gen/MDTst_pirTest/GDA_1/log/runpsim.log,../gen/MDTst_pirTest/GDA_1/log/runpsim.sh,../gen/MDTst_pirTest/GDA_1/log/runproute.log,../gen/MDTst_pirTest/GDA_1/log/runproute.sh,../gen/MDTst_pirTest/GDA_1/plastisim/summary.csv,../gen/MDTst_pirTest/GDA_1/pir/AccelMain.scala,../gen/MDTst_pirTest/GDA_1/log/,../gen/MDTst_pirTest/GDA_1/log/gentst.log,../gen/MDTst_pirTest/GDA_1/log/maketst.log,../gen/MDTst_pirTest/GDA_1/log/runtst.log,True,,,,,,,,,,,False,False,False,100,,,,,,,,False,,,,,,,,,,,,,,,,,,,,,23.03729697,,6017,,True,False,True,0.0,1.447,0.681,True
543f579f,2019-06-04 19:59:20,GDA_14,pirTest,MDTst,1000000000.0,../gen/MDTst_pirTest/GDA_14/log/mappir.log,../gen/MDTst_pirTest/GDA_14/log/runpir.log,../gen/MDTst_pirTest/GDA_14/log/genpsim.log,../gen/MDTst_pirTest/GDA_14/log/gentrace.log,../gen/MDTst_pirTest/GDA_14/log/runpsim.log,../gen/MDTst_pirTest/GDA_14/log/runpsim.sh,../gen/MDTst_pirTest/GDA_14/log/runproute.log,../gen/MDTst_pirTest/GDA_14/log/runproute.sh,../gen/MDTst_pirTest/GDA_14/plastisim/summary.csv,../gen/MDTst_pirTest/GDA_14/pir/AccelMain.scala,../gen/MDTst_pirTest/GDA_14/log/,../gen/MDTst_pirTest/GDA_14/log/gentst.log,../gen/MDTst_pirTest/GDA_14/log/maketst.log,../gen/MDTst_pirTest/GDA_14/log/runtst.log,True,,,,,,,,,,,False,False,False,100,,,,,,,,False,,,,,,,,,,,,,,,,,,,,,52.22975913,,737963,,True,False,True,1.786,0.717,0.089,True
543f579f,2019-06-04 19:59:20,GDA_2,pirTest,MDTst,1000000000.0,../gen/MDTst_pirTest/GDA_2/log/mappir.log,../gen/MDTst_pirTest/GDA_2/log/runpir.log,../gen/MDTst_pirTest/GDA_2/log/genpsim.log,../gen/MDTst_pirTest/GDA_2/log/gentrace.log,../gen/MDTst_pirTest/GDA_2/log/runpsim.log,../gen/MDTst_pirTest/GDA_2/log/runpsim.sh,../gen/MDTst_pirTest/GDA_2/log/runproute.log,../gen/MDTst_pirTest/GDA_2/log/runproute.sh,../gen/MDTst_pirTest/GDA_2/plastisim/summary.csv,../gen/MDTst_pirTest/GDA_2/pir/AccelMain.scala,../gen/MDTst_pirTest/GDA_2/log/,../gen/MDTst_pirTest/GDA_2/log/gentst.log,../gen/MDTst_pirTest/GDA_2/log/maketst.log,../gen/MDTst_pirTest/GDA_2/log/runtst.log,True,,,,,,,,,,,False,False,False,100,,,,,,,,False,,,,,,,,,,,,,,,,,,,,,31.797144617,,3322,,True,False,True,0.0,2.62,1.233,True
543f579f,2019-06-04 19:59:20,GDA_3,pirTest,MDTst,1000000000.0,../gen/MDTst_pirTest/GDA_3/log/mappir.log,../gen/MDTst_pirTest/GDA_3/log/runpir.log,../gen/MDTst_pirTest/GDA_3/log/genpsim.log,../gen/MDTst_pirTest/GDA_3/log/gentrace.log,../gen/MDTst_pirTest/GDA_3/log/runpsim.log,../gen/MDTst_pirTest/GDA_3/log/runpsim.sh,../gen/MDTst_pirTest/GDA_3/log/runproute.log,../gen/MDTst_pirTest/GDA_3/log/runproute.sh,../gen/MDTst_pirTest/GDA_3/plastisim/summary.csv,../gen/MDTst_pirTest/GDA_3/pir/AccelMain.scala,../gen/MDTst_pirTest/GDA_3/log/,../gen/MDTst_pirTest/GDA_3/log/gentst.log,../gen/MDTst_pirTest/GDA_3/log/maketst.log,../gen/MDTst_pirTest/GDA_3/log/runtst.log,True,,,,,,,,,,,False,False,False,100,,,,,,,,False,,,,,,,,,,,,,,,,,,,,,29.143050329,,7368,,True,False,True,0.0,1.181,0.556,True
543f579f,2019-06-04 19:59:20,GDA_4,pirTest,MDTst,1000000000.0,../gen/MDTst_pirTest/GDA_4/log/mappir.log,../gen/MDTst_pirTest/GDA_4/log/runpir.log,../gen/MDTst_pirTest/GDA_4/log/genpsim.log,../gen/MDTst_pirTest/GDA_4/log/gentrace.log,../gen/MDTst_pirTest/GDA_4/log/runpsim.log,../gen/MDTst_pirTest/GDA_4/log/runpsim.sh,../gen/MDTst_pirTest/GDA_4/log/runproute.log,../gen/MDTst_pirTest/GDA_4/log/runproute.sh,../gen/MDTst_pirTest/GDA_4/plastisim/summary.csv,../gen/MDTst_pirTest/GDA_4/pir/AccelMain.scala,../gen/MDTst_pirTest/GDA_4/log/,../gen/MDTst_pirTest/GDA_4/log/gentst.log,../gen/MDTst_pirTest/GDA_4/log/maketst.log,../gen/MDTst_pirTest/GDA_4/log/runtst.log,True,,,,,,,,,,,False,False,False,100,,,,,,,,False,,,,,,,,,,,,,,,,,,,,,51.955444196,,3948,,True,False,True,0.0,2.205,1.037,True
543f579f,2019-06-04 19:59:20,GDA_5,pirTest,MDTst,1000000000.0,../gen/MDTst_pirTest/GDA_5/log/mappir.log,../gen/MDTst_pirTest/GDA_5/log/runpir.log,../gen/MDTst_pirTest/GDA_5/log/genpsim.log,../gen/MDTst_pirTest/GDA_5/log/gentrace.log,../gen/MDTst_pirTest/GDA_5/log/runpsim.log,../gen/MDTst_pirTest/GDA_5/log/runpsim.sh,../gen/MDTst_pirTest/GDA_5/log/runproute.log,../gen/MDTst_pirTest/GDA_5/log/runproute.sh,../gen/MDTst_pirTest/GDA_5/plastisim/summary.csv,../gen/MDTst_pirTest/GDA_5/pir/AccelMain.scala,../gen/MDTst_pirTest/GDA_5/log/,../gen/MDTst_pirTest/GDA_5/log/gentst.log,../gen/MDTst_pirTest/GDA_5/log/maketst.log,../gen/MDTst_pirTest/GDA_5/log/runtst.log,True,,,,,,,,,,,False,False,False,100,,,,,,,,False,,,,,,,,,,,,,,,,,,,,,26.418518099,,21785,,True,False,True,0.0,0.4,0.188,True
543f579f,2019-06-04 19:59:20,GDA_6,pirTest,MDTst,1000000000.0,../gen/MDTst_pirTest/GDA_6/log/mappir.log,../gen/MDTst_pirTest/GDA_6/log/runpir.log,../gen/MDTst_pirTest/GDA_6/log/genpsim.log,../gen/MDTst_pirTest/GDA_6/log/gentrace.log,../gen/MDTst_pirTest/GDA_6/log/runpsim.log,../gen/MDTst_pirTest/GDA_6/log/runpsim.sh,../gen/MDTst_pirTest/GDA_6/log/runproute.log,../gen/MDTst_pirTest/GDA_6/log/runproute.sh,../gen/MDTst_pirTest/GDA_6/plastisim/summary.csv,../gen/MDTst_pirTest/GDA_6/pir/AccelMain.scala,../gen/MDTst_pirTest/GDA_6/log/,../gen/MDTst_pirTest/GDA_6/log/gentst.log,../gen/MDTst_pirTest/GDA_6/log/maketst.log,../gen/MDTst_pirTest/GDA_6/log/runtst.log,True,,,,,,,,,,,False,False,False,100,,,,,,,,False,,,,,,,,,,,,,,,,,,,,,48.537602128,,2769346,,True,False,True,1.587,0.191,0.024,True
543f579f,2019-06-04 19:59:20,GEMM_0,pirTest,MDTst,1000000000.0,../gen/MDTst_pirTest/GEMM_0/log/mappir.log,../gen/MDTst_pirTest/GEMM_0/log/runpir.log,../gen/MDTst_pirTest/GEMM_0/log/genpsim.log,../gen/MDTst_pirTest/GEMM_0/log/gentrace.log,../gen/MDTst_pirTest/GEMM_0/log/runpsim.log,../gen/MDTst_pirTest/GEMM_0/log/runpsim.sh,../gen/MDTst_pirTest/GEMM_0/log/runproute.log,../gen/MDTst_pirTest/GEMM_0/log/runproute.sh,../gen/MDTst_pirTest/GEMM_0/plastisim/summary.csv,../gen/MDTst_pirTest/GEMM_0/pir/AccelMain.scala,../gen/MDTst_pirTest/GEMM_0/log/,../gen/MDTst_pirTest/GEMM_0/log/gentst.log,../gen/MDTst_pirTest/GEMM_0/log/maketst.log,../gen/MDTst_pirTest/GEMM_0/log/runtst.log,True,,,,,,,,,,,False,False,False,100,,,,,,,,False,,,,,,,,,,,,,,,,,,,,,20.428893326,,132616,,True,False,True,4.069,1.977,0.494,True
543f579f,2019-06-04 19:59:20,GEMM_1,pirTest,MDTst,1000000000.0,../gen/MDTst_pirTest/GEMM_1/log/mappir.log,../gen/MDTst_pirTest/GEMM_1/log/runpir.log,../gen/MDTst_pirTest/GEMM_1/log/genpsim.log,../gen/MDTst_pirTest/GEMM_1/log/gentrace.log,../gen/MDTst_pirTest/GEMM_1/log/runpsim.log,../gen/MDTst_pirTest/GEMM_1/log/runpsim.sh,../gen/MDTst_pirTest/GEMM_1/log/runproute.log,../gen/MDTst_pirTest/GEMM_1/log/runproute.sh,../gen/MDTst_pirTest/GEMM_1/plastisim/summary.csv,../gen/MDTst_pirTest/GEMM_1/pir/AccelMain.scala,../gen/MDTst_pirTest/GEMM_1/log/,../gen/MDTst_pirTest/GEMM_1/log/gentst.log,../gen/MDTst_pirTest/GEMM_1/log/maketst.log,../gen/MDTst_pirTest/GEMM_1/log/runtst.log,True,,,,,,,,,,,False,False,False,100,,,,,,,,False,,,,,,,,,,,,,,,,,,,,,19.262855557,,2109610,,True,False,True,1.64,0.124,0.031,True
543f579f,2019-06-04 19:59:20,GEMM_10,pirTest,MDTst,1000000000.0,../gen/MDTst_pirTest/GEMM_10/log/mappir.log,../gen/MDTst_pirTest/GEMM_10/log/runpir.log,../gen/MDTst_pirTest/GEMM_10/log/genpsim.log,../gen/MDTst_pirTest/GEMM_10/log/gentrace.log,../gen/MDTst_pirTest/GEMM_10/log/runpsim.log,../gen/MDTst_pirTest/GEMM_10/log/runpsim.sh,../gen/MDTst_pirTest/GEMM_10/log/runproute.log,../gen/MDTst_pirTest/GEMM_10/log/runproute.sh,../gen/MDTst_pirTest/GEMM_10/plastisim/summary.csv,../gen/MDTst_pirTest/GEMM_10/pir/AccelMain.scala,../gen/MDTst_pirTest/GEMM_10/log/,../gen/MDTst_pirTest/GEMM_10/log/gentst.log,../gen/MDTst_pirTest/GEMM_10/log/maketst.log,../gen/MDTst_pirTest/GEMM_10/log/runtst.log,True,,,,,,,,,,,False,False,False,100,,,,,,,,False,,,,,,,,,,,,,,,,,,,,,36.524099298,,9520,,True,False,True,0.0,1.721,0.43,True
543f579f,2019-06-04 19:59:20,GEMM_11,pirTest,MDTst,1000000000.0,../gen/MDTst_pirTest/GEMM_11/log/mappir.log,../gen/MDTst_pirTest/GEMM_11/log/runpir.log,../gen/MDTst_pirTest/GEMM_11/log/genpsim.log,../gen/MDTst_pirTest/GEMM_11/log/gentrace.log,../gen/MDTst_pirTest/GEMM_11/log/runpsim.log,../gen/MDTst_pirTest/GEMM_11/log/runpsim.sh,../gen/MDTst_pirTest/GEMM_11/log/runproute.log,../gen/MDTst_pirTest/GEMM_11/log/runproute.sh,../gen/MDTst_pirTest/GEMM_11/plastisim/summary.csv,../gen/MDTst_pirTest/GEMM_11/pir/AccelMain.scala,../gen/MDTst_pirTest/GEMM_11/log/,../gen/MDTst_pirTest/GEMM_11/log/gentst.log,../gen/MDTst_pirTest/GEMM_11/log/maketst.log,../gen/MDTst_pirTest/GEMM_11/log/runtst.log,True,,,,,,,,,,,False,False,False,100,,,,,,,,False,,,,,,,,,,,,,,,,,,,,,40.94521704,,9908,,True,False,True,0.0,1.654,0.413,True
543f579f,2019-06-04 19:59:20,GEMM_12,pirTest,MDTst,1000000000.0,../gen/MDTst_pirTest/GEMM_12/log/mappir.log,../gen/MDTst_pirTest/GEMM_12/log/runpir.log,../gen/MDTst_pirTest/GEMM_12/log/genpsim.log,../gen/MDTst_pirTest/GEMM_12/log/gentrace.log,../gen/MDTst_pirTest/GEMM_12/log/runpsim.log,../gen/MDTst_pirTest/GEMM_12/log/runpsim.sh,../gen/MDTst_pirTest/GEMM_12/log/runproute.log,../gen/MDTst_pirTest/GEMM_12/log/runproute.sh,../gen/MDTst_pirTest/GEMM_12/plastisim/summary.csv,../gen/MDTst_pirTest/GEMM_12/pir/AccelMain.scala,../gen/MDTst_pirTest/GEMM_12/log/,../gen/MDTst_pirTest/GEMM_12/log/gentst.log,../gen/MDTst_pirTest/GEMM_12/log/maketst.log,../gen/MDTst_pirTest/GEMM_12/log/runtst.log,True,,,,,,,,,,,False,False,False,100,,,,,,,,False,,,,,,,,,,,,,,,,,,,,,35.737517499,,9920,,True,False,True,0.0,1.652,0.413,True
543f579f,2019-06-04 19:59:20,GEMM_13,pirTest,MDTst,1000000000.0,../gen/MDTst_pirTest/GEMM_13/log/mappir.log,../gen/MDTst_pirTest/GEMM_13/log/runpir.log,../gen/MDTst_pirTest/GEMM_13/log/genpsim.log,../gen/MDTst_pirTest/GEMM_13/log/gentrace.log,../gen/MDTst_pirTest/GEMM_13/log/runpsim.log,../gen/MDTst_pirTest/GEMM_13/log/runpsim.sh,../gen/MDTst_pirTest/GEMM_13/log/runproute.log,../gen/MDTst_pirTest/GEMM_13/log/runproute.sh,../gen/MDTst_pirTest/GEMM_13/plastisim/summary.csv,../gen/MDTst_pirTest/GEMM_13/pir/AccelMain.scala,../gen/MDTst_pirTest/GEMM_13/log/,../gen/MDTst_pirTest/GEMM_13/log/gentst.log,../gen/MDTst_pirTest/GEMM_13/log/maketst.log,../gen/MDTst_pirTest/GEMM_13/log/runtst.log,True,,,,,,,,,,,False,False,False,100,,,,,,,,False,,,,,,,,,,,,,,,,,,,,,47.58192216,,9131,,True,False,True,0.0,1.794,0.449,True
543f579f,2019-06-04 19:59:20,GEMM_14,pirTest,MDTst,1000000000.0,../gen/MDTst_pirTest/GEMM_14/log/mappir.log,../gen/MDTst_pirTest/GEMM_14/log/runpir.log,../gen/MDTst_pirTest/GEMM_14/log/genpsim.log,../gen/MDTst_pirTest/GEMM_14/log/gentrace.log,../gen/MDTst_pirTest/GEMM_14/log/runpsim.log,../gen/MDTst_pirTest/GEMM_14/log/runpsim.sh,../gen/MDTst_pirTest/GEMM_14/log/runproute.log,../gen/MDTst_pirTest/GEMM_14/log/runproute.sh,../gen/MDTst_pirTest/GEMM_14/plastisim/summary.csv,../gen/MDTst_pirTest/GEMM_14/pir/AccelMain.scala,../gen/MDTst_pirTest/GEMM_14/log/,../gen/MDTst_pirTest/GEMM_14/log/gentst.log,../gen/MDTst_pirTest/GEMM_14/log/maketst.log,../gen/MDTst_pirTest/GEMM_14/log/runtst.log,True,,,,,,,,,,,False,False,False,100,,,,,,,,False,,,,,,,,,,,,,,,,,,,,,60.027569864,,9392,,True,False,True,0.0,1.744,0.436,True
543f579f,2019-06-04 19:59:20,GEMM_15,pirTest,MDTst,1000000000.0,../gen/MDTst_pirTest/GEMM_15/log/mappir.log,../gen/MDTst_pirTest/GEMM_15/log/runpir.log,../gen/MDTst_pirTest/GEMM_15/log/genpsim.log,../gen/MDTst_pirTest/GEMM_15/log/gentrace.log,../gen/MDTst_pirTest/GEMM_15/log/runpsim.log,../gen/MDTst_pirTest/GEMM_15/log/runpsim.sh,../gen/MDTst_pirTest/GEMM_15/log/runproute.log,../gen/MDTst_pirTest/GEMM_15/log/runproute.sh,../gen/MDTst_pirTest/GEMM_15/plastisim/summary.csv,../gen/MDTst_pirTest/GEMM_15/pir/AccelMain.scala,../gen/MDTst_pirTest/GEMM_15/log/,../gen/MDTst_pirTest/GEMM_15/log/gentst.log,../gen/MDTst_pirTest/GEMM_15/log/maketst.log,../gen/MDTst_pirTest/GEMM_15/log/runtst.log,True,,,,,,,,,,,False,False,False,100,,,,,,,,False,,,,,,,,,,,,,,,,,,,,,68.033512443,,6197,,True,False,True,0.0,2.644,0.661,True
543f579f,2019-06-04 19:59:20,GEMM_16,pirTest,MDTst,1000000000.0,../gen/MDTst_pirTest/GEMM_16/log/mappir.log,../gen/MDTst_pirTest/GEMM_16/log/runpir.log,../gen/MDTst_pirTest/GEMM_16/log/genpsim.log,../gen/MDTst_pirTest/GEMM_16/log/gentrace.log,../gen/MDTst_pirTest/GEMM_16/log/runpsim.log,../gen/MDTst_pirTest/GEMM_16/log/runpsim.sh,../gen/MDTst_pirTest/GEMM_16/log/runproute.log,../gen/MDTst_pirTest/GEMM_16/log/runproute.sh,../gen/MDTst_pirTest/GEMM_16/plastisim/summary.csv,../gen/MDTst_pirTest/GEMM_16/pir/AccelMain.scala,../gen/MDTst_pirTest/GEMM_16/log/,../gen/MDTst_pirTest/GEMM_16/log/gentst.log,../gen/MDTst_pirTest/GEMM_16/log/maketst.log,../gen/MDTst_pirTest/GEMM_16/log/runtst.log,True,,,,,,,,,,,False,False,False,100,,,,,,,,False,,,,,,,,,,,,,,,,,,,,,84.984335654,,5040,,True,False,True,0.0,3.251,0.813,True
543f579f,2019-06-04 19:59:20,GEMM_17,pirTest,MDTst,1000000000.0,../gen/MDTst_pirTest/GEMM_17/log/mappir.log,../gen/MDTst_pirTest/GEMM_17/log/runpir.log,../gen/MDTst_pirTest/GEMM_17/log/genpsim.log,../gen/MDTst_pirTest/GEMM_17/log/gentrace.log,../gen/MDTst_pirTest/GEMM_17/log/runpsim.log,../gen/MDTst_pirTest/GEMM_17/log/runpsim.sh,../gen/MDTst_pirTest/GEMM_17/log/runproute.log,../gen/MDTst_pirTest/GEMM_17/log/runproute.sh,../gen/MDTst_pirTest/GEMM_17/plastisim/summary.csv,../gen/MDTst_pirTest/GEMM_17/pir/AccelMain.scala,../gen/MDTst_pirTest/GEMM_17/log/,../gen/MDTst_pirTest/GEMM_17/log/gentst.log,../gen/MDTst_pirTest/GEMM_17/log/maketst.log,../gen/MDTst_pirTest/GEMM_17/log/runtst.log,True,,,,,,,,,,,False,False,False,100,,,,,,,,False,,,,,,,,,,,,,,,,,,,,,53.756251157,,5934,,True,False,True,0.0,11.044,2.761,True
543f579f,2019-06-04 19:59:20,GEMM_18,pirTest,MDTst,1000000000.0,../gen/MDTst_pirTest/GEMM_18/log/mappir.log,../gen/MDTst_pirTest/GEMM_18/log/runpir.log,../gen/MDTst_pirTest/GEMM_18/log/genpsim.log,../gen/MDTst_pirTest/GEMM_18/log/gentrace.log,../gen/MDTst_pirTest/GEMM_18/log/runpsim.log,../gen/MDTst_pirTest/GEMM_18/log/runpsim.sh,../gen/MDTst_pirTest/GEMM_18/log/runproute.log,../gen/MDTst_pirTest/GEMM_18/log/runproute.sh,../gen/MDTst_pirTest/GEMM_18/plastisim/summary.csv,../gen/MDTst_pirTest/GEMM_18/pir/AccelMain.scala,../gen/MDTst_pirTest/GEMM_18/log/,../gen/MDTst_pirTest/GEMM_18/log/gentst.log,../gen/MDTst_pirTest/GEMM_18/log/maketst.log,../gen/MDTst_pirTest/GEMM_18/log/runtst.log,True,,,,,,,,,,,False,False,False,100,,,,,,,,False,,,,,,,,,,,,,,,,,,,,,83.543448077,,3203,,True,False,True,0.0,20.461,5.115,True
543f579f,2019-06-04 19:59:20,GEMM_2,pirTest,MDTst,1000000000.0,../gen/MDTst_pirTest/GEMM_2/log/mappir.log,../gen/MDTst_pirTest/GEMM_2/log/runpir.log,../gen/MDTst_pirTest/GEMM_2/log/genpsim.log,../gen/MDTst_pirTest/GEMM_2/log/gentrace.log,../gen/MDTst_pirTest/GEMM_2/log/runpsim.log,../gen/MDTst_pirTest/GEMM_2/log/runpsim.sh,../gen/MDTst_pirTest/GEMM_2/log/runproute.log,../gen/MDTst_pirTest/GEMM_2/log/runproute.sh,../gen/MDTst_pirTest/GEMM_2/plastisim/summary.csv,../gen/MDTst_pirTest/GEMM_2/pir/AccelMain.scala,../gen/MDTst_pirTest/GEMM_2/log/,../gen/MDTst_pirTest/GEMM_2/log/gentst.log,../gen/MDTst_pirTest/GEMM_2/log/maketst.log,../gen/MDTst_pirTest/GEMM_2/log/runtst.log,True,,,,,,,,,,,False,False,False,100,,,,,,,,False,,,,,,,,,,,,,,,,,,,,,28.311561555,,67105,,True,False,True,0.0,3.906,0.977,True
543f579f,2019-06-04 19:59:20,GEMM_3,pirTest,MDTst,1000000000.0,../gen/MDTst_pirTest/GEMM_3/log/mappir.log,../gen/MDTst_pirTest/GEMM_3/log/runpir.log,../gen/MDTst_pirTest/GEMM_3/log/genpsim.log,../gen/MDTst_pirTest/GEMM_3/log/gentrace.log,../gen/MDTst_pirTest/GEMM_3/log/runpsim.log,../gen/MDTst_pirTest/GEMM_3/log/runpsim.sh,../gen/MDTst_pirTest/GEMM_3/log/runproute.log,../gen/MDTst_pirTest/GEMM_3/log/runproute.sh,../gen/MDTst_pirTest/GEMM_3/plastisim/summary.csv,../gen/MDTst_pirTest/GEMM_3/pir/AccelMain.scala,../gen/MDTst_pirTest/GEMM_3/log/,../gen/MDTst_pirTest/GEMM_3/log/gentst.log,../gen/MDTst_pirTest/GEMM_3/log/maketst.log,../gen/MDTst_pirTest/GEMM_3/log/runtst.log,True,,,,,,,,,,,False,False,False,100,,,,,,,,False,,,,,,,,,,,,,,,,,,,,,26.780108786,,69878,,True,False,True,0.0,3.751,0.938,True
543f579f,2019-06-04 19:59:20,GEMM_4,pirTest,MDTst,1000000000.0,../gen/MDTst_pirTest/GEMM_4/log/mappir.log,../gen/MDTst_pirTest/GEMM_4/log/runpir.log,../gen/MDTst_pirTest/GEMM_4/log/genpsim.log,../gen/MDTst_pirTest/GEMM_4/log/gentrace.log,../gen/MDTst_pirTest/GEMM_4/log/runpsim.log,../gen/MDTst_pirTest/GEMM_4/log/runpsim.sh,../gen/MDTst_pirTest/GEMM_4/log/runproute.log,../gen/MDTst_pirTest/GEMM_4/log/runproute.sh,../gen/MDTst_pirTest/GEMM_4/plastisim/summary.csv,../gen/MDTst_pirTest/GEMM_4/pir/AccelMain.scala,../gen/MDTst_pirTest/GEMM_4/log/,../gen/MDTst_pirTest/GEMM_4/log/gentst.log,../gen/MDTst_pirTest/GEMM_4/log/maketst.log,../gen/MDTst_pirTest/GEMM_4/log/runtst.log,True,,,,,,,,,,,False,False,False,100,,,,,,,,False,,,,,,,,,,,,,,,,,,,,,22.677845665,,75337,,True,False,True,0.0,3.48,0.87,True
543f579f,2019-06-04 19:59:20,GEMM_6,pirTest,MDTst,1000000000.0,../gen/MDTst_pirTest/GEMM_6/log/mappir.log,../gen/MDTst_pirTest/GEMM_6/log/runpir.log,../gen/MDTst_pirTest/GEMM_6/log/genpsim.log,../gen/MDTst_pirTest/GEMM_6/log/gentrace.log,../gen/MDTst_pirTest/GEMM_6/log/runpsim.log,../gen/MDTst_pirTest/GEMM_6/log/runpsim.sh,../gen/MDTst_pirTest/GEMM_6/log/runproute.log,../gen/MDTst_pirTest/GEMM_6/log/runproute.sh,../gen/MDTst_pirTest/GEMM_6/plastisim/summary.csv,../gen/MDTst_pirTest/GEMM_6/pir/AccelMain.scala,../gen/MDTst_pirTest/GEMM_6/log/,../gen/MDTst_pirTest/GEMM_6/log/gentst.log,../gen/MDTst_pirTest/GEMM_6/log/maketst.log,../gen/MDTst_pirTest/GEMM_6/log/runtst.log,True,,,,,,,,,,,False,False,False,100,,,,,,,,False,,,,,,,,,,,,,,,,,,,,,62.448293114,,41420,,True,False,True,0.0,6.329,1.582,True
543f579f,2019-06-04 19:59:20,GEMM_7,pirTest,MDTst,1000000000.0,../gen/MDTst_pirTest/GEMM_7/log/mappir.log,../gen/MDTst_pirTest/GEMM_7/log/runpir.log,../gen/MDTst_pirTest/GEMM_7/log/genpsim.log,../gen/MDTst_pirTest/GEMM_7/log/gentrace.log,../gen/MDTst_pirTest/GEMM_7/log/runpsim.log,../gen/MDTst_pirTest/GEMM_7/log/runpsim.sh,../gen/MDTst_pirTest/GEMM_7/log/runproute.log,../gen/MDTst_pirTest/GEMM_7/log/runproute.sh,../gen/MDTst_pirTest/GEMM_7/plastisim/summary.csv,../gen/MDTst_pirTest/GEMM_7/pir/AccelMain.scala,../gen/MDTst_pirTest/GEMM_7/log/,../gen/MDTst_pirTest/GEMM_7/log/gentst.log,../gen/MDTst_pirTest/GEMM_7/log/maketst.log,../gen/MDTst_pirTest/GEMM_7/log/runtst.log,True,,,,,,,,,,,False,False,False,100,,,,,,,,False,,,,,,,,,,,,,,,,,,,,,25.242222264,,17338,,True,False,True,0.0,0.945,0.236,True
543f579f,2019-06-04 19:59:20,GEMM_8,pirTest,MDTst,1000000000.0,../gen/MDTst_pirTest/GEMM_8/log/mappir.log,../gen/MDTst_pirTest/GEMM_8/log/runpir.log,../gen/MDTst_pirTest/GEMM_8/log/genpsim.log,../gen/MDTst_pirTest/GEMM_8/log/gentrace.log,../gen/MDTst_pirTest/GEMM_8/log/runpsim.log,../gen/MDTst_pirTest/GEMM_8/log/runpsim.sh,../gen/MDTst_pirTest/GEMM_8/log/runproute.log,../gen/MDTst_pirTest/GEMM_8/log/runproute.sh,../gen/MDTst_pirTest/GEMM_8/plastisim/summary.csv,../gen/MDTst_pirTest/GEMM_8/pir/AccelMain.scala,../gen/MDTst_pirTest/GEMM_8/log/,../gen/MDTst_pirTest/GEMM_8/log/gentst.log,../gen/MDTst_pirTest/GEMM_8/log/maketst.log,../gen/MDTst_pirTest/GEMM_8/log/runtst.log,True,,,,,,,,,,,False,False,False,100,,,,,,,,False,,,,,,,,,,,,,,,,,,,,,23.643691705,,2368,,True,False,True,0.0,6.919,1.73,True
543f579f,2019-06-04 19:59:20,GEMM_9,pirTest,MDTst,1000000000.0,../gen/MDTst_pirTest/GEMM_9/log/mappir.log,../gen/MDTst_pirTest/GEMM_9/log/runpir.log,../gen/MDTst_pirTest/GEMM_9/log/genpsim.log,../gen/MDTst_pirTest/GEMM_9/log/gentrace.log,../gen/MDTst_pirTest/GEMM_9/log/runpsim.log,../gen/MDTst_pirTest/GEMM_9/log/runpsim.sh,../gen/MDTst_pirTest/GEMM_9/log/runproute.log,../gen/MDTst_pirTest/GEMM_9/log/runproute.sh,../gen/MDTst_pirTest/GEMM_9/plastisim/summary.csv,../gen/MDTst_pirTest/GEMM_9/pir/AccelMain.scala,../gen/MDTst_pirTest/GEMM_9/log/,../gen/MDTst_pirTest/GEMM_9/log/gentst.log,../gen/MDTst_pirTest/GEMM_9/log/maketst.log,../gen/MDTst_pirTest/GEMM_9/log/runtst.log,True,,,,,,,,,,,False,False,False,100,,,,,,,,False,,,,,,,,,,,,,,,,,,,,,27.352586483,,8894,,True,False,True,0.0,7.369,1.842,True
543f579f,2019-06-04 19:59:20,GRU_0,pirTest,MDTst,1000000000.0,../gen/MDTst_pirTest/GRU_0/log/mappir.log,../gen/MDTst_pirTest/GRU_0/log/runpir.log,../gen/MDTst_pirTest/GRU_0/log/genpsim.log,../gen/MDTst_pirTest/GRU_0/log/gentrace.log,../gen/MDTst_pirTest/GRU_0/log/runpsim.log,../gen/MDTst_pirTest/GRU_0/log/runpsim.sh,../gen/MDTst_pirTest/GRU_0/log/runproute.log,../gen/MDTst_pirTest/GRU_0/log/runproute.sh,../gen/MDTst_pirTest/GRU_0/plastisim/summary.csv,../gen/MDTst_pirTest/GRU_0/pir/AccelMain.scala,../gen/MDTst_pirTest/GRU_0/log/,../gen/MDTst_pirTest/GRU_0/log/gentst.log,../gen/MDTst_pirTest/GRU_0/log/maketst.log,../gen/MDTst_pirTest/GRU_0/log/runtst.log,False,,,,,,,,,,,False,False,False,100,,,,,,,,False,,,,,,,,,,,,,,,,,,,,,,,,,,False,False,,,,False
543f579f,2019-06-04 19:59:20,GRU_1,pirTest,MDTst,1000000000.0,../gen/MDTst_pirTest/GRU_1/log/mappir.log,../gen/MDTst_pirTest/GRU_1/log/runpir.log,../gen/MDTst_pirTest/GRU_1/log/genpsim.log,../gen/MDTst_pirTest/GRU_1/log/gentrace.log,../gen/MDTst_pirTest/GRU_1/log/runpsim.log,../gen/MDTst_pirTest/GRU_1/log/runpsim.sh,../gen/MDTst_pirTest/GRU_1/log/runproute.log,../gen/MDTst_pirTest/GRU_1/log/runproute.sh,../gen/MDTst_pirTest/GRU_1/plastisim/summary.csv,../gen/MDTst_pirTest/GRU_1/pir/AccelMain.scala,../gen/MDTst_pirTest/GRU_1/log/,../gen/MDTst_pirTest/GRU_1/log/gentst.log,../gen/MDTst_pirTest/GRU_1/log/maketst.log,../gen/MDTst_pirTest/GRU_1/log/runtst.log,False,,,,,,,,,,,False,False,False,100,,,,,,,,False,,,,,,,,,,,,,,,,,,,,,,,,,,False,False,,,,False
543f579f,2019-06-04 19:59:20,Kmeans_0,pirTest,MDTst,1000000000.0,../gen/MDTst_pirTest/Kmeans_0/log/mappir.log,../gen/MDTst_pirTest/Kmeans_0/log/runpir.log,../gen/MDTst_pirTest/Kmeans_0/log/genpsim.log,../gen/MDTst_pirTest/Kmeans_0/log/gentrace.log,../gen/MDTst_pirTest/Kmeans_0/log/runpsim.log,../gen/MDTst_pirTest/Kmeans_0/log/runpsim.sh,../gen/MDTst_pirTest/Kmeans_0/log/runproute.log,../gen/MDTst_pirTest/Kmeans_0/log/runproute.sh,../gen/MDTst_pirTest/Kmeans_0/plastisim/summary.csv,../gen/MDTst_pirTest/Kmeans_0/pir/AccelMain.scala,../gen/MDTst_pirTest/Kmeans_0/log/,../gen/MDTst_pirTest/Kmeans_0/log/gentst.log,../gen/MDTst_pirTest/Kmeans_0/log/maketst.log,../gen/MDTst_pirTest/Kmeans_0/log/runtst.log,True,,,,,,,,,,,False,False,False,100,,,,,,,,False,,,,,,,,,,,,,,,,,,,,,24.678371732,,571298,,True,False,True,1.984,0.946,0.029,True
543f579f,2019-06-04 19:59:20,Kmeans_1,pirTest,MDTst,1000000000.0,../gen/MDTst_pirTest/Kmeans_1/log/mappir.log,../gen/MDTst_pirTest/Kmeans_1/log/runpir.log,../gen/MDTst_pirTest/Kmeans_1/log/genpsim.log,../gen/MDTst_pirTest/Kmeans_1/log/gentrace.log,../gen/MDTst_pirTest/Kmeans_1/log/runpsim.log,../gen/MDTst_pirTest/Kmeans_1/log/runpsim.sh,../gen/MDTst_pirTest/Kmeans_1/log/runproute.log,../gen/MDTst_pirTest/Kmeans_1/log/runproute.sh,../gen/MDTst_pirTest/Kmeans_1/plastisim/summary.csv,../gen/MDTst_pirTest/Kmeans_1/pir/AccelMain.scala,../gen/MDTst_pirTest/Kmeans_1/log/,../gen/MDTst_pirTest/Kmeans_1/log/gentst.log,../gen/MDTst_pirTest/Kmeans_1/log/maketst.log,../gen/MDTst_pirTest/Kmeans_1/log/runtst.log,True,,,,,,,,,,,False,False,False,100,,,,,,,,False,,,,,,,,,,,,,,,,,,,,,31.777182267,,8484303,,True,False,True,1.541,0.064,0.002,True
543f579f,2019-06-04 19:59:20,Kmeans_2,pirTest,MDTst,1000000000.0,../gen/MDTst_pirTest/Kmeans_2/log/mappir.log,../gen/MDTst_pirTest/Kmeans_2/log/runpir.log,../gen/MDTst_pirTest/Kmeans_2/log/genpsim.log,../gen/MDTst_pirTest/Kmeans_2/log/gentrace.log,../gen/MDTst_pirTest/Kmeans_2/log/runpsim.log,../gen/MDTst_pirTest/Kmeans_2/log/runpsim.sh,../gen/MDTst_pirTest/Kmeans_2/log/runproute.log,../gen/MDTst_pirTest/Kmeans_2/log/runproute.sh,../gen/MDTst_pirTest/Kmeans_2/plastisim/summary.csv,../gen/MDTst_pirTest/Kmeans_2/pir/AccelMain.scala,../gen/MDTst_pirTest/Kmeans_2/log/,../gen/MDTst_pirTest/Kmeans_2/log/gentst.log,../gen/MDTst_pirTest/Kmeans_2/log/maketst.log,../gen/MDTst_pirTest/Kmeans_2/log/runtst.log,True,,,,,,,,,,,False,False,False,100,,,,,,,,False,,,,,,,,,,,,,,,,,,,,,55.839560449,,594506,,True,False,True,1.873,0.909,0.028,True
543f579f,2019-06-04 19:59:20,Kmeans_3,pirTest,MDTst,1000000000.0,../gen/MDTst_pirTest/Kmeans_3/log/mappir.log,../gen/MDTst_pirTest/Kmeans_3/log/runpir.log,../gen/MDTst_pirTest/Kmeans_3/log/genpsim.log,../gen/MDTst_pirTest/Kmeans_3/log/gentrace.log,../gen/MDTst_pirTest/Kmeans_3/log/runpsim.log,../gen/MDTst_pirTest/Kmeans_3/log/runpsim.sh,../gen/MDTst_pirTest/Kmeans_3/log/runproute.log,../gen/MDTst_pirTest/Kmeans_3/log/runproute.sh,../gen/MDTst_pirTest/Kmeans_3/plastisim/summary.csv,../gen/MDTst_pirTest/Kmeans_3/pir/AccelMain.scala,../gen/MDTst_pirTest/Kmeans_3/log/,../gen/MDTst_pirTest/Kmeans_3/log/gentst.log,../gen/MDTst_pirTest/Kmeans_3/log/maketst.log,../gen/MDTst_pirTest/Kmeans_3/log/runtst.log,True,,,,,,,,,,,False,False,False,100,,,,,,,,False,,,,,,,,,,,,,,,,,,,,,41.721015655,,594338,,True,False,True,1.871,0.91,0.028,True
543f579f,2019-06-04 19:59:20,Kmeans_4,pirTest,MDTst,1000000000.0,../gen/MDTst_pirTest/Kmeans_4/log/mappir.log,../gen/MDTst_pirTest/Kmeans_4/log/runpir.log,../gen/MDTst_pirTest/Kmeans_4/log/genpsim.log,../gen/MDTst_pirTest/Kmeans_4/log/gentrace.log,../gen/MDTst_pirTest/Kmeans_4/log/runpsim.log,../gen/MDTst_pirTest/Kmeans_4/log/runpsim.sh,../gen/MDTst_pirTest/Kmeans_4/log/runproute.log,../gen/MDTst_pirTest/Kmeans_4/log/runproute.sh,../gen/MDTst_pirTest/Kmeans_4/plastisim/summary.csv,../gen/MDTst_pirTest/Kmeans_4/pir/AccelMain.scala,../gen/MDTst_pirTest/Kmeans_4/log/,../gen/MDTst_pirTest/Kmeans_4/log/gentst.log,../gen/MDTst_pirTest/Kmeans_4/log/maketst.log,../gen/MDTst_pirTest/Kmeans_4/log/runtst.log,True,,,,,,,,,,,False,False,False,100,,,,,,,,False,,,,,,,,,,,,,,,,,,,,,55.179251073,,726083,,True,False,True,1.781,0.745,0.023,True
543f579f,2019-06-04 19:59:20,Kmeans_5,pirTest,MDTst,1000000000.0,../gen/MDTst_pirTest/Kmeans_5/log/mappir.log,../gen/MDTst_pirTest/Kmeans_5/log/runpir.log,../gen/MDTst_pirTest/Kmeans_5/log/genpsim.log,../gen/MDTst_pirTest/Kmeans_5/log/gentrace.log,../gen/MDTst_pirTest/Kmeans_5/log/runpsim.log,../gen/MDTst_pirTest/Kmeans_5/log/runpsim.sh,../gen/MDTst_pirTest/Kmeans_5/log/runproute.log,../gen/MDTst_pirTest/Kmeans_5/log/runproute.sh,../gen/MDTst_pirTest/Kmeans_5/plastisim/summary.csv,../gen/MDTst_pirTest/Kmeans_5/pir/AccelMain.scala,../gen/MDTst_pirTest/Kmeans_5/log/,../gen/MDTst_pirTest/Kmeans_5/log/gentst.log,../gen/MDTst_pirTest/Kmeans_5/log/maketst.log,../gen/MDTst_pirTest/Kmeans_5/log/runtst.log,True,,,,,,,,,,,False,False,False,100,,,,,,,,False,,,,,,,,,,,,,,,,,,,,,78.101064835,,594703,,True,False,True,1.872,0.909,0.028,True
543f579f,2019-06-04 19:59:20,Kmeans_6,pirTest,MDTst,1000000000.0,../gen/MDTst_pirTest/Kmeans_6/log/mappir.log,../gen/MDTst_pirTest/Kmeans_6/log/runpir.log,../gen/MDTst_pirTest/Kmeans_6/log/genpsim.log,../gen/MDTst_pirTest/Kmeans_6/log/gentrace.log,../gen/MDTst_pirTest/Kmeans_6/log/runpsim.log,../gen/MDTst_pirTest/Kmeans_6/log/runpsim.sh,../gen/MDTst_pirTest/Kmeans_6/log/runproute.log,../gen/MDTst_pirTest/Kmeans_6/log/runproute.sh,../gen/MDTst_pirTest/Kmeans_6/plastisim/summary.csv,../gen/MDTst_pirTest/Kmeans_6/pir/AccelMain.scala,../gen/MDTst_pirTest/Kmeans_6/log/,../gen/MDTst_pirTest/Kmeans_6/log/gentst.log,../gen/MDTst_pirTest/Kmeans_6/log/maketst.log,../gen/MDTst_pirTest/Kmeans_6/log/runtst.log,True,,,,,,,,,,,False,False,False,100,,,,,,,,False,,,,,,,,,,,,,,,,,,,,,62.830086629,,594718,,True,False,True,1.87,0.909,0.028,True
543f579f,2019-06-04 19:59:20,Kmeans_7,pirTest,MDTst,1000000000.0,../gen/MDTst_pirTest/Kmeans_7/log/mappir.log,../gen/MDTst_pirTest/Kmeans_7/log/runpir.log,../gen/MDTst_pirTest/Kmeans_7/log/genpsim.log,../gen/MDTst_pirTest/Kmeans_7/log/gentrace.log,../gen/MDTst_pirTest/Kmeans_7/log/runpsim.log,../gen/MDTst_pirTest/Kmeans_7/log/runpsim.sh,../gen/MDTst_pirTest/Kmeans_7/log/runproute.log,../gen/MDTst_pirTest/Kmeans_7/log/runproute.sh,../gen/MDTst_pirTest/Kmeans_7/plastisim/summary.csv,../gen/MDTst_pirTest/Kmeans_7/pir/AccelMain.scala,../gen/MDTst_pirTest/Kmeans_7/log/,../gen/MDTst_pirTest/Kmeans_7/log/gentst.log,../gen/MDTst_pirTest/Kmeans_7/log/maketst.log,../gen/MDTst_pirTest/Kmeans_7/log/runtst.log,True,,,,,,,,,,,False,False,False,100,,,,,,,,False,,,,,,,,,,,,,,,,,,,,,64.8677877,,595483,,True,False,True,1.87,0.908,0.028,True
543f579f,2019-06-04 19:59:20,Kmeans_8,pirTest,MDTst,1000000000.0,../gen/MDTst_pirTest/Kmeans_8/log/mappir.log,../gen/MDTst_pirTest/Kmeans_8/log/runpir.log,../gen/MDTst_pirTest/Kmeans_8/log/genpsim.log,../gen/MDTst_pirTest/Kmeans_8/log/gentrace.log,../gen/MDTst_pirTest/Kmeans_8/log/runpsim.log,../gen/MDTst_pirTest/Kmeans_8/log/runpsim.sh,../gen/MDTst_pirTest/Kmeans_8/log/runproute.log,../gen/MDTst_pirTest/Kmeans_8/log/runproute.sh,../gen/MDTst_pirTest/Kmeans_8/plastisim/summary.csv,../gen/MDTst_pirTest/Kmeans_8/pir/AccelMain.scala,../gen/MDTst_pirTest/Kmeans_8/log/,../gen/MDTst_pirTest/Kmeans_8/log/gentst.log,../gen/MDTst_pirTest/Kmeans_8/log/maketst.log,../gen/MDTst_pirTest/Kmeans_8/log/runtst.log,True,,,,,,,,,,,False,False,False,100,,,,,,,,False,,,,,,,,,,,,,,,,,,,,,98.914426893,,595087,,True,False,True,1.871,0.909,0.028,True
543f579f,2019-06-04 19:59:20,LSTM_0,pirTest,MDTst,1000000000.0,../gen/MDTst_pirTest/LSTM_0/log/mappir.log,../gen/MDTst_pirTest/LSTM_0/log/runpir.log,../gen/MDTst_pirTest/LSTM_0/log/genpsim.log,../gen/MDTst_pirTest/LSTM_0/log/gentrace.log,../gen/MDTst_pirTest/LSTM_0/log/runpsim.log,../gen/MDTst_pirTest/LSTM_0/log/runpsim.sh,../gen/MDTst_pirTest/LSTM_0/log/runproute.log,../gen/MDTst_pirTest/LSTM_0/log/runproute.sh,../gen/MDTst_pirTest/LSTM_0/plastisim/summary.csv,../gen/MDTst_pirTest/LSTM_0/pir/AccelMain.scala,../gen/MDTst_pirTest/LSTM_0/log/,../gen/MDTst_pirTest/LSTM_0/log/gentst.log,../gen/MDTst_pirTest/LSTM_0/log/maketst.log,../gen/MDTst_pirTest/LSTM_0/log/runtst.log,False,[error] //TODO: Plasticine does not support unbanked unrolled access at the moment. ,,,,,,,,,,False,False,False,100,,,,,,,,False,,,,,,,,,,,,,,,,,,,,,,,,,,False,False,,,,False
543f579f,2019-06-04 19:59:20,LSTM_1,pirTest,MDTst,1000000000.0,../gen/MDTst_pirTest/LSTM_1/log/mappir.log,../gen/MDTst_pirTest/LSTM_1/log/runpir.log,../gen/MDTst_pirTest/LSTM_1/log/genpsim.log,../gen/MDTst_pirTest/LSTM_1/log/gentrace.log,../gen/MDTst_pirTest/LSTM_1/log/runpsim.log,../gen/MDTst_pirTest/LSTM_1/log/runpsim.sh,../gen/MDTst_pirTest/LSTM_1/log/runproute.log,../gen/MDTst_pirTest/LSTM_1/log/runproute.sh,../gen/MDTst_pirTest/LSTM_1/plastisim/summary.csv,../gen/MDTst_pirTest/LSTM_1/pir/AccelMain.scala,../gen/MDTst_pirTest/LSTM_1/log/,../gen/MDTst_pirTest/LSTM_1/log/gentst.log,../gen/MDTst_pirTest/LSTM_1/log/maketst.log,../gen/MDTst_pirTest/LSTM_1/log/runtst.log,False,[error] //TODO: Plasticine does not support unbanked unrolled access at the moment. ,,,,,,,,,,False,False,False,100,,,,,,,,False,,,,,,,,,,,,,,,,,,,,,,,,,,False,False,,,,False
543f579f,2019-06-04 19:59:20,LUTTest_0,pirTest,MDTst,1000000000.0,../gen/MDTst_pirTest/LUTTest_0/log/mappir.log,../gen/MDTst_pirTest/LUTTest_0/log/runpir.log,../gen/MDTst_pirTest/LUTTest_0/log/genpsim.log,../gen/MDTst_pirTest/LUTTest_0/log/gentrace.log,../gen/MDTst_pirTest/LUTTest_0/log/runpsim.log,../gen/MDTst_pirTest/LUTTest_0/log/runpsim.sh,../gen/MDTst_pirTest/LUTTest_0/log/runproute.log,../gen/MDTst_pirTest/LUTTest_0/log/runproute.sh,../gen/MDTst_pirTest/LUTTest_0/plastisim/summary.csv,../gen/MDTst_pirTest/LUTTest_0/pir/AccelMain.scala,../gen/MDTst_pirTest/LUTTest_0/log/,../gen/MDTst_pirTest/LUTTest_0/log/gentst.log,../gen/MDTst_pirTest/LUTTest_0/log/maketst.log,../gen/MDTst_pirTest/LUTTest_0/log/runtst.log,True,,,,,,,,,,,False,False,False,100,,,,,,,,False,,,,,,,,,,,,,,,,,,,,,5.993228165,,53,,True,False,True,0.0,0.0,0.0,True
543f579f,2019-06-04 19:59:20,LUTTest_1,pirTest,MDTst,1000000000.0,../gen/MDTst_pirTest/LUTTest_1/log/mappir.log,../gen/MDTst_pirTest/LUTTest_1/log/runpir.log,../gen/MDTst_pirTest/LUTTest_1/log/genpsim.log,../gen/MDTst_pirTest/LUTTest_1/log/gentrace.log,../gen/MDTst_pirTest/LUTTest_1/log/runpsim.log,../gen/MDTst_pirTest/LUTTest_1/log/runpsim.sh,../gen/MDTst_pirTest/LUTTest_1/log/runproute.log,../gen/MDTst_pirTest/LUTTest_1/log/runproute.sh,../gen/MDTst_pirTest/LUTTest_1/plastisim/summary.csv,../gen/MDTst_pirTest/LUTTest_1/pir/AccelMain.scala,../gen/MDTst_pirTest/LUTTest_1/log/,../gen/MDTst_pirTest/LUTTest_1/log/gentst.log,../gen/MDTst_pirTest/LUTTest_1/log/maketst.log,../gen/MDTst_pirTest/LUTTest_1/log/runtst.log,True,,,,,,,,,,,False,False,False,100,,,,,,,,False,,,,,,,,,,,,,,,,,,,,,3.954189928,,158,,True,False,True,0.0,0.0,0.0,True
543f579f,2019-06-04 19:59:20,LUTTest_2,pirTest,MDTst,1000000000.0,../gen/MDTst_pirTest/LUTTest_2/log/mappir.log,../gen/MDTst_pirTest/LUTTest_2/log/runpir.log,../gen/MDTst_pirTest/LUTTest_2/log/genpsim.log,../gen/MDTst_pirTest/LUTTest_2/log/gentrace.log,../gen/MDTst_pirTest/LUTTest_2/log/runpsim.log,../gen/MDTst_pirTest/LUTTest_2/log/runpsim.sh,../gen/MDTst_pirTest/LUTTest_2/log/runproute.log,../gen/MDTst_pirTest/LUTTest_2/log/runproute.sh,../gen/MDTst_pirTest/LUTTest_2/plastisim/summary.csv,../gen/MDTst_pirTest/LUTTest_2/pir/AccelMain.scala,../gen/MDTst_pirTest/LUTTest_2/log/,../gen/MDTst_pirTest/LUTTest_2/log/gentst.log,../gen/MDTst_pirTest/LUTTest_2/log/maketst.log,../gen/MDTst_pirTest/LUTTest_2/log/runtst.log,True,,,,,,,,,,,False,False,False,100,,,,,,,,False,,,,,,,,,,,,,,,,,,,,,7.946415891,,101,,True,False,True,0.0,0.0,0.0,True
543f579f,2019-06-04 19:59:20,LUTTest_3,pirTest,MDTst,1000000000.0,../gen/MDTst_pirTest/LUTTest_3/log/mappir.log,../gen/MDTst_pirTest/LUTTest_3/log/runpir.log,../gen/MDTst_pirTest/LUTTest_3/log/genpsim.log,../gen/MDTst_pirTest/LUTTest_3/log/gentrace.log,../gen/MDTst_pirTest/LUTTest_3/log/runpsim.log,../gen/MDTst_pirTest/LUTTest_3/log/runpsim.sh,../gen/MDTst_pirTest/LUTTest_3/log/runproute.log,../gen/MDTst_pirTest/LUTTest_3/log/runproute.sh,../gen/MDTst_pirTest/LUTTest_3/plastisim/summary.csv,../gen/MDTst_pirTest/LUTTest_3/pir/AccelMain.scala,../gen/MDTst_pirTest/LUTTest_3/log/,../gen/MDTst_pirTest/LUTTest_3/log/gentst.log,../gen/MDTst_pirTest/LUTTest_3/log/maketst.log,../gen/MDTst_pirTest/LUTTest_3/log/runtst.log,True,,,,,,,,,,,False,False,False,100,,,,,,,,False,,,,,,,,,,,,,,,,,,,,,8.980129131,,46,,True,False,True,0.0,0.0,0.0,True
543f579f,2019-06-04 19:59:20,LUTTest_4,pirTest,MDTst,1000000000.0,../gen/MDTst_pirTest/LUTTest_4/log/mappir.log,../gen/MDTst_pirTest/LUTTest_4/log/runpir.log,../gen/MDTst_pirTest/LUTTest_4/log/genpsim.log,../gen/MDTst_pirTest/LUTTest_4/log/gentrace.log,../gen/MDTst_pirTest/LUTTest_4/log/runpsim.log,../gen/MDTst_pirTest/LUTTest_4/log/runpsim.sh,../gen/MDTst_pirTest/LUTTest_4/log/runproute.log,../gen/MDTst_pirTest/LUTTest_4/log/runproute.sh,../gen/MDTst_pirTest/LUTTest_4/plastisim/summary.csv,../gen/MDTst_pirTest/LUTTest_4/pir/AccelMain.scala,../gen/MDTst_pirTest/LUTTest_4/log/,../gen/MDTst_pirTest/LUTTest_4/log/gentst.log,../gen/MDTst_pirTest/LUTTest_4/log/maketst.log,../gen/MDTst_pirTest/LUTTest_4/log/runtst.log,True,,,,,,,,,,,False,False,False,100,,,,,,,,False,,,,,,,,,,,,,,,,,,,,,4.276393774,,19,,True,False,True,0.0,0.0,0.0,True
543f579f,2019-06-04 19:59:20,LeNet_0,pirTest,MDTst,1000000000.0,../gen/MDTst_pirTest/LeNet_0/log/mappir.log,../gen/MDTst_pirTest/LeNet_0/log/runpir.log,../gen/MDTst_pirTest/LeNet_0/log/genpsim.log,../gen/MDTst_pirTest/LeNet_0/log/gentrace.log,../gen/MDTst_pirTest/LeNet_0/log/runpsim.log,../gen/MDTst_pirTest/LeNet_0/log/runpsim.sh,../gen/MDTst_pirTest/LeNet_0/log/runproute.log,../gen/MDTst_pirTest/LeNet_0/log/runproute.sh,../gen/MDTst_pirTest/LeNet_0/plastisim/summary.csv,../gen/MDTst_pirTest/LeNet_0/pir/AccelMain.scala,../gen/MDTst_pirTest/LeNet_0/log/,../gen/MDTst_pirTest/LeNet_0/log/gentst.log,../gen/MDTst_pirTest/LeNet_0/log/maketst.log,../gen/MDTst_pirTest/LeNet_0/log/runtst.log,True,,,,,,,,,,,False,False,False,100,,,,,,,,False,,,,,,,,,,,,,,,,,,,,,56.931803345,,,"tungsten: src/main.cc:24: int main(int, char**): Assertion `x739_file.good() && ""File Const(/home/spatial_shadjis/spatial/DEVELOP_spatial-lang/csv_LeNetDNNW/data_in2.csv) does not exist""' failed.
",,False,False,,,,False
543f579f,2019-06-04 19:59:20,LeNet_4,pirTest,MDTst,1000000000.0,../gen/MDTst_pirTest/LeNet_4/log/mappir.log,../gen/MDTst_pirTest/LeNet_4/log/runpir.log,../gen/MDTst_pirTest/LeNet_4/log/genpsim.log,../gen/MDTst_pirTest/LeNet_4/log/gentrace.log,../gen/MDTst_pirTest/LeNet_4/log/runpsim.log,../gen/MDTst_pirTest/LeNet_4/log/runpsim.sh,../gen/MDTst_pirTest/LeNet_4/log/runproute.log,../gen/MDTst_pirTest/LeNet_4/log/runproute.sh,../gen/MDTst_pirTest/LeNet_4/plastisim/summary.csv,../gen/MDTst_pirTest/LeNet_4/pir/AccelMain.scala,../gen/MDTst_pirTest/LeNet_4/log/,../gen/MDTst_pirTest/LeNet_4/log/gentst.log,../gen/MDTst_pirTest/LeNet_4/log/maketst.log,../gen/MDTst_pirTest/LeNet_4/log/runtst.log,True,,,,,,,,,,,False,False,False,100,,,,,,,,False,,,,,,,,,,,,,,,,,,,,,80.491365757,,,"tungsten: src/main.cc:24: int main(int, char**): Assertion `x739_file.good() && ""File Const(/home/spatial_shadjis/spatial/DEVELOP_spatial-lang/csv_LeNetDNNW/data_in2.csv) does not exist""' failed.
",,False,False,,,,False
543f579f,2019-06-04 19:59:20,LogReg_0,pirTest,MDTst,1000000000.0,../gen/MDTst_pirTest/LogReg_0/log/mappir.log,../gen/MDTst_pirTest/LogReg_0/log/runpir.log,../gen/MDTst_pirTest/LogReg_0/log/genpsim.log,../gen/MDTst_pirTest/LogReg_0/log/gentrace.log,../gen/MDTst_pirTest/LogReg_0/log/runpsim.log,../gen/MDTst_pirTest/LogReg_0/log/runpsim.sh,../gen/MDTst_pirTest/LogReg_0/log/runproute.log,../gen/MDTst_pirTest/LogReg_0/log/runproute.sh,../gen/MDTst_pirTest/LogReg_0/plastisim/summary.csv,../gen/MDTst_pirTest/LogReg_0/pir/AccelMain.scala,../gen/MDTst_pirTest/LogReg_0/log/,../gen/MDTst_pirTest/LogReg_0/log/gentst.log,../gen/MDTst_pirTest/LogReg_0/log/maketst.log,../gen/MDTst_pirTest/LogReg_0/log/runtst.log,True,,,,,,,,,,,False,False,False,100,,,,,,,,False,,,,,,,,,,,,,,,,,,,,,27.013021485,,12247,,True,False,True,0.0,5.529,0.01,True
543f579f,2019-06-04 19:59:20,LogReg_1,pirTest,MDTst,1000000000.0,../gen/MDTst_pirTest/LogReg_1/log/mappir.log,../gen/MDTst_pirTest/LogReg_1/log/runpir.log,../gen/MDTst_pirTest/LogReg_1/log/genpsim.log,../gen/MDTst_pirTest/LogReg_1/log/gentrace.log,../gen/MDTst_pirTest/LogReg_1/log/runpsim.log,../gen/MDTst_pirTest/LogReg_1/log/runpsim.sh,../gen/MDTst_pirTest/LogReg_1/log/runproute.log,../gen/MDTst_pirTest/LogReg_1/log/runproute.sh,../gen/MDTst_pirTest/LogReg_1/plastisim/summary.csv,../gen/MDTst_pirTest/LogReg_1/pir/AccelMain.scala,../gen/MDTst_pirTest/LogReg_1/log/,../gen/MDTst_pirTest/LogReg_1/log/gentst.log,../gen/MDTst_pirTest/LogReg_1/log/maketst.log,../gen/MDTst_pirTest/LogReg_1/log/runtst.log,True,,,,,,,,,,,False,False,False,100,,,,,,,,False,,,,,,,,,,,,,,,,,,,,,37.862582121,,6370,,True,False,True,0.0,10.63,0.02,True
543f579f,2019-06-04 19:59:20,LogReg_2,pirTest,MDTst,1000000000.0,../gen/MDTst_pirTest/LogReg_2/log/mappir.log,../gen/MDTst_pirTest/LogReg_2/log/runpir.log,../gen/MDTst_pirTest/LogReg_2/log/genpsim.log,../gen/MDTst_pirTest/LogReg_2/log/gentrace.log,../gen/MDTst_pirTest/LogReg_2/log/runpsim.log,../gen/MDTst_pirTest/LogReg_2/log/runpsim.sh,../gen/MDTst_pirTest/LogReg_2/log/runproute.log,../gen/MDTst_pirTest/LogReg_2/log/runproute.sh,../gen/MDTst_pirTest/LogReg_2/plastisim/summary.csv,../gen/MDTst_pirTest/LogReg_2/pir/AccelMain.scala,../gen/MDTst_pirTest/LogReg_2/log/,../gen/MDTst_pirTest/LogReg_2/log/gentst.log,../gen/MDTst_pirTest/LogReg_2/log/maketst.log,../gen/MDTst_pirTest/LogReg_2/log/runtst.log,True,,,,,,,,,,,False,False,False,100,,,,,,,,False,,,,,,,,,,,,,,,,,,,,,43.421317898,,6377,,True,False,True,0.0,10.618,0.02,True
543f579f,2019-06-04 19:59:20,LogReg_3,pirTest,MDTst,1000000000.0,../gen/MDTst_pirTest/LogReg_3/log/mappir.log,../gen/MDTst_pirTest/LogReg_3/log/runpir.log,../gen/MDTst_pirTest/LogReg_3/log/genpsim.log,../gen/MDTst_pirTest/LogReg_3/log/gentrace.log,../gen/MDTst_pirTest/LogReg_3/log/runpsim.log,../gen/MDTst_pirTest/LogReg_3/log/runpsim.sh,../gen/MDTst_pirTest/LogReg_3/log/runproute.log,../gen/MDTst_pirTest/LogReg_3/log/runproute.sh,../gen/MDTst_pirTest/LogReg_3/plastisim/summary.csv,../gen/MDTst_pirTest/LogReg_3/pir/AccelMain.scala,../gen/MDTst_pirTest/LogReg_3/log/,../gen/MDTst_pirTest/LogReg_3/log/gentst.log,../gen/MDTst_pirTest/LogReg_3/log/maketst.log,../gen/MDTst_pirTest/LogReg_3/log/runtst.log,True,,,,,,,,,,,False,False,False,100,,,,,,,,False,,,,,,,,,,,,,,,,,,,,,80.38654075,,3444,,True,False,True,0.0,19.661,0.037,True
543f579f,2019-06-04 19:59:20,LogReg_4,pirTest,MDTst,1000000000.0,../gen/MDTst_pirTest/LogReg_4/log/mappir.log,../gen/MDTst_pirTest/LogReg_4/log/runpir.log,../gen/MDTst_pirTest/LogReg_4/log/genpsim.log,../gen/MDTst_pirTest/LogReg_4/log/gentrace.log,../gen/MDTst_pirTest/LogReg_4/log/runpsim.log,../gen/MDTst_pirTest/LogReg_4/log/runpsim.sh,../gen/MDTst_pirTest/LogReg_4/log/runproute.log,../gen/MDTst_pirTest/LogReg_4/log/runproute.sh,../gen/MDTst_pirTest/LogReg_4/plastisim/summary.csv,../gen/MDTst_pirTest/LogReg_4/pir/AccelMain.scala,../gen/MDTst_pirTest/LogReg_4/log/,../gen/MDTst_pirTest/LogReg_4/log/gentst.log,../gen/MDTst_pirTest/LogReg_4/log/maketst.log,../gen/MDTst_pirTest/LogReg_4/log/runtst.log,True,,,,,,,,,,,False,False,False,100,,,,,,,,False,,,,,,,,,,,,,,,,,,,,,141.637157919,,2013,,True,False,True,0.0,33.637,0.064,True
543f579f,2019-06-04 19:59:20,LogReg_5,pirTest,MDTst,1000000000.0,../gen/MDTst_pirTest/LogReg_5/log/mappir.log,../gen/MDTst_pirTest/LogReg_5/log/runpir.log,../gen/MDTst_pirTest/LogReg_5/log/genpsim.log,../gen/MDTst_pirTest/LogReg_5/log/gentrace.log,../gen/MDTst_pirTest/LogReg_5/log/runpsim.log,../gen/MDTst_pirTest/LogReg_5/log/runpsim.sh,../gen/MDTst_pirTest/LogReg_5/log/runproute.log,../gen/MDTst_pirTest/LogReg_5/log/runproute.sh,../gen/MDTst_pirTest/LogReg_5/plastisim/summary.csv,../gen/MDTst_pirTest/LogReg_5/pir/AccelMain.scala,../gen/MDTst_pirTest/LogReg_5/log/,../gen/MDTst_pirTest/LogReg_5/log/gentst.log,../gen/MDTst_pirTest/LogReg_5/log/maketst.log,../gen/MDTst_pirTest/LogReg_5/log/runtst.log,True,,,,,,,,,,,False,False,False,100,,,,,,,,False,,,,,,,,,,,,,,,,,,,,,172.105122603,,2150,,True,False,True,0.0,31.494,0.06,True
543f579f,2019-06-04 19:59:20,OuterProduct_0,pirTest,MDTst,1000000000.0,../gen/MDTst_pirTest/OuterProduct_0/log/mappir.log,../gen/MDTst_pirTest/OuterProduct_0/log/runpir.log,../gen/MDTst_pirTest/OuterProduct_0/log/genpsim.log,../gen/MDTst_pirTest/OuterProduct_0/log/gentrace.log,../gen/MDTst_pirTest/OuterProduct_0/log/runpsim.log,../gen/MDTst_pirTest/OuterProduct_0/log/runpsim.sh,../gen/MDTst_pirTest/OuterProduct_0/log/runproute.log,../gen/MDTst_pirTest/OuterProduct_0/log/runproute.sh,../gen/MDTst_pirTest/OuterProduct_0/plastisim/summary.csv,../gen/MDTst_pirTest/OuterProduct_0/pir/AccelMain.scala,../gen/MDTst_pirTest/OuterProduct_0/log/,../gen/MDTst_pirTest/OuterProduct_0/log/gentst.log,../gen/MDTst_pirTest/OuterProduct_0/log/maketst.log,../gen/MDTst_pirTest/OuterProduct_0/log/runtst.log,True,,,,,,,,,,,False,False,False,100,,,,,,,,False,,,,,,,,,,,,,,,,,,,,,13.040726933,,18496,,True,False,True,0.0,0.277,14.173,True
543f579f,2019-06-04 19:59:20,OuterProduct_1,pirTest,MDTst,1000000000.0,../gen/MDTst_pirTest/OuterProduct_1/log/mappir.log,../gen/MDTst_pirTest/OuterProduct_1/log/runpir.log,../gen/MDTst_pirTest/OuterProduct_1/log/genpsim.log,../gen/MDTst_pirTest/OuterProduct_1/log/gentrace.log,../gen/MDTst_pirTest/OuterProduct_1/log/runpsim.log,../gen/MDTst_pirTest/OuterProduct_1/log/runpsim.sh,../gen/MDTst_pirTest/OuterProduct_1/log/runproute.log,../gen/MDTst_pirTest/OuterProduct_1/log/runproute.sh,../gen/MDTst_pirTest/OuterProduct_1/plastisim/summary.csv,../gen/MDTst_pirTest/OuterProduct_1/pir/AccelMain.scala,../gen/MDTst_pirTest/OuterProduct_1/log/,../gen/MDTst_pirTest/OuterProduct_1/log/gentst.log,../gen/MDTst_pirTest/OuterProduct_1/log/maketst.log,../gen/MDTst_pirTest/OuterProduct_1/log/runtst.log,True,,,,,,,,,,,False,False,False,100,,,,,,,,False,,,,,,,,,,,,,,,,,,,,,12.168776058,,65873,,True,False,True,0.0,0.078,3.98,True
543f579f,2019-06-04 19:59:20,OuterProduct_2,pirTest,MDTst,1000000000.0,../gen/MDTst_pirTest/OuterProduct_2/log/mappir.log,../gen/MDTst_pirTest/OuterProduct_2/log/runpir.log,../gen/MDTst_pirTest/OuterProduct_2/log/genpsim.log,../gen/MDTst_pirTest/OuterProduct_2/log/gentrace.log,../gen/MDTst_pirTest/OuterProduct_2/log/runpsim.log,../gen/MDTst_pirTest/OuterProduct_2/log/runpsim.sh,../gen/MDTst_pirTest/OuterProduct_2/log/runproute.log,../gen/MDTst_pirTest/OuterProduct_2/log/runproute.sh,../gen/MDTst_pirTest/OuterProduct_2/plastisim/summary.csv,../gen/MDTst_pirTest/OuterProduct_2/pir/AccelMain.scala,../gen/MDTst_pirTest/OuterProduct_2/log/,../gen/MDTst_pirTest/OuterProduct_2/log/gentst.log,../gen/MDTst_pirTest/OuterProduct_2/log/maketst.log,../gen/MDTst_pirTest/OuterProduct_2/log/runtst.log,True,,,,,,,,,,,False,False,False,100,,,,,,,,False,,,,,,,,,,,,,,,,,,,,,19.238629595,,33105,,True,False,True,0.0,0.155,7.919,True
543f579f,2019-06-04 19:59:20,OuterProduct_3,pirTest,MDTst,1000000000.0,../gen/MDTst_pirTest/OuterProduct_3/log/mappir.log,../gen/MDTst_pirTest/OuterProduct_3/log/runpir.log,../gen/MDTst_pirTest/OuterProduct_3/log/genpsim.log,../gen/MDTst_pirTest/OuterProduct_3/log/gentrace.log,../gen/MDTst_pirTest/OuterProduct_3/log/runpsim.log,../gen/MDTst_pirTest/OuterProduct_3/log/runpsim.sh,../gen/MDTst_pirTest/OuterProduct_3/log/runproute.log,../gen/MDTst_pirTest/OuterProduct_3/log/runproute.sh,../gen/MDTst_pirTest/OuterProduct_3/plastisim/summary.csv,../gen/MDTst_pirTest/OuterProduct_3/pir/AccelMain.scala,../gen/MDTst_pirTest/OuterProduct_3/log/,../gen/MDTst_pirTest/OuterProduct_3/log/gentst.log,../gen/MDTst_pirTest/OuterProduct_3/log/maketst.log,../gen/MDTst_pirTest/OuterProduct_3/log/runtst.log,True,,,,,,,,,,,False,False,False,100,,,,,,,,False,,,,,,,,,,,,,,,,,,,,,20.460154164,,33110,,True,False,True,0.0,0.155,7.917,True
543f579f,2019-06-04 19:59:20,OuterProduct_4,pirTest,MDTst,1000000000.0,../gen/MDTst_pirTest/OuterProduct_4/log/mappir.log,../gen/MDTst_pirTest/OuterProduct_4/log/runpir.log,../gen/MDTst_pirTest/OuterProduct_4/log/genpsim.log,../gen/MDTst_pirTest/OuterProduct_4/log/gentrace.log,../gen/MDTst_pirTest/OuterProduct_4/log/runpsim.log,../gen/MDTst_pirTest/OuterProduct_4/log/runpsim.sh,../gen/MDTst_pirTest/OuterProduct_4/log/runproute.log,../gen/MDTst_pirTest/OuterProduct_4/log/runproute.sh,../gen/MDTst_pirTest/OuterProduct_4/plastisim/summary.csv,../gen/MDTst_pirTest/OuterProduct_4/pir/AccelMain.scala,../gen/MDTst_pirTest/OuterProduct_4/log/,../gen/MDTst_pirTest/OuterProduct_4/log/gentst.log,../gen/MDTst_pirTest/OuterProduct_4/log/maketst.log,../gen/MDTst_pirTest/OuterProduct_4/log/runtst.log,True,,,,,,,,,,,False,False,False,100,,,,,,,,False,,,,,,,,,,,,,,,,,,,,,37.745127222,,16726,,True,False,True,0.0,0.306,15.673,True
543f579f,2019-06-04 19:59:20,OuterProduct_5,pirTest,MDTst,1000000000.0,../gen/MDTst_pirTest/OuterProduct_5/log/mappir.log,../gen/MDTst_pirTest/OuterProduct_5/log/runpir.log,../gen/MDTst_pirTest/OuterProduct_5/log/genpsim.log,../gen/MDTst_pirTest/OuterProduct_5/log/gentrace.log,../gen/MDTst_pirTest/OuterProduct_5/log/runpsim.log,../gen/MDTst_pirTest/OuterProduct_5/log/runpsim.sh,../gen/MDTst_pirTest/OuterProduct_5/log/runproute.log,../gen/MDTst_pirTest/OuterProduct_5/log/runproute.sh,../gen/MDTst_pirTest/OuterProduct_5/plastisim/summary.csv,../gen/MDTst_pirTest/OuterProduct_5/pir/AccelMain.scala,../gen/MDTst_pirTest/OuterProduct_5/log/,../gen/MDTst_pirTest/OuterProduct_5/log/gentst.log,../gen/MDTst_pirTest/OuterProduct_5/log/maketst.log,../gen/MDTst_pirTest/OuterProduct_5/log/runtst.log,True,,,,,,,,,,,False,False,False,100,,,,,,,,False,,,,,,,,,,,,,,,,,,,,,35.526646493,,8521,,True,False,True,0.0,0.601,30.764,True
543f579f,2019-06-04 19:59:20,OuterProduct_6,pirTest,MDTst,1000000000.0,../gen/MDTst_pirTest/OuterProduct_6/log/mappir.log,../gen/MDTst_pirTest/OuterProduct_6/log/runpir.log,../gen/MDTst_pirTest/OuterProduct_6/log/genpsim.log,../gen/MDTst_pirTest/OuterProduct_6/log/gentrace.log,../gen/MDTst_pirTest/OuterProduct_6/log/runpsim.log,../gen/MDTst_pirTest/OuterProduct_6/log/runpsim.sh,../gen/MDTst_pirTest/OuterProduct_6/log/runproute.log,../gen/MDTst_pirTest/OuterProduct_6/log/runproute.sh,../gen/MDTst_pirTest/OuterProduct_6/plastisim/summary.csv,../gen/MDTst_pirTest/OuterProduct_6/pir/AccelMain.scala,../gen/MDTst_pirTest/OuterProduct_6/log/,../gen/MDTst_pirTest/OuterProduct_6/log/gentst.log,../gen/MDTst_pirTest/OuterProduct_6/log/maketst.log,../gen/MDTst_pirTest/OuterProduct_6/log/runtst.log,True,,,,,,,,,,,False,False,False,100,,,,,,,,False,,,,,,,,,,,,,,,,,,,,,12.814254288,,18541,,True,False,True,0.0,0.276,14.139,True
543f579f,2019-06-04 19:59:20,OuterProduct_7,pirTest,MDTst,1000000000.0,../gen/MDTst_pirTest/OuterProduct_7/log/mappir.log,../gen/MDTst_pirTest/OuterProduct_7/log/runpir.log,../gen/MDTst_pirTest/OuterProduct_7/log/genpsim.log,../gen/MDTst_pirTest/OuterProduct_7/log/gentrace.log,../gen/MDTst_pirTest/OuterProduct_7/log/runpsim.log,../gen/MDTst_pirTest/OuterProduct_7/log/runpsim.sh,../gen/MDTst_pirTest/OuterProduct_7/log/runproute.log,../gen/MDTst_pirTest/OuterProduct_7/log/runproute.sh,../gen/MDTst_pirTest/OuterProduct_7/plastisim/summary.csv,../gen/MDTst_pirTest/OuterProduct_7/pir/AccelMain.scala,../gen/MDTst_pirTest/OuterProduct_7/log/,../gen/MDTst_pirTest/OuterProduct_7/log/gentst.log,../gen/MDTst_pirTest/OuterProduct_7/log/maketst.log,../gen/MDTst_pirTest/OuterProduct_7/log/runtst.log,True,,,,,,,,,,,False,False,False,100,,,,,,,,False,,,,,,,,,,,,,,,,,,,,,17.467842481,,9437,,True,False,True,0.0,0.543,27.778,True
543f579f,2019-06-04 19:59:20,OuterProduct_8,pirTest,MDTst,1000000000.0,../gen/MDTst_pirTest/OuterProduct_8/log/mappir.log,../gen/MDTst_pirTest/OuterProduct_8/log/runpir.log,../gen/MDTst_pirTest/OuterProduct_8/log/genpsim.log,../gen/MDTst_pirTest/OuterProduct_8/log/gentrace.log,../gen/MDTst_pirTest/OuterProduct_8/log/runpsim.log,../gen/MDTst_pirTest/OuterProduct_8/log/runpsim.sh,../gen/MDTst_pirTest/OuterProduct_8/log/runproute.log,../gen/MDTst_pirTest/OuterProduct_8/log/runproute.sh,../gen/MDTst_pirTest/OuterProduct_8/plastisim/summary.csv,../gen/MDTst_pirTest/OuterProduct_8/pir/AccelMain.scala,../gen/MDTst_pirTest/OuterProduct_8/log/,../gen/MDTst_pirTest/OuterProduct_8/log/gentst.log,../gen/MDTst_pirTest/OuterProduct_8/log/maketst.log,../gen/MDTst_pirTest/OuterProduct_8/log/runtst.log,True,,,,,,,,,,,False,False,False,100,,,,,,,,False,,,,,,,,,,,,,,,,,,,,,18.647716003,,9590,,True,False,True,0.0,0.534,27.335,True
543f579f,2019-06-04 19:59:20,SGD_0,pirTest,MDTst,1000000000.0,../gen/MDTst_pirTest/SGD_0/log/mappir.log,../gen/MDTst_pirTest/SGD_0/log/runpir.log,../gen/MDTst_pirTest/SGD_0/log/genpsim.log,../gen/MDTst_pirTest/SGD_0/log/gentrace.log,../gen/MDTst_pirTest/SGD_0/log/runpsim.log,../gen/MDTst_pirTest/SGD_0/log/runpsim.sh,../gen/MDTst_pirTest/SGD_0/log/runproute.log,../gen/MDTst_pirTest/SGD_0/log/runproute.sh,../gen/MDTst_pirTest/SGD_0/plastisim/summary.csv,../gen/MDTst_pirTest/SGD_0/pir/AccelMain.scala,../gen/MDTst_pirTest/SGD_0/log/,../gen/MDTst_pirTest/SGD_0/log/gentst.log,../gen/MDTst_pirTest/SGD_0/log/maketst.log,../gen/MDTst_pirTest/SGD_0/log/runtst.log,True,,,,,,,,,,,False,False,False,100,,,,,,,,False,,,,,,,,,,,,,,,,,,,,,19.650649231,,15265,,True,False,True,0.0,2.214,0.008,True
543f579f,2019-06-04 19:59:20,SGD_1,pirTest,MDTst,1000000000.0,../gen/MDTst_pirTest/SGD_1/log/mappir.log,../gen/MDTst_pirTest/SGD_1/log/runpir.log,../gen/MDTst_pirTest/SGD_1/log/genpsim.log,../gen/MDTst_pirTest/SGD_1/log/gentrace.log,../gen/MDTst_pirTest/SGD_1/log/runpsim.log,../gen/MDTst_pirTest/SGD_1/log/runpsim.sh,../gen/MDTst_pirTest/SGD_1/log/runproute.log,../gen/MDTst_pirTest/SGD_1/log/runproute.sh,../gen/MDTst_pirTest/SGD_1/plastisim/summary.csv,../gen/MDTst_pirTest/SGD_1/pir/AccelMain.scala,../gen/MDTst_pirTest/SGD_1/log/,../gen/MDTst_pirTest/SGD_1/log/gentst.log,../gen/MDTst_pirTest/SGD_1/log/maketst.log,../gen/MDTst_pirTest/SGD_1/log/runtst.log,True,,,,,,,,,,,False,False,False,100,,,,,,,,False,,,,,,,,,,,,,,,,,,,,,28.394804862,,8313,,True,False,True,0.0,4.065,0.015,True
543f579f,2019-06-04 19:59:20,SGD_2,pirTest,MDTst,1000000000.0,../gen/MDTst_pirTest/SGD_2/log/mappir.log,../gen/MDTst_pirTest/SGD_2/log/runpir.log,../gen/MDTst_pirTest/SGD_2/log/genpsim.log,../gen/MDTst_pirTest/SGD_2/log/gentrace.log,../gen/MDTst_pirTest/SGD_2/log/runpsim.log,../gen/MDTst_pirTest/SGD_2/log/runpsim.sh,../gen/MDTst_pirTest/SGD_2/log/runproute.log,../gen/MDTst_pirTest/SGD_2/log/runproute.sh,../gen/MDTst_pirTest/SGD_2/plastisim/summary.csv,../gen/MDTst_pirTest/SGD_2/pir/AccelMain.scala,../gen/MDTst_pirTest/SGD_2/log/,../gen/MDTst_pirTest/SGD_2/log/gentst.log,../gen/MDTst_pirTest/SGD_2/log/maketst.log,../gen/MDTst_pirTest/SGD_2/log/runtst.log,True,,,,,,,,,,,False,False,False,100,,,,,,,,False,,,,,,,,,,,,,,,,,,,,,26.613616982,,15333,,True,False,True,0.0,2.204,0.008,True
543f579f,2019-06-04 19:59:20,SGD_3,pirTest,MDTst,1000000000.0,../gen/MDTst_pirTest/SGD_3/log/mappir.log,../gen/MDTst_pirTest/SGD_3/log/runpir.log,../gen/MDTst_pirTest/SGD_3/log/genpsim.log,../gen/MDTst_pirTest/SGD_3/log/gentrace.log,../gen/MDTst_pirTest/SGD_3/log/runpsim.log,../gen/MDTst_pirTest/SGD_3/log/runpsim.sh,../gen/MDTst_pirTest/SGD_3/log/runproute.log,../gen/MDTst_pirTest/SGD_3/log/runproute.sh,../gen/MDTst_pirTest/SGD_3/plastisim/summary.csv,../gen/MDTst_pirTest/SGD_3/pir/AccelMain.scala,../gen/MDTst_pirTest/SGD_3/log/,../gen/MDTst_pirTest/SGD_3/log/gentst.log,../gen/MDTst_pirTest/SGD_3/log/maketst.log,../gen/MDTst_pirTest/SGD_3/log/runtst.log,True,,,,,,,,,,,False,False,False,100,,,,,,,,False,,,,,,,,,,,,,,,,,,,,,34.440209922,,8381,,True,False,True,0.0,4.032,0.015,True
543f579f,2019-06-04 19:59:20,SimpleDotProduct_0,pirTest,MDTst,1000000000.0,../gen/MDTst_pirTest/SimpleDotProduct_0/log/mappir.log,../gen/MDTst_pirTest/SimpleDotProduct_0/log/runpir.log,../gen/MDTst_pirTest/SimpleDotProduct_0/log/genpsim.log,../gen/MDTst_pirTest/SimpleDotProduct_0/log/gentrace.log,../gen/MDTst_pirTest/SimpleDotProduct_0/log/runpsim.log,../gen/MDTst_pirTest/SimpleDotProduct_0/log/runpsim.sh,../gen/MDTst_pirTest/SimpleDotProduct_0/log/runproute.log,../gen/MDTst_pirTest/SimpleDotProduct_0/log/runproute.sh,../gen/MDTst_pirTest/SimpleDotProduct_0/plastisim/summary.csv,../gen/MDTst_pirTest/SimpleDotProduct_0/pir/AccelMain.scala,../gen/MDTst_pirTest/SimpleDotProduct_0/log/,../gen/MDTst_pirTest/SimpleDotProduct_0/log/gentst.log,../gen/MDTst_pirTest/SimpleDotProduct_0/log/maketst.log,../gen/MDTst_pirTest/SimpleDotProduct_0/log/runtst.log,True,,,,,,,,,,,False,False,False,100,,,,,,,,False,,,,,,,,,,,,,,,,,,,,,6.469775938,,1095,,True,False,True,0.0,0.0,0.0,True
543f579f,2019-06-04 19:59:20,SimpleDotProduct_1,pirTest,MDTst,1000000000.0,../gen/MDTst_pirTest/SimpleDotProduct_1/log/mappir.log,../gen/MDTst_pirTest/SimpleDotProduct_1/log/runpir.log,../gen/MDTst_pirTest/SimpleDotProduct_1/log/genpsim.log,../gen/MDTst_pirTest/SimpleDotProduct_1/log/gentrace.log,../gen/MDTst_pirTest/SimpleDotProduct_1/log/runpsim.log,../gen/MDTst_pirTest/SimpleDotProduct_1/log/runpsim.sh,../gen/MDTst_pirTest/SimpleDotProduct_1/log/runproute.log,../gen/MDTst_pirTest/SimpleDotProduct_1/log/runproute.sh,../gen/MDTst_pirTest/SimpleDotProduct_1/plastisim/summary.csv,../gen/MDTst_pirTest/SimpleDotProduct_1/pir/AccelMain.scala,../gen/MDTst_pirTest/SimpleDotProduct_1/log/,../gen/MDTst_pirTest/SimpleDotProduct_1/log/gentst.log,../gen/MDTst_pirTest/SimpleDotProduct_1/log/maketst.log,../gen/MDTst_pirTest/SimpleDotProduct_1/log/runtst.log,True,,,,,,,,,,,False,False,False,100,,,,,,,,False,,,,,,,,,,,,,,,,,,,,,8.224091749,,583,,True,False,True,0.0,0.0,0.0,True
543f579f,2019-06-04 19:59:20,SplitStream,pirTest,MDTst,1000000000.0,../gen/MDTst_pirTest/SplitStream/log/mappir.log,../gen/MDTst_pirTest/SplitStream/log/runpir.log,../gen/MDTst_pirTest/SplitStream/log/genpsim.log,../gen/MDTst_pirTest/SplitStream/log/gentrace.log,../gen/MDTst_pirTest/SplitStream/log/runpsim.log,../gen/MDTst_pirTest/SplitStream/log/runpsim.sh,../gen/MDTst_pirTest/SplitStream/log/runproute.log,../gen/MDTst_pirTest/SplitStream/log/runproute.sh,../gen/MDTst_pirTest/SplitStream/plastisim/summary.csv,../gen/MDTst_pirTest/SplitStream/pir/AccelMain.scala,../gen/MDTst_pirTest/SplitStream/log/,../gen/MDTst_pirTest/SplitStream/log/gentst.log,../gen/MDTst_pirTest/SplitStream/log/maketst.log,../gen/MDTst_pirTest/SplitStream/log/runtst.log,False,[bug] Encountered exception while updating node,,,,,,,,,,False,False,False,100,,,,,,,,False,,,,,,,,,,,,,,,,,,,,,,,,,,False,False,,,,False
543f579f,2019-06-04 19:59:20,SplitStream2,pirTest,MDTst,1000000000.0,../gen/MDTst_pirTest/SplitStream2/log/mappir.log,../gen/MDTst_pirTest/SplitStream2/log/runpir.log,../gen/MDTst_pirTest/SplitStream2/log/genpsim.log,../gen/MDTst_pirTest/SplitStream2/log/gentrace.log,../gen/MDTst_pirTest/SplitStream2/log/runpsim.log,../gen/MDTst_pirTest/SplitStream2/log/runpsim.sh,../gen/MDTst_pirTest/SplitStream2/log/runproute.log,../gen/MDTst_pirTest/SplitStream2/log/runproute.sh,../gen/MDTst_pirTest/SplitStream2/plastisim/summary.csv,../gen/MDTst_pirTest/SplitStream2/pir/AccelMain.scala,../gen/MDTst_pirTest/SplitStream2/log/,../gen/MDTst_pirTest/SplitStream2/log/gentst.log,../gen/MDTst_pirTest/SplitStream2/log/maketst.log,../gen/MDTst_pirTest/SplitStream2/log/runtst.log,False,[bug] Encountered exception while updating node,,,,,,,,,,False,False,False,100,,,,,,,,False,,,,,,,,,,,,,,,,,,,,,,,,,,False,False,,,,False
543f579f,2019-06-04 19:59:20,StreamDotProduct_0,pirTest,MDTst,1000000000.0,../gen/MDTst_pirTest/StreamDotProduct_0/log/mappir.log,../gen/MDTst_pirTest/StreamDotProduct_0/log/runpir.log,../gen/MDTst_pirTest/StreamDotProduct_0/log/genpsim.log,../gen/MDTst_pirTest/StreamDotProduct_0/log/gentrace.log,../gen/MDTst_pirTest/StreamDotProduct_0/log/runpsim.log,../gen/MDTst_pirTest/StreamDotProduct_0/log/runpsim.sh,../gen/MDTst_pirTest/StreamDotProduct_0/log/runproute.log,../gen/MDTst_pirTest/StreamDotProduct_0/log/runproute.sh,../gen/MDTst_pirTest/StreamDotProduct_0/plastisim/summary.csv,../gen/MDTst_pirTest/StreamDotProduct_0/pir/AccelMain.scala,../gen/MDTst_pirTest/StreamDotProduct_0/log/,../gen/MDTst_pirTest/StreamDotProduct_0/log/gentst.log,../gen/MDTst_pirTest/StreamDotProduct_0/log/maketst.log,../gen/MDTst_pirTest/StreamDotProduct_0/log/runtst.log,True,,,,,,,,,,,False,False,False,100,,,,,,,,False,,,,,,,,,,,,,,,,,,,,,7.643968633,,180,,True,False,True,0.0,0.0,0.0,True
543f579f,2019-06-04 19:59:20,StreamDotProduct_1,pirTest,MDTst,1000000000.0,../gen/MDTst_pirTest/StreamDotProduct_1/log/mappir.log,../gen/MDTst_pirTest/StreamDotProduct_1/log/runpir.log,../gen/MDTst_pirTest/StreamDotProduct_1/log/genpsim.log,../gen/MDTst_pirTest/StreamDotProduct_1/log/gentrace.log,../gen/MDTst_pirTest/StreamDotProduct_1/log/runpsim.log,../gen/MDTst_pirTest/StreamDotProduct_1/log/runpsim.sh,../gen/MDTst_pirTest/StreamDotProduct_1/log/runproute.log,../gen/MDTst_pirTest/StreamDotProduct_1/log/runproute.sh,../gen/MDTst_pirTest/StreamDotProduct_1/plastisim/summary.csv,../gen/MDTst_pirTest/StreamDotProduct_1/pir/AccelMain.scala,../gen/MDTst_pirTest/StreamDotProduct_1/log/,../gen/MDTst_pirTest/StreamDotProduct_1/log/gentst.log,../gen/MDTst_pirTest/StreamDotProduct_1/log/maketst.log,../gen/MDTst_pirTest/StreamDotProduct_1/log/runtst.log,True,,,,,,,,,,,False,False,False,100,,,,,,,,False,,,,,,,,,,,,,,,,,,,,,10.239756476,,307,,True,False,True,0.0,0.0,0.0,True
543f579f,2019-06-04 19:59:20,StreamDotProduct_2,pirTest,MDTst,1000000000.0,../gen/MDTst_pirTest/StreamDotProduct_2/log/mappir.log,../gen/MDTst_pirTest/StreamDotProduct_2/log/runpir.log,../gen/MDTst_pirTest/StreamDotProduct_2/log/genpsim.log,../gen/MDTst_pirTest/StreamDotProduct_2/log/gentrace.log,../gen/MDTst_pirTest/StreamDotProduct_2/log/runpsim.log,../gen/MDTst_pirTest/StreamDotProduct_2/log/runpsim.sh,../gen/MDTst_pirTest/StreamDotProduct_2/log/runproute.log,../gen/MDTst_pirTest/StreamDotProduct_2/log/runproute.sh,../gen/MDTst_pirTest/StreamDotProduct_2/plastisim/summary.csv,../gen/MDTst_pirTest/StreamDotProduct_2/pir/AccelMain.scala,../gen/MDTst_pirTest/StreamDotProduct_2/log/,../gen/MDTst_pirTest/StreamDotProduct_2/log/gentst.log,../gen/MDTst_pirTest/StreamDotProduct_2/log/maketst.log,../gen/MDTst_pirTest/StreamDotProduct_2/log/runtst.log,True,,,,,,,,,,,False,False,False,100,,,,,,,,False,,,,,,,,,,,,,,,,,,,,,8.927469641,,295,,True,False,True,0.0,0.0,0.0,True
543f579f,2019-06-04 19:59:20,StreamDotProduct_3,pirTest,MDTst,1000000000.0,../gen/MDTst_pirTest/StreamDotProduct_3/log/mappir.log,../gen/MDTst_pirTest/StreamDotProduct_3/log/runpir.log,../gen/MDTst_pirTest/StreamDotProduct_3/log/genpsim.log,../gen/MDTst_pirTest/StreamDotProduct_3/log/gentrace.log,../gen/MDTst_pirTest/StreamDotProduct_3/log/runpsim.log,../gen/MDTst_pirTest/StreamDotProduct_3/log/runpsim.sh,../gen/MDTst_pirTest/StreamDotProduct_3/log/runproute.log,../gen/MDTst_pirTest/StreamDotProduct_3/log/runproute.sh,../gen/MDTst_pirTest/StreamDotProduct_3/plastisim/summary.csv,../gen/MDTst_pirTest/StreamDotProduct_3/pir/AccelMain.scala,../gen/MDTst_pirTest/StreamDotProduct_3/log/,../gen/MDTst_pirTest/StreamDotProduct_3/log/gentst.log,../gen/MDTst_pirTest/StreamDotProduct_3/log/maketst.log,../gen/MDTst_pirTest/StreamDotProduct_3/log/runtst.log,True,,,,,,,,,,,False,False,False,100,,,,,,,,False,,,,,,,,,,,,,,,,,,,,,12.271305894,,316,,True,False,True,0.0,0.0,0.0,True
543f579f,2019-06-04 19:59:20,StreamDotProduct_4,pirTest,MDTst,1000000000.0,../gen/MDTst_pirTest/StreamDotProduct_4/log/mappir.log,../gen/MDTst_pirTest/StreamDotProduct_4/log/runpir.log,../gen/MDTst_pirTest/StreamDotProduct_4/log/genpsim.log,../gen/MDTst_pirTest/StreamDotProduct_4/log/gentrace.log,../gen/MDTst_pirTest/StreamDotProduct_4/log/runpsim.log,../gen/MDTst_pirTest/StreamDotProduct_4/log/runpsim.sh,../gen/MDTst_pirTest/StreamDotProduct_4/log/runproute.log,../gen/MDTst_pirTest/StreamDotProduct_4/log/runproute.sh,../gen/MDTst_pirTest/StreamDotProduct_4/plastisim/summary.csv,../gen/MDTst_pirTest/StreamDotProduct_4/pir/AccelMain.scala,../gen/MDTst_pirTest/StreamDotProduct_4/log/,../gen/MDTst_pirTest/StreamDotProduct_4/log/gentst.log,../gen/MDTst_pirTest/StreamDotProduct_4/log/maketst.log,../gen/MDTst_pirTest/StreamDotProduct_4/log/runtst.log,True,,,,,,,,,,,False,False,False,100,,,,,,,,False,,,,,,,,,,,,,,,,,,,,,13.001752215,,308,,True,False,True,0.0,0.0,0.0,True
543f579f,2019-06-04 19:59:20,StreamInOutStop,pirTest,MDTst,1000000000.0,../gen/MDTst_pirTest/StreamInOutStop/log/mappir.log,../gen/MDTst_pirTest/StreamInOutStop/log/runpir.log,../gen/MDTst_pirTest/StreamInOutStop/log/genpsim.log,../gen/MDTst_pirTest/StreamInOutStop/log/gentrace.log,../gen/MDTst_pirTest/StreamInOutStop/log/runpsim.log,../gen/MDTst_pirTest/StreamInOutStop/log/runpsim.sh,../gen/MDTst_pirTest/StreamInOutStop/log/runproute.log,../gen/MDTst_pirTest/StreamInOutStop/log/runproute.sh,../gen/MDTst_pirTest/StreamInOutStop/plastisim/summary.csv,../gen/MDTst_pirTest/StreamInOutStop/pir/AccelMain.scala,../gen/MDTst_pirTest/StreamInOutStop/log/,../gen/MDTst_pirTest/StreamInOutStop/log/gentst.log,../gen/MDTst_pirTest/StreamInOutStop/log/maketst.log,../gen/MDTst_pirTest/StreamInOutStop/log/runtst.log,True,,,,,,,,,,,False,False,False,100,,,,,,,,False,,,,,,,,,,,,,,,,,,,,,4.449211841,,29,,True,False,True,0.0,0.0,0.0,True
543f579f,2019-06-04 19:59:20,StreamKmeans_0,pirTest,MDTst,1000000000.0,../gen/MDTst_pirTest/StreamKmeans_0/log/mappir.log,../gen/MDTst_pirTest/StreamKmeans_0/log/runpir.log,../gen/MDTst_pirTest/StreamKmeans_0/log/genpsim.log,../gen/MDTst_pirTest/StreamKmeans_0/log/gentrace.log,../gen/MDTst_pirTest/StreamKmeans_0/log/runpsim.log,../gen/MDTst_pirTest/StreamKmeans_0/log/runpsim.sh,../gen/MDTst_pirTest/StreamKmeans_0/log/runproute.log,../gen/MDTst_pirTest/StreamKmeans_0/log/runproute.sh,../gen/MDTst_pirTest/StreamKmeans_0/plastisim/summary.csv,../gen/MDTst_pirTest/StreamKmeans_0/pir/AccelMain.scala,../gen/MDTst_pirTest/StreamKmeans_0/log/,../gen/MDTst_pirTest/StreamKmeans_0/log/gentst.log,../gen/MDTst_pirTest/StreamKmeans_0/log/maketst.log,../gen/MDTst_pirTest/StreamKmeans_0/log/runtst.log,True,,,,,,,,,,,False,False,False,100,,,,,,,,False,,,,,,,,,,,,,,,,,,,,,11.614875538,,1136,,True,False,True,0.0,0.0,0.0,True
543f579f,2019-06-04 19:59:20,StreamKmeans_1,pirTest,MDTst,1000000000.0,../gen/MDTst_pirTest/StreamKmeans_1/log/mappir.log,../gen/MDTst_pirTest/StreamKmeans_1/log/runpir.log,../gen/MDTst_pirTest/StreamKmeans_1/log/genpsim.log,../gen/MDTst_pirTest/StreamKmeans_1/log/gentrace.log,../gen/MDTst_pirTest/StreamKmeans_1/log/runpsim.log,../gen/MDTst_pirTest/StreamKmeans_1/log/runpsim.sh,../gen/MDTst_pirTest/StreamKmeans_1/log/runproute.log,../gen/MDTst_pirTest/StreamKmeans_1/log/runproute.sh,../gen/MDTst_pirTest/StreamKmeans_1/plastisim/summary.csv,../gen/MDTst_pirTest/StreamKmeans_1/pir/AccelMain.scala,../gen/MDTst_pirTest/StreamKmeans_1/log/,../gen/MDTst_pirTest/StreamKmeans_1/log/gentst.log,../gen/MDTst_pirTest/StreamKmeans_1/log/maketst.log,../gen/MDTst_pirTest/StreamKmeans_1/log/runtst.log,True,,,,,,,,,,,False,False,False,100,,,,,,,,False,,,,,,,,,,,,,,,,,,,,,18.342451781,,648,,True,False,True,0.0,0.0,0.0,True
543f579f,2019-06-04 19:59:20,StreamKmeans_2,pirTest,MDTst,1000000000.0,../gen/MDTst_pirTest/StreamKmeans_2/log/mappir.log,../gen/MDTst_pirTest/StreamKmeans_2/log/runpir.log,../gen/MDTst_pirTest/StreamKmeans_2/log/genpsim.log,../gen/MDTst_pirTest/StreamKmeans_2/log/gentrace.log,../gen/MDTst_pirTest/StreamKmeans_2/log/runpsim.log,../gen/MDTst_pirTest/StreamKmeans_2/log/runpsim.sh,../gen/MDTst_pirTest/StreamKmeans_2/log/runproute.log,../gen/MDTst_pirTest/StreamKmeans_2/log/runproute.sh,../gen/MDTst_pirTest/StreamKmeans_2/plastisim/summary.csv,../gen/MDTst_pirTest/StreamKmeans_2/pir/AccelMain.scala,../gen/MDTst_pirTest/StreamKmeans_2/log/,../gen/MDTst_pirTest/StreamKmeans_2/log/gentst.log,../gen/MDTst_pirTest/StreamKmeans_2/log/maketst.log,../gen/MDTst_pirTest/StreamKmeans_2/log/runtst.log,True,,,,,,,,,,,False,False,False,100,,,,,,,,False,,,,,,,,,,,,,,,,,,,,,15.700664269,,1146,,True,False,True,0.0,0.0,0.0,True
543f579f,2019-06-04 19:59:20,StreamKmeans_3,pirTest,MDTst,1000000000.0,../gen/MDTst_pirTest/StreamKmeans_3/log/mappir.log,../gen/MDTst_pirTest/StreamKmeans_3/log/runpir.log,../gen/MDTst_pirTest/StreamKmeans_3/log/genpsim.log,../gen/MDTst_pirTest/StreamKmeans_3/log/gentrace.log,../gen/MDTst_pirTest/StreamKmeans_3/log/runpsim.log,../gen/MDTst_pirTest/StreamKmeans_3/log/runpsim.sh,../gen/MDTst_pirTest/StreamKmeans_3/log/runproute.log,../gen/MDTst_pirTest/StreamKmeans_3/log/runproute.sh,../gen/MDTst_pirTest/StreamKmeans_3/plastisim/summary.csv,../gen/MDTst_pirTest/StreamKmeans_3/pir/AccelMain.scala,../gen/MDTst_pirTest/StreamKmeans_3/log/,../gen/MDTst_pirTest/StreamKmeans_3/log/gentst.log,../gen/MDTst_pirTest/StreamKmeans_3/log/maketst.log,../gen/MDTst_pirTest/StreamKmeans_3/log/runtst.log,True,,,,,,,,,,,False,False,False,100,,,,,,,,False,,,,,,,,,,,,,,,,,,,,,11.880653114,,2168,,True,False,True,0.0,0.0,0.0,True
543f579f,2019-06-04 19:59:20,StreamKmeans_4,pirTest,MDTst,1000000000.0,../gen/MDTst_pirTest/StreamKmeans_4/log/mappir.log,../gen/MDTst_pirTest/StreamKmeans_4/log/runpir.log,../gen/MDTst_pirTest/StreamKmeans_4/log/genpsim.log,../gen/MDTst_pirTest/StreamKmeans_4/log/gentrace.log,../gen/MDTst_pirTest/StreamKmeans_4/log/runpsim.log,../gen/MDTst_pirTest/StreamKmeans_4/log/runpsim.sh,../gen/MDTst_pirTest/StreamKmeans_4/log/runproute.log,../gen/MDTst_pirTest/StreamKmeans_4/log/runproute.sh,../gen/MDTst_pirTest/StreamKmeans_4/plastisim/summary.csv,../gen/MDTst_pirTest/StreamKmeans_4/pir/AccelMain.scala,../gen/MDTst_pirTest/StreamKmeans_4/log/,../gen/MDTst_pirTest/StreamKmeans_4/log/gentst.log,../gen/MDTst_pirTest/StreamKmeans_4/log/maketst.log,../gen/MDTst_pirTest/StreamKmeans_4/log/runtst.log,True,,,,,,,,,,,False,False,False,100,,,,,,,,False,,,,,,,,,,,,,,,,,,,,,16.492265025,,1289,,True,False,True,0.0,0.0,0.0,True
543f579f,2019-06-04 19:59:20,StreamKmeans_5,pirTest,MDTst,1000000000.0,../gen/MDTst_pirTest/StreamKmeans_5/log/mappir.log,../gen/MDTst_pirTest/StreamKmeans_5/log/runpir.log,../gen/MDTst_pirTest/StreamKmeans_5/log/genpsim.log,../gen/MDTst_pirTest/StreamKmeans_5/log/gentrace.log,../gen/MDTst_pirTest/StreamKmeans_5/log/runpsim.log,../gen/MDTst_pirTest/StreamKmeans_5/log/runpsim.sh,../gen/MDTst_pirTest/StreamKmeans_5/log/runproute.log,../gen/MDTst_pirTest/StreamKmeans_5/log/runproute.sh,../gen/MDTst_pirTest/StreamKmeans_5/plastisim/summary.csv,../gen/MDTst_pirTest/StreamKmeans_5/pir/AccelMain.scala,../gen/MDTst_pirTest/StreamKmeans_5/log/,../gen/MDTst_pirTest/StreamKmeans_5/log/gentst.log,../gen/MDTst_pirTest/StreamKmeans_5/log/maketst.log,../gen/MDTst_pirTest/StreamKmeans_5/log/runtst.log,True,,,,,,,,,,,False,False,False,100,,,,,,,,False,,,,,,,,,,,,,,,,,,,,,23.895620271,,1144,,True,False,True,0.0,0.0,0.0,True
543f579f,2019-06-04 19:59:20,StreamKmeans_6,pirTest,MDTst,1000000000.0,../gen/MDTst_pirTest/StreamKmeans_6/log/mappir.log,../gen/MDTst_pirTest/StreamKmeans_6/log/runpir.log,../gen/MDTst_pirTest/StreamKmeans_6/log/genpsim.log,../gen/MDTst_pirTest/StreamKmeans_6/log/gentrace.log,../gen/MDTst_pirTest/StreamKmeans_6/log/runpsim.log,../gen/MDTst_pirTest/StreamKmeans_6/log/runpsim.sh,../gen/MDTst_pirTest/StreamKmeans_6/log/runproute.log,../gen/MDTst_pirTest/StreamKmeans_6/log/runproute.sh,../gen/MDTst_pirTest/StreamKmeans_6/plastisim/summary.csv,../gen/MDTst_pirTest/StreamKmeans_6/pir/AccelMain.scala,../gen/MDTst_pirTest/StreamKmeans_6/log/,../gen/MDTst_pirTest/StreamKmeans_6/log/gentst.log,../gen/MDTst_pirTest/StreamKmeans_6/log/maketst.log,../gen/MDTst_pirTest/StreamKmeans_6/log/runtst.log,True,,,,,,,,,,,False,False,False,100,,,,,,,,False,,,,,,,,,,,,,,,,,,,,,44.840669626,,667,,True,False,True,0.0,0.0,0.0,True
543f579f,2019-06-04 19:59:20,StreamNN_0,pirTest,MDTst,1000000000.0,../gen/MDTst_pirTest/StreamNN_0/log/mappir.log,../gen/MDTst_pirTest/StreamNN_0/log/runpir.log,../gen/MDTst_pirTest/StreamNN_0/log/genpsim.log,../gen/MDTst_pirTest/StreamNN_0/log/gentrace.log,../gen/MDTst_pirTest/StreamNN_0/log/runpsim.log,../gen/MDTst_pirTest/StreamNN_0/log/runpsim.sh,../gen/MDTst_pirTest/StreamNN_0/log/runproute.log,../gen/MDTst_pirTest/StreamNN_0/log/runproute.sh,../gen/MDTst_pirTest/StreamNN_0/plastisim/summary.csv,../gen/MDTst_pirTest/StreamNN_0/pir/AccelMain.scala,../gen/MDTst_pirTest/StreamNN_0/log/,../gen/MDTst_pirTest/StreamNN_0/log/gentst.log,../gen/MDTst_pirTest/StreamNN_0/log/maketst.log,../gen/MDTst_pirTest/StreamNN_0/log/runtst.log,True,,,,,,,,,,,False,False,False,100,,,,,,,,False,,,,,,,,,,,,,,,,,,,,,11.414927543,,4243,,True,False,True,0.0,0.0,0.0,True
543f579f,2019-06-04 19:59:20,StreamNN_1,pirTest,MDTst,1000000000.0,../gen/MDTst_pirTest/StreamNN_1/log/mappir.log,../gen/MDTst_pirTest/StreamNN_1/log/runpir.log,../gen/MDTst_pirTest/StreamNN_1/log/genpsim.log,../gen/MDTst_pirTest/StreamNN_1/log/gentrace.log,../gen/MDTst_pirTest/StreamNN_1/log/runpsim.log,../gen/MDTst_pirTest/StreamNN_1/log/runpsim.sh,../gen/MDTst_pirTest/StreamNN_1/log/runproute.log,../gen/MDTst_pirTest/StreamNN_1/log/runproute.sh,../gen/MDTst_pirTest/StreamNN_1/plastisim/summary.csv,../gen/MDTst_pirTest/StreamNN_1/pir/AccelMain.scala,../gen/MDTst_pirTest/StreamNN_1/log/,../gen/MDTst_pirTest/StreamNN_1/log/gentst.log,../gen/MDTst_pirTest/StreamNN_1/log/maketst.log,../gen/MDTst_pirTest/StreamNN_1/log/runtst.log,True,,,,,,,,,,,False,False,False,100,,,,,,,,False,,,,,,,,,,,,,,,,,,,,,17.377419329,,4615,,True,False,True,0.0,0.0,0.0,True
543f579f,2019-06-04 19:59:20,StreamNN_2,pirTest,MDTst,1000000000.0,../gen/MDTst_pirTest/StreamNN_2/log/mappir.log,../gen/MDTst_pirTest/StreamNN_2/log/runpir.log,../gen/MDTst_pirTest/StreamNN_2/log/genpsim.log,../gen/MDTst_pirTest/StreamNN_2/log/gentrace.log,../gen/MDTst_pirTest/StreamNN_2/log/runpsim.log,../gen/MDTst_pirTest/StreamNN_2/log/runpsim.sh,../gen/MDTst_pirTest/StreamNN_2/log/runproute.log,../gen/MDTst_pirTest/StreamNN_2/log/runproute.sh,../gen/MDTst_pirTest/StreamNN_2/plastisim/summary.csv,../gen/MDTst_pirTest/StreamNN_2/pir/AccelMain.scala,../gen/MDTst_pirTest/StreamNN_2/log/,../gen/MDTst_pirTest/StreamNN_2/log/gentst.log,../gen/MDTst_pirTest/StreamNN_2/log/maketst.log,../gen/MDTst_pirTest/StreamNN_2/log/runtst.log,True,,,,,,,,,,,False,False,False,100,,,,,,,,False,,,,,,,,,,,,,,,,,,,,,13.788916254,,57556,,True,False,True,0.0,0.0,0.0,True
543f579f,2019-06-04 19:59:20,StreamNN_3,pirTest,MDTst,1000000000.0,../gen/MDTst_pirTest/StreamNN_3/log/mappir.log,../gen/MDTst_pirTest/StreamNN_3/log/runpir.log,../gen/MDTst_pirTest/StreamNN_3/log/genpsim.log,../gen/MDTst_pirTest/StreamNN_3/log/gentrace.log,../gen/MDTst_pirTest/StreamNN_3/log/runpsim.log,../gen/MDTst_pirTest/StreamNN_3/log/runpsim.sh,../gen/MDTst_pirTest/StreamNN_3/log/runproute.log,../gen/MDTst_pirTest/StreamNN_3/log/runproute.sh,../gen/MDTst_pirTest/StreamNN_3/plastisim/summary.csv,../gen/MDTst_pirTest/StreamNN_3/pir/AccelMain.scala,../gen/MDTst_pirTest/StreamNN_3/log/,../gen/MDTst_pirTest/StreamNN_3/log/gentst.log,../gen/MDTst_pirTest/StreamNN_3/log/maketst.log,../gen/MDTst_pirTest/StreamNN_3/log/runtst.log,True,,,,,,,,,,,False,False,False,100,,,,,,,,False,,,,,,,,,,,,,,,,,,,,,21.33302431,,28835,,True,False,True,0.0,0.0,0.0,True
543f579f,2019-06-04 19:59:20,StreamNN_4,pirTest,MDTst,1000000000.0,../gen/MDTst_pirTest/StreamNN_4/log/mappir.log,../gen/MDTst_pirTest/StreamNN_4/log/runpir.log,../gen/MDTst_pirTest/StreamNN_4/log/genpsim.log,../gen/MDTst_pirTest/StreamNN_4/log/gentrace.log,../gen/MDTst_pirTest/StreamNN_4/log/runpsim.log,../gen/MDTst_pirTest/StreamNN_4/log/runpsim.sh,../gen/MDTst_pirTest/StreamNN_4/log/runproute.log,../gen/MDTst_pirTest/StreamNN_4/log/runproute.sh,../gen/MDTst_pirTest/StreamNN_4/plastisim/summary.csv,../gen/MDTst_pirTest/StreamNN_4/pir/AccelMain.scala,../gen/MDTst_pirTest/StreamNN_4/log/,../gen/MDTst_pirTest/StreamNN_4/log/gentst.log,../gen/MDTst_pirTest/StreamNN_4/log/maketst.log,../gen/MDTst_pirTest/StreamNN_4/log/runtst.log,True,,,,,,,,,,,False,False,False,100,,,,,,,,False,,,,,,,,,,,,,,,,,,,,,32.996020102,,14526,,True,False,True,0.0,0.0,0.0,True
543f579f,2019-06-04 19:59:20,StreamNN_5,pirTest,MDTst,1000000000.0,../gen/MDTst_pirTest/StreamNN_5/log/mappir.log,../gen/MDTst_pirTest/StreamNN_5/log/runpir.log,../gen/MDTst_pirTest/StreamNN_5/log/genpsim.log,../gen/MDTst_pirTest/StreamNN_5/log/gentrace.log,../gen/MDTst_pirTest/StreamNN_5/log/runpsim.log,../gen/MDTst_pirTest/StreamNN_5/log/runpsim.sh,../gen/MDTst_pirTest/StreamNN_5/log/runproute.log,../gen/MDTst_pirTest/StreamNN_5/log/runproute.sh,../gen/MDTst_pirTest/StreamNN_5/plastisim/summary.csv,../gen/MDTst_pirTest/StreamNN_5/pir/AccelMain.scala,../gen/MDTst_pirTest/StreamNN_5/log/,../gen/MDTst_pirTest/StreamNN_5/log/gentst.log,../gen/MDTst_pirTest/StreamNN_5/log/maketst.log,../gen/MDTst_pirTest/StreamNN_5/log/runtst.log,True,,,,,,,,,,,False,False,False,100,,,,,,,,False,,,,,,,,,,,,,,,,,,,,,16.764805599,,376,,True,False,True,0.0,0.0,0.0,True
543f579f,2019-06-04 19:59:20,StreamNN_6,pirTest,MDTst,1000000000.0,../gen/MDTst_pirTest/StreamNN_6/log/mappir.log,../gen/MDTst_pirTest/StreamNN_6/log/runpir.log,../gen/MDTst_pirTest/StreamNN_6/log/genpsim.log,../gen/MDTst_pirTest/StreamNN_6/log/gentrace.log,../gen/MDTst_pirTest/StreamNN_6/log/runpsim.log,../gen/MDTst_pirTest/StreamNN_6/log/runpsim.sh,../gen/MDTst_pirTest/StreamNN_6/log/runproute.log,../gen/MDTst_pirTest/StreamNN_6/log/runproute.sh,../gen/MDTst_pirTest/StreamNN_6/plastisim/summary.csv,../gen/MDTst_pirTest/StreamNN_6/pir/AccelMain.scala,../gen/MDTst_pirTest/StreamNN_6/log/,../gen/MDTst_pirTest/StreamNN_6/log/gentst.log,../gen/MDTst_pirTest/StreamNN_6/log/maketst.log,../gen/MDTst_pirTest/StreamNN_6/log/runtst.log,True,,,,,,,,,,,False,False,False,100,,,,,,,,False,,,,,,,,,,,,,,,,,,,,,12.522445843,,4252,,True,False,True,0.0,0.0,0.0,True
543f579f,2019-06-04 19:59:20,StreamSVM_0,pirTest,MDTst,1000000000.0,../gen/MDTst_pirTest/StreamSVM_0/log/mappir.log,../gen/MDTst_pirTest/StreamSVM_0/log/runpir.log,../gen/MDTst_pirTest/StreamSVM_0/log/genpsim.log,../gen/MDTst_pirTest/StreamSVM_0/log/gentrace.log,../gen/MDTst_pirTest/StreamSVM_0/log/runpsim.log,../gen/MDTst_pirTest/StreamSVM_0/log/runpsim.sh,../gen/MDTst_pirTest/StreamSVM_0/log/runproute.log,../gen/MDTst_pirTest/StreamSVM_0/log/runproute.sh,../gen/MDTst_pirTest/StreamSVM_0/plastisim/summary.csv,../gen/MDTst_pirTest/StreamSVM_0/pir/AccelMain.scala,../gen/MDTst_pirTest/StreamSVM_0/log/,../gen/MDTst_pirTest/StreamSVM_0/log/gentst.log,../gen/MDTst_pirTest/StreamSVM_0/log/maketst.log,../gen/MDTst_pirTest/StreamSVM_0/log/runtst.log,True,,,,,,,,,,,False,False,False,100,,,,,,,,False,,,,,,,,,,,,,,,,,,,,,10.01191651,,3661,,True,False,True,0.0,0.0,0.0,True
543f579f,2019-06-04 19:59:20,StreamSVM_1,pirTest,MDTst,1000000000.0,../gen/MDTst_pirTest/StreamSVM_1/log/mappir.log,../gen/MDTst_pirTest/StreamSVM_1/log/runpir.log,../gen/MDTst_pirTest/StreamSVM_1/log/genpsim.log,../gen/MDTst_pirTest/StreamSVM_1/log/gentrace.log,../gen/MDTst_pirTest/StreamSVM_1/log/runpsim.log,../gen/MDTst_pirTest/StreamSVM_1/log/runpsim.sh,../gen/MDTst_pirTest/StreamSVM_1/log/runproute.log,../gen/MDTst_pirTest/StreamSVM_1/log/runproute.sh,../gen/MDTst_pirTest/StreamSVM_1/plastisim/summary.csv,../gen/MDTst_pirTest/StreamSVM_1/pir/AccelMain.scala,../gen/MDTst_pirTest/StreamSVM_1/log/,../gen/MDTst_pirTest/StreamSVM_1/log/gentst.log,../gen/MDTst_pirTest/StreamSVM_1/log/maketst.log,../gen/MDTst_pirTest/StreamSVM_1/log/runtst.log,True,,,,,,,,,,,False,False,False,100,,,,,,,,False,,,,,,,,,,,,,,,,,,,,,14.661147354,,1893,,True,False,True,0.0,0.0,0.0,True
543f579f,2019-06-04 19:59:20,StreamSVM_3,pirTest,MDTst,1000000000.0,../gen/MDTst_pirTest/StreamSVM_3/log/mappir.log,../gen/MDTst_pirTest/StreamSVM_3/log/runpir.log,../gen/MDTst_pirTest/StreamSVM_3/log/genpsim.log,../gen/MDTst_pirTest/StreamSVM_3/log/gentrace.log,../gen/MDTst_pirTest/StreamSVM_3/log/runpsim.log,../gen/MDTst_pirTest/StreamSVM_3/log/runpsim.sh,../gen/MDTst_pirTest/StreamSVM_3/log/runproute.log,../gen/MDTst_pirTest/StreamSVM_3/log/runproute.sh,../gen/MDTst_pirTest/StreamSVM_3/plastisim/summary.csv,../gen/MDTst_pirTest/StreamSVM_3/pir/AccelMain.scala,../gen/MDTst_pirTest/StreamSVM_3/log/,../gen/MDTst_pirTest/StreamSVM_3/log/gentst.log,../gen/MDTst_pirTest/StreamSVM_3/log/maketst.log,../gen/MDTst_pirTest/StreamSVM_3/log/runtst.log,True,,,,,,,,,,,False,False,False,100,,,,,,,,False,,,,,,,,,,,,,,,,,,,,,11.030168703,,3668,,True,False,True,0.0,0.0,0.0,True
543f579f,2019-06-04 19:59:20,StreamSVM_4,pirTest,MDTst,1000000000.0,../gen/MDTst_pirTest/StreamSVM_4/log/mappir.log,../gen/MDTst_pirTest/StreamSVM_4/log/runpir.log,../gen/MDTst_pirTest/StreamSVM_4/log/genpsim.log,../gen/MDTst_pirTest/StreamSVM_4/log/gentrace.log,../gen/MDTst_pirTest/StreamSVM_4/log/runpsim.log,../gen/MDTst_pirTest/StreamSVM_4/log/runpsim.sh,../gen/MDTst_pirTest/StreamSVM_4/log/runproute.log,../gen/MDTst_pirTest/StreamSVM_4/log/runproute.sh,../gen/MDTst_pirTest/StreamSVM_4/plastisim/summary.csv,../gen/MDTst_pirTest/StreamSVM_4/pir/AccelMain.scala,../gen/MDTst_pirTest/StreamSVM_4/log/,../gen/MDTst_pirTest/StreamSVM_4/log/gentst.log,../gen/MDTst_pirTest/StreamSVM_4/log/maketst.log,../gen/MDTst_pirTest/StreamSVM_4/log/runtst.log,True,,,,,,,,,,,False,False,False,100,,,,,,,,False,,,,,,,,,,,,,,,,,,,,,14.064529417,,1894,,True,False,True,0.0,0.0,0.0,True
543f579f,2019-06-04 19:59:20,StreamSVM_5,pirTest,MDTst,1000000000.0,../gen/MDTst_pirTest/StreamSVM_5/log/mappir.log,../gen/MDTst_pirTest/StreamSVM_5/log/runpir.log,../gen/MDTst_pirTest/StreamSVM_5/log/genpsim.log,../gen/MDTst_pirTest/StreamSVM_5/log/gentrace.log,../gen/MDTst_pirTest/StreamSVM_5/log/runpsim.log,../gen/MDTst_pirTest/StreamSVM_5/log/runpsim.sh,../gen/MDTst_pirTest/StreamSVM_5/log/runproute.log,../gen/MDTst_pirTest/StreamSVM_5/log/runproute.sh,../gen/MDTst_pirTest/StreamSVM_5/plastisim/summary.csv,../gen/MDTst_pirTest/StreamSVM_5/pir/AccelMain.scala,../gen/MDTst_pirTest/StreamSVM_5/log/,../gen/MDTst_pirTest/StreamSVM_5/log/gentst.log,../gen/MDTst_pirTest/StreamSVM_5/log/maketst.log,../gen/MDTst_pirTest/StreamSVM_5/log/runtst.log,True,,,,,,,,,,,False,False,False,100,,,,,,,,False,,,,,,,,,,,,,,,,,,,,,20.557318486,,1002,,True,False,True,0.0,0.0,0.0,True
543f579f,2019-06-04 19:59:20,StreamSumFields_0,pirTest,MDTst,1000000000.0,../gen/MDTst_pirTest/StreamSumFields_0/log/mappir.log,../gen/MDTst_pirTest/StreamSumFields_0/log/runpir.log,../gen/MDTst_pirTest/StreamSumFields_0/log/genpsim.log,../gen/MDTst_pirTest/StreamSumFields_0/log/gentrace.log,../gen/MDTst_pirTest/StreamSumFields_0/log/runpsim.log,../gen/MDTst_pirTest/StreamSumFields_0/log/runpsim.sh,../gen/MDTst_pirTest/StreamSumFields_0/log/runproute.log,../gen/MDTst_pirTest/StreamSumFields_0/log/runproute.sh,../gen/MDTst_pirTest/StreamSumFields_0/plastisim/summary.csv,../gen/MDTst_pirTest/StreamSumFields_0/pir/AccelMain.scala,../gen/MDTst_pirTest/StreamSumFields_0/log/,../gen/MDTst_pirTest/StreamSumFields_0/log/gentst.log,../gen/MDTst_pirTest/StreamSumFields_0/log/maketst.log,../gen/MDTst_pirTest/StreamSumFields_0/log/runtst.log,True,,,,,,,,,,,False,False,False,100,,,,,,,,False,,,,,,,,,,,,,,,,,,,,,8.073152757,,180,,True,False,True,0.0,0.0,0.0,True
543f579f,2019-06-04 19:59:20,StreamSumFields_1,pirTest,MDTst,1000000000.0,../gen/MDTst_pirTest/StreamSumFields_1/log/mappir.log,../gen/MDTst_pirTest/StreamSumFields_1/log/runpir.log,../gen/MDTst_pirTest/StreamSumFields_1/log/genpsim.log,../gen/MDTst_pirTest/StreamSumFields_1/log/gentrace.log,../gen/MDTst_pirTest/StreamSumFields_1/log/runpsim.log,../gen/MDTst_pirTest/StreamSumFields_1/log/runpsim.sh,../gen/MDTst_pirTest/StreamSumFields_1/log/runproute.log,../gen/MDTst_pirTest/StreamSumFields_1/log/runproute.sh,../gen/MDTst_pirTest/StreamSumFields_1/plastisim/summary.csv,../gen/MDTst_pirTest/StreamSumFields_1/pir/AccelMain.scala,../gen/MDTst_pirTest/StreamSumFields_1/log/,../gen/MDTst_pirTest/StreamSumFields_1/log/gentst.log,../gen/MDTst_pirTest/StreamSumFields_1/log/maketst.log,../gen/MDTst_pirTest/StreamSumFields_1/log/runtst.log,True,,,,,,,,,,,False,False,False,100,,,,,,,,False,,,,,,,,,,,,,,,,,,,,,10.626438718,,307,,True,False,True,0.0,0.0,0.0,True
543f579f,2019-06-04 19:59:20,SumSquare_0,pirTest,MDTst,1000000000.0,../gen/MDTst_pirTest/SumSquare_0/log/mappir.log,../gen/MDTst_pirTest/SumSquare_0/log/runpir.log,../gen/MDTst_pirTest/SumSquare_0/log/genpsim.log,../gen/MDTst_pirTest/SumSquare_0/log/gentrace.log,../gen/MDTst_pirTest/SumSquare_0/log/runpsim.log,../gen/MDTst_pirTest/SumSquare_0/log/runpsim.sh,../gen/MDTst_pirTest/SumSquare_0/log/runproute.log,../gen/MDTst_pirTest/SumSquare_0/log/runproute.sh,../gen/MDTst_pirTest/SumSquare_0/plastisim/summary.csv,../gen/MDTst_pirTest/SumSquare_0/pir/AccelMain.scala,../gen/MDTst_pirTest/SumSquare_0/log/,../gen/MDTst_pirTest/SumSquare_0/log/gentst.log,../gen/MDTst_pirTest/SumSquare_0/log/maketst.log,../gen/MDTst_pirTest/SumSquare_0/log/runtst.log,True,,,,,,,,,,,False,False,False,100,,,,,,,,False,,,,,,,,,,,,,,,,,,,,,4.45313517,,237,,True,False,True,0.0,0.0,0.0,True
543f579f,2019-06-04 19:59:20,SumSquare_1,pirTest,MDTst,1000000000.0,../gen/MDTst_pirTest/SumSquare_1/log/mappir.log,../gen/MDTst_pirTest/SumSquare_1/log/runpir.log,../gen/MDTst_pirTest/SumSquare_1/log/genpsim.log,../gen/MDTst_pirTest/SumSquare_1/log/gentrace.log,../gen/MDTst_pirTest/SumSquare_1/log/runpsim.log,../gen/MDTst_pirTest/SumSquare_1/log/runpsim.sh,../gen/MDTst_pirTest/SumSquare_1/log/runproute.log,../gen/MDTst_pirTest/SumSquare_1/log/runproute.sh,../gen/MDTst_pirTest/SumSquare_1/plastisim/summary.csv,../gen/MDTst_pirTest/SumSquare_1/pir/AccelMain.scala,../gen/MDTst_pirTest/SumSquare_1/log/,../gen/MDTst_pirTest/SumSquare_1/log/gentst.log,../gen/MDTst_pirTest/SumSquare_1/log/maketst.log,../gen/MDTst_pirTest/SumSquare_1/log/runtst.log,True,,,,,,,,,,,False,False,False,100,,,,,,,,False,,,,,,,,,,,,,,,,,,,,,5.03018826,,1042,,True,False,True,0.0,0.0,0.0,True
543f579f,2019-06-04 19:59:20,SumSquare_2,pirTest,MDTst,1000000000.0,../gen/MDTst_pirTest/SumSquare_2/log/mappir.log,../gen/MDTst_pirTest/SumSquare_2/log/runpir.log,../gen/MDTst_pirTest/SumSquare_2/log/genpsim.log,../gen/MDTst_pirTest/SumSquare_2/log/gentrace.log,../gen/MDTst_pirTest/SumSquare_2/log/runpsim.log,../gen/MDTst_pirTest/SumSquare_2/log/runpsim.sh,../gen/MDTst_pirTest/SumSquare_2/log/runproute.log,../gen/MDTst_pirTest/SumSquare_2/log/runproute.sh,../gen/MDTst_pirTest/SumSquare_2/plastisim/summary.csv,../gen/MDTst_pirTest/SumSquare_2/pir/AccelMain.scala,../gen/MDTst_pirTest/SumSquare_2/log/,../gen/MDTst_pirTest/SumSquare_2/log/gentst.log,../gen/MDTst_pirTest/SumSquare_2/log/maketst.log,../gen/MDTst_pirTest/SumSquare_2/log/runtst.log,True,,,,,,,,,,,False,False,False,100,,,,,,,,False,,,,,,,,,,,,,,,,,,,,,4.658010054,,370,,True,False,True,0.0,0.0,0.0,True
543f579f,2019-06-04 19:59:20,SumSquare_3,pirTest,MDTst,1000000000.0,../gen/MDTst_pirTest/SumSquare_3/log/mappir.log,../gen/MDTst_pirTest/SumSquare_3/log/runpir.log,../gen/MDTst_pirTest/SumSquare_3/log/genpsim.log,../gen/MDTst_pirTest/SumSquare_3/log/gentrace.log,../gen/MDTst_pirTest/SumSquare_3/log/runpsim.log,../gen/MDTst_pirTest/SumSquare_3/log/runpsim.sh,../gen/MDTst_pirTest/SumSquare_3/log/runproute.log,../gen/MDTst_pirTest/SumSquare_3/log/runproute.sh,../gen/MDTst_pirTest/SumSquare_3/plastisim/summary.csv,../gen/MDTst_pirTest/SumSquare_3/pir/AccelMain.scala,../gen/MDTst_pirTest/SumSquare_3/log/,../gen/MDTst_pirTest/SumSquare_3/log/gentst.log,../gen/MDTst_pirTest/SumSquare_3/log/maketst.log,../gen/MDTst_pirTest/SumSquare_3/log/runtst.log,True,,,,,,,,,,,False,False,False,100,,,,,,,,False,,,,,,,,,,,,,,,,,,,,,6.095227802,,530,,True,False,True,0.0,0.0,0.0,True
543f579f,2019-06-04 19:59:20,SumSquare_5,pirTest,MDTst,1000000000.0,../gen/MDTst_pirTest/SumSquare_5/log/mappir.log,../gen/MDTst_pirTest/SumSquare_5/log/runpir.log,../gen/MDTst_pirTest/SumSquare_5/log/genpsim.log,../gen/MDTst_pirTest/SumSquare_5/log/gentrace.log,../gen/MDTst_pirTest/SumSquare_5/log/runpsim.log,../gen/MDTst_pirTest/SumSquare_5/log/runpsim.sh,../gen/MDTst_pirTest/SumSquare_5/log/runproute.log,../gen/MDTst_pirTest/SumSquare_5/log/runproute.sh,../gen/MDTst_pirTest/SumSquare_5/plastisim/summary.csv,../gen/MDTst_pirTest/SumSquare_5/pir/AccelMain.scala,../gen/MDTst_pirTest/SumSquare_5/log/,../gen/MDTst_pirTest/SumSquare_5/log/gentst.log,../gen/MDTst_pirTest/SumSquare_5/log/maketst.log,../gen/MDTst_pirTest/SumSquare_5/log/runtst.log,True,,,,,,,,,,,False,False,False,100,,,,,,,,False,,,,,,,,,,,,,,,,,,,,,5.697214443,,194,,True,False,True,0.0,0.0,0.0,True
543f579f,2019-06-04 19:59:20,TPCHQ6_0,pirTest,MDTst,1000000000.0,../gen/MDTst_pirTest/TPCHQ6_0/log/mappir.log,../gen/MDTst_pirTest/TPCHQ6_0/log/runpir.log,../gen/MDTst_pirTest/TPCHQ6_0/log/genpsim.log,../gen/MDTst_pirTest/TPCHQ6_0/log/gentrace.log,../gen/MDTst_pirTest/TPCHQ6_0/log/runpsim.log,../gen/MDTst_pirTest/TPCHQ6_0/log/runpsim.sh,../gen/MDTst_pirTest/TPCHQ6_0/log/runproute.log,../gen/MDTst_pirTest/TPCHQ6_0/log/runproute.sh,../gen/MDTst_pirTest/TPCHQ6_0/plastisim/summary.csv,../gen/MDTst_pirTest/TPCHQ6_0/pir/AccelMain.scala,../gen/MDTst_pirTest/TPCHQ6_0/log/,../gen/MDTst_pirTest/TPCHQ6_0/log/gentst.log,../gen/MDTst_pirTest/TPCHQ6_0/log/maketst.log,../gen/MDTst_pirTest/TPCHQ6_0/log/runtst.log,True,,,,,,,,,,,False,False,False,100,,,,,,,,False,,,,,,,,,,,,,,,,,,,,,12.62030138,,417,,True,False,True,0.0,39.29,0.0,True
543f579f,2019-06-04 19:59:20,TPCHQ6_1,pirTest,MDTst,1000000000.0,../gen/MDTst_pirTest/TPCHQ6_1/log/mappir.log,../gen/MDTst_pirTest/TPCHQ6_1/log/runpir.log,../gen/MDTst_pirTest/TPCHQ6_1/log/genpsim.log,../gen/MDTst_pirTest/TPCHQ6_1/log/gentrace.log,../gen/MDTst_pirTest/TPCHQ6_1/log/runpsim.log,../gen/MDTst_pirTest/TPCHQ6_1/log/runpsim.sh,../gen/MDTst_pirTest/TPCHQ6_1/log/runproute.log,../gen/MDTst_pirTest/TPCHQ6_1/log/runproute.sh,../gen/MDTst_pirTest/TPCHQ6_1/plastisim/summary.csv,../gen/MDTst_pirTest/TPCHQ6_1/pir/AccelMain.scala,../gen/MDTst_pirTest/TPCHQ6_1/log/,../gen/MDTst_pirTest/TPCHQ6_1/log/gentst.log,../gen/MDTst_pirTest/TPCHQ6_1/log/maketst.log,../gen/MDTst_pirTest/TPCHQ6_1/log/runtst.log,True,,,,,,,,,,,False,False,False,100,,,,,,,,False,,,,,,,,,,,,,,,,,,,,,11.832266928,,3913,,True,False,True,0.0,4.187,0.0,True
543f579f,2019-06-04 19:59:20,TPCHQ6_2,pirTest,MDTst,1000000000.0,../gen/MDTst_pirTest/TPCHQ6_2/log/mappir.log,../gen/MDTst_pirTest/TPCHQ6_2/log/runpir.log,../gen/MDTst_pirTest/TPCHQ6_2/log/genpsim.log,../gen/MDTst_pirTest/TPCHQ6_2/log/gentrace.log,../gen/MDTst_pirTest/TPCHQ6_2/log/runpsim.log,../gen/MDTst_pirTest/TPCHQ6_2/log/runpsim.sh,../gen/MDTst_pirTest/TPCHQ6_2/log/runproute.log,../gen/MDTst_pirTest/TPCHQ6_2/log/runproute.sh,../gen/MDTst_pirTest/TPCHQ6_2/plastisim/summary.csv,../gen/MDTst_pirTest/TPCHQ6_2/pir/AccelMain.scala,../gen/MDTst_pirTest/TPCHQ6_2/log/,../gen/MDTst_pirTest/TPCHQ6_2/log/gentst.log,../gen/MDTst_pirTest/TPCHQ6_2/log/maketst.log,../gen/MDTst_pirTest/TPCHQ6_2/log/runtst.log,True,,,,,,,,,,,False,False,False,100,,,,,,,,False,,,,,,,,,,,,,,,,,,,,,20.453604193,,441,,True,False,True,0.0,37.152,0.0,True
543f579f,2019-06-04 19:59:20,TPCHQ6_3,pirTest,MDTst,1000000000.0,../gen/MDTst_pirTest/TPCHQ6_3/log/mappir.log,../gen/MDTst_pirTest/TPCHQ6_3/log/runpir.log,../gen/MDTst_pirTest/TPCHQ6_3/log/genpsim.log,../gen/MDTst_pirTest/TPCHQ6_3/log/gentrace.log,../gen/MDTst_pirTest/TPCHQ6_3/log/runpsim.log,../gen/MDTst_pirTest/TPCHQ6_3/log/runpsim.sh,../gen/MDTst_pirTest/TPCHQ6_3/log/runproute.log,../gen/MDTst_pirTest/TPCHQ6_3/log/runproute.sh,../gen/MDTst_pirTest/TPCHQ6_3/plastisim/summary.csv,../gen/MDTst_pirTest/TPCHQ6_3/pir/AccelMain.scala,../gen/MDTst_pirTest/TPCHQ6_3/log/,../gen/MDTst_pirTest/TPCHQ6_3/log/gentst.log,../gen/MDTst_pirTest/TPCHQ6_3/log/maketst.log,../gen/MDTst_pirTest/TPCHQ6_3/log/runtst.log,True,,,,,,,,,,,False,False,False,100,,,,,,,,False,,,,,,,,,,,,,,,,,,,,,21.037130221,,2051,,True,False,True,0.0,7.988,0.0,True
543f579f,2019-06-04 19:59:20,TPCHQ6_4,pirTest,MDTst,1000000000.0,../gen/MDTst_pirTest/TPCHQ6_4/log/mappir.log,../gen/MDTst_pirTest/TPCHQ6_4/log/runpir.log,../gen/MDTst_pirTest/TPCHQ6_4/log/genpsim.log,../gen/MDTst_pirTest/TPCHQ6_4/log/gentrace.log,../gen/MDTst_pirTest/TPCHQ6_4/log/runpsim.log,../gen/MDTst_pirTest/TPCHQ6_4/log/runpsim.sh,../gen/MDTst_pirTest/TPCHQ6_4/log/runproute.log,../gen/MDTst_pirTest/TPCHQ6_4/log/runproute.sh,../gen/MDTst_pirTest/TPCHQ6_4/plastisim/summary.csv,../gen/MDTst_pirTest/TPCHQ6_4/pir/AccelMain.scala,../gen/MDTst_pirTest/TPCHQ6_4/log/,../gen/MDTst_pirTest/TPCHQ6_4/log/gentst.log,../gen/MDTst_pirTest/TPCHQ6_4/log/maketst.log,../gen/MDTst_pirTest/TPCHQ6_4/log/runtst.log,True,,,,,,,,,,,False,False,False,100,,,,,,,,False,,,,,,,,,,,,,,,,,,,,,43.588918511,,434,,True,False,True,0.0,37.751,0.0,True
543f579f,2019-06-04 19:59:20,VecTest,pirTest,MDTst,1000000000.0,../gen/MDTst_pirTest/VecTest/log/mappir.log,../gen/MDTst_pirTest/VecTest/log/runpir.log,../gen/MDTst_pirTest/VecTest/log/genpsim.log,../gen/MDTst_pirTest/VecTest/log/gentrace.log,../gen/MDTst_pirTest/VecTest/log/runpsim.log,../gen/MDTst_pirTest/VecTest/log/runpsim.sh,../gen/MDTst_pirTest/VecTest/log/runproute.log,../gen/MDTst_pirTest/VecTest/log/runproute.sh,../gen/MDTst_pirTest/VecTest/plastisim/summary.csv,../gen/MDTst_pirTest/VecTest/pir/AccelMain.scala,../gen/MDTst_pirTest/VecTest/log/,../gen/MDTst_pirTest/VecTest/log/gentst.log,../gen/MDTst_pirTest/VecTest/log/maketst.log,../gen/MDTst_pirTest/VecTest/log/runtst.log,True,,,,,,,,,,,False,False,False,100,,,,,,,,False,,,,,,,,,,,,,,,,,,,,,11.581895715,,588,,True,False,True,0.0,0.218,6.966,True
