sha,time,app,project,backend,freq,mappirlog,runpirlog,genpsimlog,gentracelog,runpsimlog,psimsh,runproutelog,proutesh,prouteSummary,AccelMain,logpath,gentstlog,maketstlog,runtstlog,genpir,genpir_err,runpir_time,runpir_err,notFit,MC,DAG,PMU,PCU,row,col,p2p,asic,scheduled,fifo_depth,mappir_err,mappir_time,genpsim_err,gentrace_err,psimcycle,lbw,sbw,psim_deadlock,algo,pattern,slink,vlink,prtime,vcLimit,DynHopsVec,DynHopsScal,StatHopsVec,StatHopsScal,Score,NetVC,TotPkts,LinkLim,InjectLim,EjectLim,LongRoute,Q0Pct,Q0Lim,gentst_err,gentst_time,maketst_err,tstcycle,runtst_err,runtst_pass,tst_deadlock,tst_complete,tst_dram_power,tst_rbw,tst_wbw,succeeded
6f9fd826,2019-06-05 13:57:44,BlackScholes_0,pirTest,MDTst,1000000000.0,../gen/MDTst_pirTest/BlackScholes_0/log/mappir.log,../gen/MDTst_pirTest/BlackScholes_0/log/runpir.log,../gen/MDTst_pirTest/BlackScholes_0/log/genpsim.log,../gen/MDTst_pirTest/BlackScholes_0/log/gentrace.log,../gen/MDTst_pirTest/BlackScholes_0/log/runpsim.log,../gen/MDTst_pirTest/BlackScholes_0/log/runpsim.sh,../gen/MDTst_pirTest/BlackScholes_0/log/runproute.log,../gen/MDTst_pirTest/BlackScholes_0/log/runproute.sh,../gen/MDTst_pirTest/BlackScholes_0/plastisim/summary.csv,../gen/MDTst_pirTest/BlackScholes_0/pir/AccelMain.scala,../gen/MDTst_pirTest/BlackScholes_0/log/,../gen/MDTst_pirTest/BlackScholes_0/log/gentst.log,../gen/MDTst_pirTest/BlackScholes_0/log/maketst.log,../gen/MDTst_pirTest/BlackScholes_0/log/runtst.log,True,,,,,,,,,,,False,False,False,100,,,,,,,,False,,,,,,,,,,,,,,,,,,,,,24.547204133,,2736,,True,False,True,0.0,8.982,1.497,True
6f9fd826,2019-06-05 13:57:44,BlackScholes_1,pirTest,MDTst,1000000000.0,../gen/MDTst_pirTest/BlackScholes_1/log/mappir.log,../gen/MDTst_pirTest/BlackScholes_1/log/runpir.log,../gen/MDTst_pirTest/BlackScholes_1/log/genpsim.log,../gen/MDTst_pirTest/BlackScholes_1/log/gentrace.log,../gen/MDTst_pirTest/BlackScholes_1/log/runpsim.log,../gen/MDTst_pirTest/BlackScholes_1/log/runpsim.sh,../gen/MDTst_pirTest/BlackScholes_1/log/runproute.log,../gen/MDTst_pirTest/BlackScholes_1/log/runproute.sh,../gen/MDTst_pirTest/BlackScholes_1/plastisim/summary.csv,../gen/MDTst_pirTest/BlackScholes_1/pir/AccelMain.scala,../gen/MDTst_pirTest/BlackScholes_1/log/,../gen/MDTst_pirTest/BlackScholes_1/log/gentst.log,../gen/MDTst_pirTest/BlackScholes_1/log/maketst.log,../gen/MDTst_pirTest/BlackScholes_1/log/runtst.log,True,,,,,,,,,,,False,False,False,100,,,,,,,,False,,,,,,,,,,,,,,,,,,,,,24.757916568,,34828,,True,False,True,0.0,0.706,0.118,True
6f9fd826,2019-06-05 13:57:44,BroadcastTest,pirTest,MDTst,1000000000.0,../gen/MDTst_pirTest/BroadcastTest/log/mappir.log,../gen/MDTst_pirTest/BroadcastTest/log/runpir.log,../gen/MDTst_pirTest/BroadcastTest/log/genpsim.log,../gen/MDTst_pirTest/BroadcastTest/log/gentrace.log,../gen/MDTst_pirTest/BroadcastTest/log/runpsim.log,../gen/MDTst_pirTest/BroadcastTest/log/runpsim.sh,../gen/MDTst_pirTest/BroadcastTest/log/runproute.log,../gen/MDTst_pirTest/BroadcastTest/log/runproute.sh,../gen/MDTst_pirTest/BroadcastTest/plastisim/summary.csv,../gen/MDTst_pirTest/BroadcastTest/pir/AccelMain.scala,../gen/MDTst_pirTest/BroadcastTest/log/,../gen/MDTst_pirTest/BroadcastTest/log/gentst.log,../gen/MDTst_pirTest/BroadcastTest/log/maketst.log,../gen/MDTst_pirTest/BroadcastTest/log/runtst.log,True,,,,,,,,,,,False,False,False,100,,,,,,,,False,,,,,,,,,,,,,,,,,,,,,9.441195739,,588,,True,False,True,0.0,0.218,6.966,True
6f9fd826,2019-06-05 13:57:44,DotProduct_0,pirTest,MDTst,1000000000.0,../gen/MDTst_pirTest/DotProduct_0/log/mappir.log,../gen/MDTst_pirTest/DotProduct_0/log/runpir.log,../gen/MDTst_pirTest/DotProduct_0/log/genpsim.log,../gen/MDTst_pirTest/DotProduct_0/log/gentrace.log,../gen/MDTst_pirTest/DotProduct_0/log/runpsim.log,../gen/MDTst_pirTest/DotProduct_0/log/runpsim.sh,../gen/MDTst_pirTest/DotProduct_0/log/runproute.log,../gen/MDTst_pirTest/DotProduct_0/log/runproute.sh,../gen/MDTst_pirTest/DotProduct_0/plastisim/summary.csv,../gen/MDTst_pirTest/DotProduct_0/pir/AccelMain.scala,../gen/MDTst_pirTest/DotProduct_0/log/,../gen/MDTst_pirTest/DotProduct_0/log/gentst.log,../gen/MDTst_pirTest/DotProduct_0/log/maketst.log,../gen/MDTst_pirTest/DotProduct_0/log/runtst.log,True,,,,,,,,,,,False,False,False,100,,,,,,,,False,,,,,,,,,,,,,,,,,,,,,8.397002549,,308,,True,False,True,0.0,26.597,0.0,True
6f9fd826,2019-06-05 13:57:44,DotProduct_1,pirTest,MDTst,1000000000.0,../gen/MDTst_pirTest/DotProduct_1/log/mappir.log,../gen/MDTst_pirTest/DotProduct_1/log/runpir.log,../gen/MDTst_pirTest/DotProduct_1/log/genpsim.log,../gen/MDTst_pirTest/DotProduct_1/log/gentrace.log,../gen/MDTst_pirTest/DotProduct_1/log/runpsim.log,../gen/MDTst_pirTest/DotProduct_1/log/runpsim.sh,../gen/MDTst_pirTest/DotProduct_1/log/runproute.log,../gen/MDTst_pirTest/DotProduct_1/log/runproute.sh,../gen/MDTst_pirTest/DotProduct_1/plastisim/summary.csv,../gen/MDTst_pirTest/DotProduct_1/pir/AccelMain.scala,../gen/MDTst_pirTest/DotProduct_1/log/,../gen/MDTst_pirTest/DotProduct_1/log/gentst.log,../gen/MDTst_pirTest/DotProduct_1/log/maketst.log,../gen/MDTst_pirTest/DotProduct_1/log/runtst.log,True,,,,,,,,,,,False,False,False,100,,,,,,,,False,,,,,,,,,,,,,,,,,,,,,8.655914966,,1143,,True,False,True,0.0,7.167,0.0,True
6f9fd826,2019-06-05 13:57:44,DotProduct_2,pirTest,MDTst,1000000000.0,../gen/MDTst_pirTest/DotProduct_2/log/mappir.log,../gen/MDTst_pirTest/DotProduct_2/log/runpir.log,../gen/MDTst_pirTest/DotProduct_2/log/genpsim.log,../gen/MDTst_pirTest/DotProduct_2/log/gentrace.log,../gen/MDTst_pirTest/DotProduct_2/log/runpsim.log,../gen/MDTst_pirTest/DotProduct_2/log/runpsim.sh,../gen/MDTst_pirTest/DotProduct_2/log/runproute.log,../gen/MDTst_pirTest/DotProduct_2/log/runproute.sh,../gen/MDTst_pirTest/DotProduct_2/plastisim/summary.csv,../gen/MDTst_pirTest/DotProduct_2/pir/AccelMain.scala,../gen/MDTst_pirTest/DotProduct_2/log/,../gen/MDTst_pirTest/DotProduct_2/log/gentst.log,../gen/MDTst_pirTest/DotProduct_2/log/maketst.log,../gen/MDTst_pirTest/DotProduct_2/log/runtst.log,True,,,,,,,,,,,False,False,False,100,,,,,,,,False,,,,,,,,,,,,,,,,,,,,,12.26908609,,636,,True,False,True,0.0,12.881,0.0,True
6f9fd826,2019-06-05 13:57:44,DotProduct_3,pirTest,MDTst,1000000000.0,../gen/MDTst_pirTest/DotProduct_3/log/mappir.log,../gen/MDTst_pirTest/DotProduct_3/log/runpir.log,../gen/MDTst_pirTest/DotProduct_3/log/genpsim.log,../gen/MDTst_pirTest/DotProduct_3/log/gentrace.log,../gen/MDTst_pirTest/DotProduct_3/log/runpsim.log,../gen/MDTst_pirTest/DotProduct_3/log/runpsim.sh,../gen/MDTst_pirTest/DotProduct_3/log/runproute.log,../gen/MDTst_pirTest/DotProduct_3/log/runproute.sh,../gen/MDTst_pirTest/DotProduct_3/plastisim/summary.csv,../gen/MDTst_pirTest/DotProduct_3/pir/AccelMain.scala,../gen/MDTst_pirTest/DotProduct_3/log/,../gen/MDTst_pirTest/DotProduct_3/log/gentst.log,../gen/MDTst_pirTest/DotProduct_3/log/maketst.log,../gen/MDTst_pirTest/DotProduct_3/log/runtst.log,True,,,,,,,,,,,False,False,False,100,,,,,,,,False,,,,,,,,,,,,,,,,,,,,,12.412197405,,246,,True,False,True,0.0,33.301,0.0,True
6f9fd826,2019-06-05 13:57:44,GDA_0,pirTest,MDTst,1000000000.0,../gen/MDTst_pirTest/GDA_0/log/mappir.log,../gen/MDTst_pirTest/GDA_0/log/runpir.log,../gen/MDTst_pirTest/GDA_0/log/genpsim.log,../gen/MDTst_pirTest/GDA_0/log/gentrace.log,../gen/MDTst_pirTest/GDA_0/log/runpsim.log,../gen/MDTst_pirTest/GDA_0/log/runpsim.sh,../gen/MDTst_pirTest/GDA_0/log/runproute.log,../gen/MDTst_pirTest/GDA_0/log/runproute.sh,../gen/MDTst_pirTest/GDA_0/plastisim/summary.csv,../gen/MDTst_pirTest/GDA_0/pir/AccelMain.scala,../gen/MDTst_pirTest/GDA_0/log/,../gen/MDTst_pirTest/GDA_0/log/gentst.log,../gen/MDTst_pirTest/GDA_0/log/maketst.log,../gen/MDTst_pirTest/GDA_0/log/runtst.log,True,,,,,,,,,,,False,False,False,100,,,,,,,,False,,,,,,,,,,,,,,,,,,,,,23.994033266,,1078970,,True,False,True,1.724,0.491,0.061,True
6f9fd826,2019-06-05 13:57:44,GDA_1,pirTest,MDTst,1000000000.0,../gen/MDTst_pirTest/GDA_1/log/mappir.log,../gen/MDTst_pirTest/GDA_1/log/runpir.log,../gen/MDTst_pirTest/GDA_1/log/genpsim.log,../gen/MDTst_pirTest/GDA_1/log/gentrace.log,../gen/MDTst_pirTest/GDA_1/log/runpsim.log,../gen/MDTst_pirTest/GDA_1/log/runpsim.sh,../gen/MDTst_pirTest/GDA_1/log/runproute.log,../gen/MDTst_pirTest/GDA_1/log/runproute.sh,../gen/MDTst_pirTest/GDA_1/plastisim/summary.csv,../gen/MDTst_pirTest/GDA_1/pir/AccelMain.scala,../gen/MDTst_pirTest/GDA_1/log/,../gen/MDTst_pirTest/GDA_1/log/gentst.log,../gen/MDTst_pirTest/GDA_1/log/maketst.log,../gen/MDTst_pirTest/GDA_1/log/runtst.log,True,,,,,,,,,,,False,False,False,100,,,,,,,,False,,,,,,,,,,,,,,,,,,,,,23.909966729,,6017,,True,False,True,0.0,1.447,0.681,True
6f9fd826,2019-06-05 13:57:44,GDA_14,pirTest,MDTst,1000000000.0,../gen/MDTst_pirTest/GDA_14/log/mappir.log,../gen/MDTst_pirTest/GDA_14/log/runpir.log,../gen/MDTst_pirTest/GDA_14/log/genpsim.log,../gen/MDTst_pirTest/GDA_14/log/gentrace.log,../gen/MDTst_pirTest/GDA_14/log/runpsim.log,../gen/MDTst_pirTest/GDA_14/log/runpsim.sh,../gen/MDTst_pirTest/GDA_14/log/runproute.log,../gen/MDTst_pirTest/GDA_14/log/runproute.sh,../gen/MDTst_pirTest/GDA_14/plastisim/summary.csv,../gen/MDTst_pirTest/GDA_14/pir/AccelMain.scala,../gen/MDTst_pirTest/GDA_14/log/,../gen/MDTst_pirTest/GDA_14/log/gentst.log,../gen/MDTst_pirTest/GDA_14/log/maketst.log,../gen/MDTst_pirTest/GDA_14/log/runtst.log,True,,,,,,,,,,,False,False,False,100,,,,,,,,False,,,,,,,,,,,,,,,,,,,,,51.608247101,,737963,,True,False,True,1.786,0.717,0.089,True
6f9fd826,2019-06-05 13:57:44,GDA_2,pirTest,MDTst,1000000000.0,../gen/MDTst_pirTest/GDA_2/log/mappir.log,../gen/MDTst_pirTest/GDA_2/log/runpir.log,../gen/MDTst_pirTest/GDA_2/log/genpsim.log,../gen/MDTst_pirTest/GDA_2/log/gentrace.log,../gen/MDTst_pirTest/GDA_2/log/runpsim.log,../gen/MDTst_pirTest/GDA_2/log/runpsim.sh,../gen/MDTst_pirTest/GDA_2/log/runproute.log,../gen/MDTst_pirTest/GDA_2/log/runproute.sh,../gen/MDTst_pirTest/GDA_2/plastisim/summary.csv,../gen/MDTst_pirTest/GDA_2/pir/AccelMain.scala,../gen/MDTst_pirTest/GDA_2/log/,../gen/MDTst_pirTest/GDA_2/log/gentst.log,../gen/MDTst_pirTest/GDA_2/log/maketst.log,../gen/MDTst_pirTest/GDA_2/log/runtst.log,True,,,,,,,,,,,False,False,False,100,,,,,,,,False,,,,,,,,,,,,,,,,,,,,,33.556219716,,3322,,True,False,True,0.0,2.62,1.233,True
6f9fd826,2019-06-05 13:57:44,GDA_3,pirTest,MDTst,1000000000.0,../gen/MDTst_pirTest/GDA_3/log/mappir.log,../gen/MDTst_pirTest/GDA_3/log/runpir.log,../gen/MDTst_pirTest/GDA_3/log/genpsim.log,../gen/MDTst_pirTest/GDA_3/log/gentrace.log,../gen/MDTst_pirTest/GDA_3/log/runpsim.log,../gen/MDTst_pirTest/GDA_3/log/runpsim.sh,../gen/MDTst_pirTest/GDA_3/log/runproute.log,../gen/MDTst_pirTest/GDA_3/log/runproute.sh,../gen/MDTst_pirTest/GDA_3/plastisim/summary.csv,../gen/MDTst_pirTest/GDA_3/pir/AccelMain.scala,../gen/MDTst_pirTest/GDA_3/log/,../gen/MDTst_pirTest/GDA_3/log/gentst.log,../gen/MDTst_pirTest/GDA_3/log/maketst.log,../gen/MDTst_pirTest/GDA_3/log/runtst.log,True,,,,,,,,,,,False,False,False,100,,,,,,,,False,,,,,,,,,,,,,,,,,,,,,29.738535597,,7368,,True,False,True,0.0,1.181,0.556,True
6f9fd826,2019-06-05 13:57:44,GDA_4,pirTest,MDTst,1000000000.0,../gen/MDTst_pirTest/GDA_4/log/mappir.log,../gen/MDTst_pirTest/GDA_4/log/runpir.log,../gen/MDTst_pirTest/GDA_4/log/genpsim.log,../gen/MDTst_pirTest/GDA_4/log/gentrace.log,../gen/MDTst_pirTest/GDA_4/log/runpsim.log,../gen/MDTst_pirTest/GDA_4/log/runpsim.sh,../gen/MDTst_pirTest/GDA_4/log/runproute.log,../gen/MDTst_pirTest/GDA_4/log/runproute.sh,../gen/MDTst_pirTest/GDA_4/plastisim/summary.csv,../gen/MDTst_pirTest/GDA_4/pir/AccelMain.scala,../gen/MDTst_pirTest/GDA_4/log/,../gen/MDTst_pirTest/GDA_4/log/gentst.log,../gen/MDTst_pirTest/GDA_4/log/maketst.log,../gen/MDTst_pirTest/GDA_4/log/runtst.log,True,,,,,,,,,,,False,False,False,100,,,,,,,,False,,,,,,,,,,,,,,,,,,,,,54.453490133,,4922,,True,False,True,0.0,1.768,0.832,True
6f9fd826,2019-06-05 13:57:44,GDA_5,pirTest,MDTst,1000000000.0,../gen/MDTst_pirTest/GDA_5/log/mappir.log,../gen/MDTst_pirTest/GDA_5/log/runpir.log,../gen/MDTst_pirTest/GDA_5/log/genpsim.log,../gen/MDTst_pirTest/GDA_5/log/gentrace.log,../gen/MDTst_pirTest/GDA_5/log/runpsim.log,../gen/MDTst_pirTest/GDA_5/log/runpsim.sh,../gen/MDTst_pirTest/GDA_5/log/runproute.log,../gen/MDTst_pirTest/GDA_5/log/runproute.sh,../gen/MDTst_pirTest/GDA_5/plastisim/summary.csv,../gen/MDTst_pirTest/GDA_5/pir/AccelMain.scala,../gen/MDTst_pirTest/GDA_5/log/,../gen/MDTst_pirTest/GDA_5/log/gentst.log,../gen/MDTst_pirTest/GDA_5/log/maketst.log,../gen/MDTst_pirTest/GDA_5/log/runtst.log,True,,,,,,,,,,,False,False,False,100,,,,,,,,False,,,,,,,,,,,,,,,,,,,,,25.796189913,,21785,,True,False,True,0.0,0.4,0.188,True
6f9fd826,2019-06-05 13:57:44,GDA_6,pirTest,MDTst,1000000000.0,../gen/MDTst_pirTest/GDA_6/log/mappir.log,../gen/MDTst_pirTest/GDA_6/log/runpir.log,../gen/MDTst_pirTest/GDA_6/log/genpsim.log,../gen/MDTst_pirTest/GDA_6/log/gentrace.log,../gen/MDTst_pirTest/GDA_6/log/runpsim.log,../gen/MDTst_pirTest/GDA_6/log/runpsim.sh,../gen/MDTst_pirTest/GDA_6/log/runproute.log,../gen/MDTst_pirTest/GDA_6/log/runproute.sh,../gen/MDTst_pirTest/GDA_6/plastisim/summary.csv,../gen/MDTst_pirTest/GDA_6/pir/AccelMain.scala,../gen/MDTst_pirTest/GDA_6/log/,../gen/MDTst_pirTest/GDA_6/log/gentst.log,../gen/MDTst_pirTest/GDA_6/log/maketst.log,../gen/MDTst_pirTest/GDA_6/log/runtst.log,True,,,,,,,,,,,False,False,False,100,,,,,,,,False,,,,,,,,,,,,,,,,,,,,,47.596240755,,2769346,,True,False,True,1.587,0.191,0.024,True
6f9fd826,2019-06-05 13:57:44,GEMM_0,pirTest,MDTst,1000000000.0,../gen/MDTst_pirTest/GEMM_0/log/mappir.log,../gen/MDTst_pirTest/GEMM_0/log/runpir.log,../gen/MDTst_pirTest/GEMM_0/log/genpsim.log,../gen/MDTst_pirTest/GEMM_0/log/gentrace.log,../gen/MDTst_pirTest/GEMM_0/log/runpsim.log,../gen/MDTst_pirTest/GEMM_0/log/runpsim.sh,../gen/MDTst_pirTest/GEMM_0/log/runproute.log,../gen/MDTst_pirTest/GEMM_0/log/runproute.sh,../gen/MDTst_pirTest/GEMM_0/plastisim/summary.csv,../gen/MDTst_pirTest/GEMM_0/pir/AccelMain.scala,../gen/MDTst_pirTest/GEMM_0/log/,../gen/MDTst_pirTest/GEMM_0/log/gentst.log,../gen/MDTst_pirTest/GEMM_0/log/maketst.log,../gen/MDTst_pirTest/GEMM_0/log/runtst.log,True,,,,,,,,,,,False,False,False,100,,,,,,,,False,,,,,,,,,,,,,,,,,,,,,20.729989152,,132616,,True,False,True,4.079,1.977,0.494,True
6f9fd826,2019-06-05 13:57:44,GEMM_1,pirTest,MDTst,1000000000.0,../gen/MDTst_pirTest/GEMM_1/log/mappir.log,../gen/MDTst_pirTest/GEMM_1/log/runpir.log,../gen/MDTst_pirTest/GEMM_1/log/genpsim.log,../gen/MDTst_pirTest/GEMM_1/log/gentrace.log,../gen/MDTst_pirTest/GEMM_1/log/runpsim.log,../gen/MDTst_pirTest/GEMM_1/log/runpsim.sh,../gen/MDTst_pirTest/GEMM_1/log/runproute.log,../gen/MDTst_pirTest/GEMM_1/log/runproute.sh,../gen/MDTst_pirTest/GEMM_1/plastisim/summary.csv,../gen/MDTst_pirTest/GEMM_1/pir/AccelMain.scala,../gen/MDTst_pirTest/GEMM_1/log/,../gen/MDTst_pirTest/GEMM_1/log/gentst.log,../gen/MDTst_pirTest/GEMM_1/log/maketst.log,../gen/MDTst_pirTest/GEMM_1/log/runtst.log,True,,,,,,,,,,,False,False,False,100,,,,,,,,False,,,,,,,,,,,,,,,,,,,,,20.512865401,,2109610,,True,False,True,1.64,0.124,0.031,True
6f9fd826,2019-06-05 13:57:44,GEMM_10,pirTest,MDTst,1000000000.0,../gen/MDTst_pirTest/GEMM_10/log/mappir.log,../gen/MDTst_pirTest/GEMM_10/log/runpir.log,../gen/MDTst_pirTest/GEMM_10/log/genpsim.log,../gen/MDTst_pirTest/GEMM_10/log/gentrace.log,../gen/MDTst_pirTest/GEMM_10/log/runpsim.log,../gen/MDTst_pirTest/GEMM_10/log/runpsim.sh,../gen/MDTst_pirTest/GEMM_10/log/runproute.log,../gen/MDTst_pirTest/GEMM_10/log/runproute.sh,../gen/MDTst_pirTest/GEMM_10/plastisim/summary.csv,../gen/MDTst_pirTest/GEMM_10/pir/AccelMain.scala,../gen/MDTst_pirTest/GEMM_10/log/,../gen/MDTst_pirTest/GEMM_10/log/gentst.log,../gen/MDTst_pirTest/GEMM_10/log/maketst.log,../gen/MDTst_pirTest/GEMM_10/log/runtst.log,True,,,,,,,,,,,False,False,False,100,,,,,,,,False,,,,,,,,,,,,,,,,,,,,,37.684257262,,9520,,True,False,True,0.0,1.721,0.43,True
6f9fd826,2019-06-05 13:57:44,GEMM_11,pirTest,MDTst,1000000000.0,../gen/MDTst_pirTest/GEMM_11/log/mappir.log,../gen/MDTst_pirTest/GEMM_11/log/runpir.log,../gen/MDTst_pirTest/GEMM_11/log/genpsim.log,../gen/MDTst_pirTest/GEMM_11/log/gentrace.log,../gen/MDTst_pirTest/GEMM_11/log/runpsim.log,../gen/MDTst_pirTest/GEMM_11/log/runpsim.sh,../gen/MDTst_pirTest/GEMM_11/log/runproute.log,../gen/MDTst_pirTest/GEMM_11/log/runproute.sh,../gen/MDTst_pirTest/GEMM_11/plastisim/summary.csv,../gen/MDTst_pirTest/GEMM_11/pir/AccelMain.scala,../gen/MDTst_pirTest/GEMM_11/log/,../gen/MDTst_pirTest/GEMM_11/log/gentst.log,../gen/MDTst_pirTest/GEMM_11/log/maketst.log,../gen/MDTst_pirTest/GEMM_11/log/runtst.log,True,,,,,,,,,,,False,False,False,100,,,,,,,,False,,,,,,,,,,,,,,,,,,,,,41.909284363,,9908,,True,False,True,0.0,1.654,0.413,True
6f9fd826,2019-06-05 13:57:44,GEMM_12,pirTest,MDTst,1000000000.0,../gen/MDTst_pirTest/GEMM_12/log/mappir.log,../gen/MDTst_pirTest/GEMM_12/log/runpir.log,../gen/MDTst_pirTest/GEMM_12/log/genpsim.log,../gen/MDTst_pirTest/GEMM_12/log/gentrace.log,../gen/MDTst_pirTest/GEMM_12/log/runpsim.log,../gen/MDTst_pirTest/GEMM_12/log/runpsim.sh,../gen/MDTst_pirTest/GEMM_12/log/runproute.log,../gen/MDTst_pirTest/GEMM_12/log/runproute.sh,../gen/MDTst_pirTest/GEMM_12/plastisim/summary.csv,../gen/MDTst_pirTest/GEMM_12/pir/AccelMain.scala,../gen/MDTst_pirTest/GEMM_12/log/,../gen/MDTst_pirTest/GEMM_12/log/gentst.log,../gen/MDTst_pirTest/GEMM_12/log/maketst.log,../gen/MDTst_pirTest/GEMM_12/log/runtst.log,True,,,,,,,,,,,False,False,False,100,,,,,,,,False,,,,,,,,,,,,,,,,,,,,,37.478332068,,9920,,True,False,True,0.0,1.652,0.413,True
6f9fd826,2019-06-05 13:57:44,GEMM_13,pirTest,MDTst,1000000000.0,../gen/MDTst_pirTest/GEMM_13/log/mappir.log,../gen/MDTst_pirTest/GEMM_13/log/runpir.log,../gen/MDTst_pirTest/GEMM_13/log/genpsim.log,../gen/MDTst_pirTest/GEMM_13/log/gentrace.log,../gen/MDTst_pirTest/GEMM_13/log/runpsim.log,../gen/MDTst_pirTest/GEMM_13/log/runpsim.sh,../gen/MDTst_pirTest/GEMM_13/log/runproute.log,../gen/MDTst_pirTest/GEMM_13/log/runproute.sh,../gen/MDTst_pirTest/GEMM_13/plastisim/summary.csv,../gen/MDTst_pirTest/GEMM_13/pir/AccelMain.scala,../gen/MDTst_pirTest/GEMM_13/log/,../gen/MDTst_pirTest/GEMM_13/log/gentst.log,../gen/MDTst_pirTest/GEMM_13/log/maketst.log,../gen/MDTst_pirTest/GEMM_13/log/runtst.log,True,,,,,,,,,,,False,False,False,100,,,,,,,,False,,,,,,,,,,,,,,,,,,,,,55.901414633,,9131,,True,False,True,0.0,1.794,0.449,True
6f9fd826,2019-06-05 13:57:44,GEMM_14,pirTest,MDTst,1000000000.0,../gen/MDTst_pirTest/GEMM_14/log/mappir.log,../gen/MDTst_pirTest/GEMM_14/log/runpir.log,../gen/MDTst_pirTest/GEMM_14/log/genpsim.log,../gen/MDTst_pirTest/GEMM_14/log/gentrace.log,../gen/MDTst_pirTest/GEMM_14/log/runpsim.log,../gen/MDTst_pirTest/GEMM_14/log/runpsim.sh,../gen/MDTst_pirTest/GEMM_14/log/runproute.log,../gen/MDTst_pirTest/GEMM_14/log/runproute.sh,../gen/MDTst_pirTest/GEMM_14/plastisim/summary.csv,../gen/MDTst_pirTest/GEMM_14/pir/AccelMain.scala,../gen/MDTst_pirTest/GEMM_14/log/,../gen/MDTst_pirTest/GEMM_14/log/gentst.log,../gen/MDTst_pirTest/GEMM_14/log/maketst.log,../gen/MDTst_pirTest/GEMM_14/log/runtst.log,True,,,,,,,,,,,False,False,False,100,,,,,,,,False,,,,,,,,,,,,,,,,,,,,,64.173137821,,9392,,True,False,True,0.0,1.744,0.436,True
6f9fd826,2019-06-05 13:57:44,GEMM_15,pirTest,MDTst,1000000000.0,../gen/MDTst_pirTest/GEMM_15/log/mappir.log,../gen/MDTst_pirTest/GEMM_15/log/runpir.log,../gen/MDTst_pirTest/GEMM_15/log/genpsim.log,../gen/MDTst_pirTest/GEMM_15/log/gentrace.log,../gen/MDTst_pirTest/GEMM_15/log/runpsim.log,../gen/MDTst_pirTest/GEMM_15/log/runpsim.sh,../gen/MDTst_pirTest/GEMM_15/log/runproute.log,../gen/MDTst_pirTest/GEMM_15/log/runproute.sh,../gen/MDTst_pirTest/GEMM_15/plastisim/summary.csv,../gen/MDTst_pirTest/GEMM_15/pir/AccelMain.scala,../gen/MDTst_pirTest/GEMM_15/log/,../gen/MDTst_pirTest/GEMM_15/log/gentst.log,../gen/MDTst_pirTest/GEMM_15/log/maketst.log,../gen/MDTst_pirTest/GEMM_15/log/runtst.log,True,,,,,,,,,,,False,False,False,100,,,,,,,,False,,,,,,,,,,,,,,,,,,,,,70.958527826,,6197,,True,False,True,0.0,2.644,0.661,True
6f9fd826,2019-06-05 13:57:44,GEMM_16,pirTest,MDTst,1000000000.0,../gen/MDTst_pirTest/GEMM_16/log/mappir.log,../gen/MDTst_pirTest/GEMM_16/log/runpir.log,../gen/MDTst_pirTest/GEMM_16/log/genpsim.log,../gen/MDTst_pirTest/GEMM_16/log/gentrace.log,../gen/MDTst_pirTest/GEMM_16/log/runpsim.log,../gen/MDTst_pirTest/GEMM_16/log/runpsim.sh,../gen/MDTst_pirTest/GEMM_16/log/runproute.log,../gen/MDTst_pirTest/GEMM_16/log/runproute.sh,../gen/MDTst_pirTest/GEMM_16/plastisim/summary.csv,../gen/MDTst_pirTest/GEMM_16/pir/AccelMain.scala,../gen/MDTst_pirTest/GEMM_16/log/,../gen/MDTst_pirTest/GEMM_16/log/gentst.log,../gen/MDTst_pirTest/GEMM_16/log/maketst.log,../gen/MDTst_pirTest/GEMM_16/log/runtst.log,True,,,,,,,,,,,False,False,False,100,,,,,,,,False,,,,,,,,,,,,,,,,,,,,,83.03754434,,5040,,True,False,True,0.0,3.251,0.813,True
6f9fd826,2019-06-05 13:57:44,GEMM_17,pirTest,MDTst,1000000000.0,../gen/MDTst_pirTest/GEMM_17/log/mappir.log,../gen/MDTst_pirTest/GEMM_17/log/runpir.log,../gen/MDTst_pirTest/GEMM_17/log/genpsim.log,../gen/MDTst_pirTest/GEMM_17/log/gentrace.log,../gen/MDTst_pirTest/GEMM_17/log/runpsim.log,../gen/MDTst_pirTest/GEMM_17/log/runpsim.sh,../gen/MDTst_pirTest/GEMM_17/log/runproute.log,../gen/MDTst_pirTest/GEMM_17/log/runproute.sh,../gen/MDTst_pirTest/GEMM_17/plastisim/summary.csv,../gen/MDTst_pirTest/GEMM_17/pir/AccelMain.scala,../gen/MDTst_pirTest/GEMM_17/log/,../gen/MDTst_pirTest/GEMM_17/log/gentst.log,../gen/MDTst_pirTest/GEMM_17/log/maketst.log,../gen/MDTst_pirTest/GEMM_17/log/runtst.log,True,,,,,,,,,,,False,False,False,100,,,,,,,,False,,,,,,,,,,,,,,,,,,,,,68.934699124,,5934,,True,False,True,0.0,11.044,2.761,True
6f9fd826,2019-06-05 13:57:44,GEMM_18,pirTest,MDTst,1000000000.0,../gen/MDTst_pirTest/GEMM_18/log/mappir.log,../gen/MDTst_pirTest/GEMM_18/log/runpir.log,../gen/MDTst_pirTest/GEMM_18/log/genpsim.log,../gen/MDTst_pirTest/GEMM_18/log/gentrace.log,../gen/MDTst_pirTest/GEMM_18/log/runpsim.log,../gen/MDTst_pirTest/GEMM_18/log/runpsim.sh,../gen/MDTst_pirTest/GEMM_18/log/runproute.log,../gen/MDTst_pirTest/GEMM_18/log/runproute.sh,../gen/MDTst_pirTest/GEMM_18/plastisim/summary.csv,../gen/MDTst_pirTest/GEMM_18/pir/AccelMain.scala,../gen/MDTst_pirTest/GEMM_18/log/,../gen/MDTst_pirTest/GEMM_18/log/gentst.log,../gen/MDTst_pirTest/GEMM_18/log/maketst.log,../gen/MDTst_pirTest/GEMM_18/log/runtst.log,True,,,,,,,,,,,False,False,False,100,,,,,,,,False,,,,,,,,,,,,,,,,,,,,,84.348345862,,3203,,True,False,True,0.0,20.461,5.115,True
6f9fd826,2019-06-05 13:57:44,GEMM_2,pirTest,MDTst,1000000000.0,../gen/MDTst_pirTest/GEMM_2/log/mappir.log,../gen/MDTst_pirTest/GEMM_2/log/runpir.log,../gen/MDTst_pirTest/GEMM_2/log/genpsim.log,../gen/MDTst_pirTest/GEMM_2/log/gentrace.log,../gen/MDTst_pirTest/GEMM_2/log/runpsim.log,../gen/MDTst_pirTest/GEMM_2/log/runpsim.sh,../gen/MDTst_pirTest/GEMM_2/log/runproute.log,../gen/MDTst_pirTest/GEMM_2/log/runproute.sh,../gen/MDTst_pirTest/GEMM_2/plastisim/summary.csv,../gen/MDTst_pirTest/GEMM_2/pir/AccelMain.scala,../gen/MDTst_pirTest/GEMM_2/log/,../gen/MDTst_pirTest/GEMM_2/log/gentst.log,../gen/MDTst_pirTest/GEMM_2/log/maketst.log,../gen/MDTst_pirTest/GEMM_2/log/runtst.log,True,,,,,,,,,,,False,False,False,100,,,,,,,,False,,,,,,,,,,,,,,,,,,,,,29.28332135,,67105,,True,False,True,0.0,3.906,0.977,True
6f9fd826,2019-06-05 13:57:44,GEMM_3,pirTest,MDTst,1000000000.0,../gen/MDTst_pirTest/GEMM_3/log/mappir.log,../gen/MDTst_pirTest/GEMM_3/log/runpir.log,../gen/MDTst_pirTest/GEMM_3/log/genpsim.log,../gen/MDTst_pirTest/GEMM_3/log/gentrace.log,../gen/MDTst_pirTest/GEMM_3/log/runpsim.log,../gen/MDTst_pirTest/GEMM_3/log/runpsim.sh,../gen/MDTst_pirTest/GEMM_3/log/runproute.log,../gen/MDTst_pirTest/GEMM_3/log/runproute.sh,../gen/MDTst_pirTest/GEMM_3/plastisim/summary.csv,../gen/MDTst_pirTest/GEMM_3/pir/AccelMain.scala,../gen/MDTst_pirTest/GEMM_3/log/,../gen/MDTst_pirTest/GEMM_3/log/gentst.log,../gen/MDTst_pirTest/GEMM_3/log/maketst.log,../gen/MDTst_pirTest/GEMM_3/log/runtst.log,True,,,,,,,,,,,False,False,False,100,,,,,,,,False,,,,,,,,,,,,,,,,,,,,,27.406720501,,69878,,True,False,True,0.0,3.751,0.938,True
6f9fd826,2019-06-05 13:57:44,GEMM_4,pirTest,MDTst,1000000000.0,../gen/MDTst_pirTest/GEMM_4/log/mappir.log,../gen/MDTst_pirTest/GEMM_4/log/runpir.log,../gen/MDTst_pirTest/GEMM_4/log/genpsim.log,../gen/MDTst_pirTest/GEMM_4/log/gentrace.log,../gen/MDTst_pirTest/GEMM_4/log/runpsim.log,../gen/MDTst_pirTest/GEMM_4/log/runpsim.sh,../gen/MDTst_pirTest/GEMM_4/log/runproute.log,../gen/MDTst_pirTest/GEMM_4/log/runproute.sh,../gen/MDTst_pirTest/GEMM_4/plastisim/summary.csv,../gen/MDTst_pirTest/GEMM_4/pir/AccelMain.scala,../gen/MDTst_pirTest/GEMM_4/log/,../gen/MDTst_pirTest/GEMM_4/log/gentst.log,../gen/MDTst_pirTest/GEMM_4/log/maketst.log,../gen/MDTst_pirTest/GEMM_4/log/runtst.log,True,,,,,,,,,,,False,False,False,100,,,,,,,,False,,,,,,,,,,,,,,,,,,,,,27.19834973,,75337,,True,False,True,0.0,3.48,0.87,True
6f9fd826,2019-06-05 13:57:44,GEMM_6,pirTest,MDTst,1000000000.0,../gen/MDTst_pirTest/GEMM_6/log/mappir.log,../gen/MDTst_pirTest/GEMM_6/log/runpir.log,../gen/MDTst_pirTest/GEMM_6/log/genpsim.log,../gen/MDTst_pirTest/GEMM_6/log/gentrace.log,../gen/MDTst_pirTest/GEMM_6/log/runpsim.log,../gen/MDTst_pirTest/GEMM_6/log/runpsim.sh,../gen/MDTst_pirTest/GEMM_6/log/runproute.log,../gen/MDTst_pirTest/GEMM_6/log/runproute.sh,../gen/MDTst_pirTest/GEMM_6/plastisim/summary.csv,../gen/MDTst_pirTest/GEMM_6/pir/AccelMain.scala,../gen/MDTst_pirTest/GEMM_6/log/,../gen/MDTst_pirTest/GEMM_6/log/gentst.log,../gen/MDTst_pirTest/GEMM_6/log/maketst.log,../gen/MDTst_pirTest/GEMM_6/log/runtst.log,True,,,,,,,,,,,False,False,False,100,,,,,,,,False,,,,,,,,,,,,,,,,,,,,,79.8362287,,40785,,True,False,True,0.0,6.427,1.607,True
6f9fd826,2019-06-05 13:57:44,GEMM_7,pirTest,MDTst,1000000000.0,../gen/MDTst_pirTest/GEMM_7/log/mappir.log,../gen/MDTst_pirTest/GEMM_7/log/runpir.log,../gen/MDTst_pirTest/GEMM_7/log/genpsim.log,../gen/MDTst_pirTest/GEMM_7/log/gentrace.log,../gen/MDTst_pirTest/GEMM_7/log/runpsim.log,../gen/MDTst_pirTest/GEMM_7/log/runpsim.sh,../gen/MDTst_pirTest/GEMM_7/log/runproute.log,../gen/MDTst_pirTest/GEMM_7/log/runproute.sh,../gen/MDTst_pirTest/GEMM_7/plastisim/summary.csv,../gen/MDTst_pirTest/GEMM_7/pir/AccelMain.scala,../gen/MDTst_pirTest/GEMM_7/log/,../gen/MDTst_pirTest/GEMM_7/log/gentst.log,../gen/MDTst_pirTest/GEMM_7/log/maketst.log,../gen/MDTst_pirTest/GEMM_7/log/runtst.log,True,,,,,,,,,,,False,False,False,100,,,,,,,,False,,,,,,,,,,,,,,,,,,,,,26.861568636,,17338,,True,False,True,0.0,0.945,0.236,True
6f9fd826,2019-06-05 13:57:44,GEMM_8,pirTest,MDTst,1000000000.0,../gen/MDTst_pirTest/GEMM_8/log/mappir.log,../gen/MDTst_pirTest/GEMM_8/log/runpir.log,../gen/MDTst_pirTest/GEMM_8/log/genpsim.log,../gen/MDTst_pirTest/GEMM_8/log/gentrace.log,../gen/MDTst_pirTest/GEMM_8/log/runpsim.log,../gen/MDTst_pirTest/GEMM_8/log/runpsim.sh,../gen/MDTst_pirTest/GEMM_8/log/runproute.log,../gen/MDTst_pirTest/GEMM_8/log/runproute.sh,../gen/MDTst_pirTest/GEMM_8/plastisim/summary.csv,../gen/MDTst_pirTest/GEMM_8/pir/AccelMain.scala,../gen/MDTst_pirTest/GEMM_8/log/,../gen/MDTst_pirTest/GEMM_8/log/gentst.log,../gen/MDTst_pirTest/GEMM_8/log/maketst.log,../gen/MDTst_pirTest/GEMM_8/log/runtst.log,True,,,,,,,,,,,False,False,False,100,,,,,,,,False,,,,,,,,,,,,,,,,,,,,,24.062727711,,2368,,True,False,True,0.0,6.919,1.73,True
6f9fd826,2019-06-05 13:57:44,GEMM_9,pirTest,MDTst,1000000000.0,../gen/MDTst_pirTest/GEMM_9/log/mappir.log,../gen/MDTst_pirTest/GEMM_9/log/runpir.log,../gen/MDTst_pirTest/GEMM_9/log/genpsim.log,../gen/MDTst_pirTest/GEMM_9/log/gentrace.log,../gen/MDTst_pirTest/GEMM_9/log/runpsim.log,../gen/MDTst_pirTest/GEMM_9/log/runpsim.sh,../gen/MDTst_pirTest/GEMM_9/log/runproute.log,../gen/MDTst_pirTest/GEMM_9/log/runproute.sh,../gen/MDTst_pirTest/GEMM_9/plastisim/summary.csv,../gen/MDTst_pirTest/GEMM_9/pir/AccelMain.scala,../gen/MDTst_pirTest/GEMM_9/log/,../gen/MDTst_pirTest/GEMM_9/log/gentst.log,../gen/MDTst_pirTest/GEMM_9/log/maketst.log,../gen/MDTst_pirTest/GEMM_9/log/runtst.log,True,,,,,,,,,,,False,False,False,100,,,,,,,,False,,,,,,,,,,,,,,,,,,,,,27.975154148,,8894,,True,False,True,0.0,7.369,1.842,True
6f9fd826,2019-06-05 13:57:44,GRU_0,pirTest,MDTst,1000000000.0,../gen/MDTst_pirTest/GRU_0/log/mappir.log,../gen/MDTst_pirTest/GRU_0/log/runpir.log,../gen/MDTst_pirTest/GRU_0/log/genpsim.log,../gen/MDTst_pirTest/GRU_0/log/gentrace.log,../gen/MDTst_pirTest/GRU_0/log/runpsim.log,../gen/MDTst_pirTest/GRU_0/log/runpsim.sh,../gen/MDTst_pirTest/GRU_0/log/runproute.log,../gen/MDTst_pirTest/GRU_0/log/runproute.sh,../gen/MDTst_pirTest/GRU_0/plastisim/summary.csv,../gen/MDTst_pirTest/GRU_0/pir/AccelMain.scala,../gen/MDTst_pirTest/GRU_0/log/,../gen/MDTst_pirTest/GRU_0/log/gentst.log,../gen/MDTst_pirTest/GRU_0/log/maketst.log,../gen/MDTst_pirTest/GRU_0/log/runtst.log,False,,,,,,,,,,,False,False,False,100,,,,,,,,False,,,,,,,,,,,,,,,,,,,,,,,,,,False,False,,,,False
6f9fd826,2019-06-05 13:57:44,GRU_1,pirTest,MDTst,1000000000.0,../gen/MDTst_pirTest/GRU_1/log/mappir.log,../gen/MDTst_pirTest/GRU_1/log/runpir.log,../gen/MDTst_pirTest/GRU_1/log/genpsim.log,../gen/MDTst_pirTest/GRU_1/log/gentrace.log,../gen/MDTst_pirTest/GRU_1/log/runpsim.log,../gen/MDTst_pirTest/GRU_1/log/runpsim.sh,../gen/MDTst_pirTest/GRU_1/log/runproute.log,../gen/MDTst_pirTest/GRU_1/log/runproute.sh,../gen/MDTst_pirTest/GRU_1/plastisim/summary.csv,../gen/MDTst_pirTest/GRU_1/pir/AccelMain.scala,../gen/MDTst_pirTest/GRU_1/log/,../gen/MDTst_pirTest/GRU_1/log/gentst.log,../gen/MDTst_pirTest/GRU_1/log/maketst.log,../gen/MDTst_pirTest/GRU_1/log/runtst.log,False,,,,,,,,,,,False,False,False,100,,,,,,,,False,,,,,,,,,,,,,,,,,,,,,,,,,,False,False,,,,False
6f9fd826,2019-06-05 13:57:44,Kmeans_0,pirTest,MDTst,1000000000.0,../gen/MDTst_pirTest/Kmeans_0/log/mappir.log,../gen/MDTst_pirTest/Kmeans_0/log/runpir.log,../gen/MDTst_pirTest/Kmeans_0/log/genpsim.log,../gen/MDTst_pirTest/Kmeans_0/log/gentrace.log,../gen/MDTst_pirTest/Kmeans_0/log/runpsim.log,../gen/MDTst_pirTest/Kmeans_0/log/runpsim.sh,../gen/MDTst_pirTest/Kmeans_0/log/runproute.log,../gen/MDTst_pirTest/Kmeans_0/log/runproute.sh,../gen/MDTst_pirTest/Kmeans_0/plastisim/summary.csv,../gen/MDTst_pirTest/Kmeans_0/pir/AccelMain.scala,../gen/MDTst_pirTest/Kmeans_0/log/,../gen/MDTst_pirTest/Kmeans_0/log/gentst.log,../gen/MDTst_pirTest/Kmeans_0/log/maketst.log,../gen/MDTst_pirTest/Kmeans_0/log/runtst.log,True,,,,,,,,,,,False,False,False,100,,,,,,,,False,,,,,,,,,,,,,,,,,,,,,30.392491059,,571298,,True,False,True,1.984,0.946,0.029,True
6f9fd826,2019-06-05 13:57:44,Kmeans_1,pirTest,MDTst,1000000000.0,../gen/MDTst_pirTest/Kmeans_1/log/mappir.log,../gen/MDTst_pirTest/Kmeans_1/log/runpir.log,../gen/MDTst_pirTest/Kmeans_1/log/genpsim.log,../gen/MDTst_pirTest/Kmeans_1/log/gentrace.log,../gen/MDTst_pirTest/Kmeans_1/log/runpsim.log,../gen/MDTst_pirTest/Kmeans_1/log/runpsim.sh,../gen/MDTst_pirTest/Kmeans_1/log/runproute.log,../gen/MDTst_pirTest/Kmeans_1/log/runproute.sh,../gen/MDTst_pirTest/Kmeans_1/plastisim/summary.csv,../gen/MDTst_pirTest/Kmeans_1/pir/AccelMain.scala,../gen/MDTst_pirTest/Kmeans_1/log/,../gen/MDTst_pirTest/Kmeans_1/log/gentst.log,../gen/MDTst_pirTest/Kmeans_1/log/maketst.log,../gen/MDTst_pirTest/Kmeans_1/log/runtst.log,True,,,,,,,,,,,False,False,False,100,,,,,,,,False,,,,,,,,,,,,,,,,,,,,,32.324296762,,8484303,,True,False,True,1.541,0.064,0.002,True
6f9fd826,2019-06-05 13:57:44,Kmeans_2,pirTest,MDTst,1000000000.0,../gen/MDTst_pirTest/Kmeans_2/log/mappir.log,../gen/MDTst_pirTest/Kmeans_2/log/runpir.log,../gen/MDTst_pirTest/Kmeans_2/log/genpsim.log,../gen/MDTst_pirTest/Kmeans_2/log/gentrace.log,../gen/MDTst_pirTest/Kmeans_2/log/runpsim.log,../gen/MDTst_pirTest/Kmeans_2/log/runpsim.sh,../gen/MDTst_pirTest/Kmeans_2/log/runproute.log,../gen/MDTst_pirTest/Kmeans_2/log/runproute.sh,../gen/MDTst_pirTest/Kmeans_2/plastisim/summary.csv,../gen/MDTst_pirTest/Kmeans_2/pir/AccelMain.scala,../gen/MDTst_pirTest/Kmeans_2/log/,../gen/MDTst_pirTest/Kmeans_2/log/gentst.log,../gen/MDTst_pirTest/Kmeans_2/log/maketst.log,../gen/MDTst_pirTest/Kmeans_2/log/runtst.log,True,,,,,,,,,,,False,False,False,100,,,,,,,,False,,,,,,,,,,,,,,,,,,,,,55.157489817,,594506,,True,False,True,1.873,0.909,0.028,True
6f9fd826,2019-06-05 13:57:44,Kmeans_3,pirTest,MDTst,1000000000.0,../gen/MDTst_pirTest/Kmeans_3/log/mappir.log,../gen/MDTst_pirTest/Kmeans_3/log/runpir.log,../gen/MDTst_pirTest/Kmeans_3/log/genpsim.log,../gen/MDTst_pirTest/Kmeans_3/log/gentrace.log,../gen/MDTst_pirTest/Kmeans_3/log/runpsim.log,../gen/MDTst_pirTest/Kmeans_3/log/runpsim.sh,../gen/MDTst_pirTest/Kmeans_3/log/runproute.log,../gen/MDTst_pirTest/Kmeans_3/log/runproute.sh,../gen/MDTst_pirTest/Kmeans_3/plastisim/summary.csv,../gen/MDTst_pirTest/Kmeans_3/pir/AccelMain.scala,../gen/MDTst_pirTest/Kmeans_3/log/,../gen/MDTst_pirTest/Kmeans_3/log/gentst.log,../gen/MDTst_pirTest/Kmeans_3/log/maketst.log,../gen/MDTst_pirTest/Kmeans_3/log/runtst.log,True,,,,,,,,,,,False,False,False,100,,,,,,,,False,,,,,,,,,,,,,,,,,,,,,43.807812847,,594338,,True,False,True,1.871,0.91,0.028,True
6f9fd826,2019-06-05 13:57:44,Kmeans_4,pirTest,MDTst,1000000000.0,../gen/MDTst_pirTest/Kmeans_4/log/mappir.log,../gen/MDTst_pirTest/Kmeans_4/log/runpir.log,../gen/MDTst_pirTest/Kmeans_4/log/genpsim.log,../gen/MDTst_pirTest/Kmeans_4/log/gentrace.log,../gen/MDTst_pirTest/Kmeans_4/log/runpsim.log,../gen/MDTst_pirTest/Kmeans_4/log/runpsim.sh,../gen/MDTst_pirTest/Kmeans_4/log/runproute.log,../gen/MDTst_pirTest/Kmeans_4/log/runproute.sh,../gen/MDTst_pirTest/Kmeans_4/plastisim/summary.csv,../gen/MDTst_pirTest/Kmeans_4/pir/AccelMain.scala,../gen/MDTst_pirTest/Kmeans_4/log/,../gen/MDTst_pirTest/Kmeans_4/log/gentst.log,../gen/MDTst_pirTest/Kmeans_4/log/maketst.log,../gen/MDTst_pirTest/Kmeans_4/log/runtst.log,True,,,,,,,,,,,False,False,False,100,,,,,,,,False,,,,,,,,,,,,,,,,,,,,,43.175842137,,726091,,True,False,True,1.781,0.745,0.023,True
6f9fd826,2019-06-05 13:57:44,Kmeans_5,pirTest,MDTst,1000000000.0,../gen/MDTst_pirTest/Kmeans_5/log/mappir.log,../gen/MDTst_pirTest/Kmeans_5/log/runpir.log,../gen/MDTst_pirTest/Kmeans_5/log/genpsim.log,../gen/MDTst_pirTest/Kmeans_5/log/gentrace.log,../gen/MDTst_pirTest/Kmeans_5/log/runpsim.log,../gen/MDTst_pirTest/Kmeans_5/log/runpsim.sh,../gen/MDTst_pirTest/Kmeans_5/log/runproute.log,../gen/MDTst_pirTest/Kmeans_5/log/runproute.sh,../gen/MDTst_pirTest/Kmeans_5/plastisim/summary.csv,../gen/MDTst_pirTest/Kmeans_5/pir/AccelMain.scala,../gen/MDTst_pirTest/Kmeans_5/log/,../gen/MDTst_pirTest/Kmeans_5/log/gentst.log,../gen/MDTst_pirTest/Kmeans_5/log/maketst.log,../gen/MDTst_pirTest/Kmeans_5/log/runtst.log,True,,,,,,,,,,,False,False,False,100,,,,,,,,False,,,,,,,,,,,,,,,,,,,,,83.993523649,,594501,,True,False,True,1.873,0.909,0.028,True
6f9fd826,2019-06-05 13:57:44,Kmeans_6,pirTest,MDTst,1000000000.0,../gen/MDTst_pirTest/Kmeans_6/log/mappir.log,../gen/MDTst_pirTest/Kmeans_6/log/runpir.log,../gen/MDTst_pirTest/Kmeans_6/log/genpsim.log,../gen/MDTst_pirTest/Kmeans_6/log/gentrace.log,../gen/MDTst_pirTest/Kmeans_6/log/runpsim.log,../gen/MDTst_pirTest/Kmeans_6/log/runpsim.sh,../gen/MDTst_pirTest/Kmeans_6/log/runproute.log,../gen/MDTst_pirTest/Kmeans_6/log/runproute.sh,../gen/MDTst_pirTest/Kmeans_6/plastisim/summary.csv,../gen/MDTst_pirTest/Kmeans_6/pir/AccelMain.scala,../gen/MDTst_pirTest/Kmeans_6/log/,../gen/MDTst_pirTest/Kmeans_6/log/gentst.log,../gen/MDTst_pirTest/Kmeans_6/log/maketst.log,../gen/MDTst_pirTest/Kmeans_6/log/runtst.log,True,,,,,,,,,,,False,False,False,100,,,,,,,,False,,,,,,,,,,,,,,,,,,,,,65.739732944,,594718,,True,False,True,1.87,0.909,0.028,True
6f9fd826,2019-06-05 13:57:44,Kmeans_7,pirTest,MDTst,1000000000.0,../gen/MDTst_pirTest/Kmeans_7/log/mappir.log,../gen/MDTst_pirTest/Kmeans_7/log/runpir.log,../gen/MDTst_pirTest/Kmeans_7/log/genpsim.log,../gen/MDTst_pirTest/Kmeans_7/log/gentrace.log,../gen/MDTst_pirTest/Kmeans_7/log/runpsim.log,../gen/MDTst_pirTest/Kmeans_7/log/runpsim.sh,../gen/MDTst_pirTest/Kmeans_7/log/runproute.log,../gen/MDTst_pirTest/Kmeans_7/log/runproute.sh,../gen/MDTst_pirTest/Kmeans_7/plastisim/summary.csv,../gen/MDTst_pirTest/Kmeans_7/pir/AccelMain.scala,../gen/MDTst_pirTest/Kmeans_7/log/,../gen/MDTst_pirTest/Kmeans_7/log/gentst.log,../gen/MDTst_pirTest/Kmeans_7/log/maketst.log,../gen/MDTst_pirTest/Kmeans_7/log/runtst.log,True,,,,,,,,,,,False,False,False,100,,,,,,,,False,,,,,,,,,,,,,,,,,,,,,82.695862812,,595492,,True,False,True,1.87,0.908,0.028,True
6f9fd826,2019-06-05 13:57:44,Kmeans_8,pirTest,MDTst,1000000000.0,../gen/MDTst_pirTest/Kmeans_8/log/mappir.log,../gen/MDTst_pirTest/Kmeans_8/log/runpir.log,../gen/MDTst_pirTest/Kmeans_8/log/genpsim.log,../gen/MDTst_pirTest/Kmeans_8/log/gentrace.log,../gen/MDTst_pirTest/Kmeans_8/log/runpsim.log,../gen/MDTst_pirTest/Kmeans_8/log/runpsim.sh,../gen/MDTst_pirTest/Kmeans_8/log/runproute.log,../gen/MDTst_pirTest/Kmeans_8/log/runproute.sh,../gen/MDTst_pirTest/Kmeans_8/plastisim/summary.csv,../gen/MDTst_pirTest/Kmeans_8/pir/AccelMain.scala,../gen/MDTst_pirTest/Kmeans_8/log/,../gen/MDTst_pirTest/Kmeans_8/log/gentst.log,../gen/MDTst_pirTest/Kmeans_8/log/maketst.log,../gen/MDTst_pirTest/Kmeans_8/log/runtst.log,True,,,,,,,,,,,False,False,False,100,,,,,,,,False,,,,,,,,,,,,,,,,,,,,,98.854093735,,595083,,True,False,True,1.871,0.909,0.028,True
6f9fd826,2019-06-05 13:57:44,LSTM_0,pirTest,MDTst,1000000000.0,../gen/MDTst_pirTest/LSTM_0/log/mappir.log,../gen/MDTst_pirTest/LSTM_0/log/runpir.log,../gen/MDTst_pirTest/LSTM_0/log/genpsim.log,../gen/MDTst_pirTest/LSTM_0/log/gentrace.log,../gen/MDTst_pirTest/LSTM_0/log/runpsim.log,../gen/MDTst_pirTest/LSTM_0/log/runpsim.sh,../gen/MDTst_pirTest/LSTM_0/log/runproute.log,../gen/MDTst_pirTest/LSTM_0/log/runproute.sh,../gen/MDTst_pirTest/LSTM_0/plastisim/summary.csv,../gen/MDTst_pirTest/LSTM_0/pir/AccelMain.scala,../gen/MDTst_pirTest/LSTM_0/log/,../gen/MDTst_pirTest/LSTM_0/log/gentst.log,../gen/MDTst_pirTest/LSTM_0/log/maketst.log,../gen/MDTst_pirTest/LSTM_0/log/runtst.log,False,[error] //TODO: Plasticine does not support unbanked unrolled access at the moment. ,,,,,,,,,,False,False,False,100,,,,,,,,False,,,,,,,,,,,,,,,,,,,,,,,,,,False,False,,,,False
6f9fd826,2019-06-05 13:57:44,LSTM_1,pirTest,MDTst,1000000000.0,../gen/MDTst_pirTest/LSTM_1/log/mappir.log,../gen/MDTst_pirTest/LSTM_1/log/runpir.log,../gen/MDTst_pirTest/LSTM_1/log/genpsim.log,../gen/MDTst_pirTest/LSTM_1/log/gentrace.log,../gen/MDTst_pirTest/LSTM_1/log/runpsim.log,../gen/MDTst_pirTest/LSTM_1/log/runpsim.sh,../gen/MDTst_pirTest/LSTM_1/log/runproute.log,../gen/MDTst_pirTest/LSTM_1/log/runproute.sh,../gen/MDTst_pirTest/LSTM_1/plastisim/summary.csv,../gen/MDTst_pirTest/LSTM_1/pir/AccelMain.scala,../gen/MDTst_pirTest/LSTM_1/log/,../gen/MDTst_pirTest/LSTM_1/log/gentst.log,../gen/MDTst_pirTest/LSTM_1/log/maketst.log,../gen/MDTst_pirTest/LSTM_1/log/runtst.log,False,[error] //TODO: Plasticine does not support unbanked unrolled access at the moment. ,,,,,,,,,,False,False,False,100,,,,,,,,False,,,,,,,,,,,,,,,,,,,,,,,,,,False,False,,,,False
6f9fd826,2019-06-05 13:57:44,LUTTest_0,pirTest,MDTst,1000000000.0,../gen/MDTst_pirTest/LUTTest_0/log/mappir.log,../gen/MDTst_pirTest/LUTTest_0/log/runpir.log,../gen/MDTst_pirTest/LUTTest_0/log/genpsim.log,../gen/MDTst_pirTest/LUTTest_0/log/gentrace.log,../gen/MDTst_pirTest/LUTTest_0/log/runpsim.log,../gen/MDTst_pirTest/LUTTest_0/log/runpsim.sh,../gen/MDTst_pirTest/LUTTest_0/log/runproute.log,../gen/MDTst_pirTest/LUTTest_0/log/runproute.sh,../gen/MDTst_pirTest/LUTTest_0/plastisim/summary.csv,../gen/MDTst_pirTest/LUTTest_0/pir/AccelMain.scala,../gen/MDTst_pirTest/LUTTest_0/log/,../gen/MDTst_pirTest/LUTTest_0/log/gentst.log,../gen/MDTst_pirTest/LUTTest_0/log/maketst.log,../gen/MDTst_pirTest/LUTTest_0/log/runtst.log,True,,,,,,,,,,,False,False,False,100,,,,,,,,False,,,,,,,,,,,,,,,,,,,,,5.894912769,,53,,True,False,True,0.0,0.0,0.0,True
6f9fd826,2019-06-05 13:57:44,LUTTest_1,pirTest,MDTst,1000000000.0,../gen/MDTst_pirTest/LUTTest_1/log/mappir.log,../gen/MDTst_pirTest/LUTTest_1/log/runpir.log,../gen/MDTst_pirTest/LUTTest_1/log/genpsim.log,../gen/MDTst_pirTest/LUTTest_1/log/gentrace.log,../gen/MDTst_pirTest/LUTTest_1/log/runpsim.log,../gen/MDTst_pirTest/LUTTest_1/log/runpsim.sh,../gen/MDTst_pirTest/LUTTest_1/log/runproute.log,../gen/MDTst_pirTest/LUTTest_1/log/runproute.sh,../gen/MDTst_pirTest/LUTTest_1/plastisim/summary.csv,../gen/MDTst_pirTest/LUTTest_1/pir/AccelMain.scala,../gen/MDTst_pirTest/LUTTest_1/log/,../gen/MDTst_pirTest/LUTTest_1/log/gentst.log,../gen/MDTst_pirTest/LUTTest_1/log/maketst.log,../gen/MDTst_pirTest/LUTTest_1/log/runtst.log,True,,,,,,,,,,,False,False,False,100,,,,,,,,False,,,,,,,,,,,,,,,,,,,,,7.121965898,,158,,True,False,True,0.0,0.0,0.0,True
6f9fd826,2019-06-05 13:57:44,LUTTest_2,pirTest,MDTst,1000000000.0,../gen/MDTst_pirTest/LUTTest_2/log/mappir.log,../gen/MDTst_pirTest/LUTTest_2/log/runpir.log,../gen/MDTst_pirTest/LUTTest_2/log/genpsim.log,../gen/MDTst_pirTest/LUTTest_2/log/gentrace.log,../gen/MDTst_pirTest/LUTTest_2/log/runpsim.log,../gen/MDTst_pirTest/LUTTest_2/log/runpsim.sh,../gen/MDTst_pirTest/LUTTest_2/log/runproute.log,../gen/MDTst_pirTest/LUTTest_2/log/runproute.sh,../gen/MDTst_pirTest/LUTTest_2/plastisim/summary.csv,../gen/MDTst_pirTest/LUTTest_2/pir/AccelMain.scala,../gen/MDTst_pirTest/LUTTest_2/log/,../gen/MDTst_pirTest/LUTTest_2/log/gentst.log,../gen/MDTst_pirTest/LUTTest_2/log/maketst.log,../gen/MDTst_pirTest/LUTTest_2/log/runtst.log,True,,,,,,,,,,,False,False,False,100,,,,,,,,False,,,,,,,,,,,,,,,,,,,,,8.296213867,,101,,True,False,True,0.0,0.0,0.0,True
6f9fd826,2019-06-05 13:57:44,LUTTest_3,pirTest,MDTst,1000000000.0,../gen/MDTst_pirTest/LUTTest_3/log/mappir.log,../gen/MDTst_pirTest/LUTTest_3/log/runpir.log,../gen/MDTst_pirTest/LUTTest_3/log/genpsim.log,../gen/MDTst_pirTest/LUTTest_3/log/gentrace.log,../gen/MDTst_pirTest/LUTTest_3/log/runpsim.log,../gen/MDTst_pirTest/LUTTest_3/log/runpsim.sh,../gen/MDTst_pirTest/LUTTest_3/log/runproute.log,../gen/MDTst_pirTest/LUTTest_3/log/runproute.sh,../gen/MDTst_pirTest/LUTTest_3/plastisim/summary.csv,../gen/MDTst_pirTest/LUTTest_3/pir/AccelMain.scala,../gen/MDTst_pirTest/LUTTest_3/log/,../gen/MDTst_pirTest/LUTTest_3/log/gentst.log,../gen/MDTst_pirTest/LUTTest_3/log/maketst.log,../gen/MDTst_pirTest/LUTTest_3/log/runtst.log,True,,,,,,,,,,,False,False,False,100,,,,,,,,False,,,,,,,,,,,,,,,,,,,,,9.977497779,,46,,True,False,True,0.0,0.0,0.0,True
6f9fd826,2019-06-05 13:57:44,LUTTest_4,pirTest,MDTst,1000000000.0,../gen/MDTst_pirTest/LUTTest_4/log/mappir.log,../gen/MDTst_pirTest/LUTTest_4/log/runpir.log,../gen/MDTst_pirTest/LUTTest_4/log/genpsim.log,../gen/MDTst_pirTest/LUTTest_4/log/gentrace.log,../gen/MDTst_pirTest/LUTTest_4/log/runpsim.log,../gen/MDTst_pirTest/LUTTest_4/log/runpsim.sh,../gen/MDTst_pirTest/LUTTest_4/log/runproute.log,../gen/MDTst_pirTest/LUTTest_4/log/runproute.sh,../gen/MDTst_pirTest/LUTTest_4/plastisim/summary.csv,../gen/MDTst_pirTest/LUTTest_4/pir/AccelMain.scala,../gen/MDTst_pirTest/LUTTest_4/log/,../gen/MDTst_pirTest/LUTTest_4/log/gentst.log,../gen/MDTst_pirTest/LUTTest_4/log/maketst.log,../gen/MDTst_pirTest/LUTTest_4/log/runtst.log,True,,,,,,,,,,,False,False,False,100,,,,,,,,False,,,,,,,,,,,,,,,,,,,,,4.554776654,,19,,True,False,True,0.0,0.0,0.0,True
6f9fd826,2019-06-05 13:57:44,LeNet_0,pirTest,MDTst,1000000000.0,../gen/MDTst_pirTest/LeNet_0/log/mappir.log,../gen/MDTst_pirTest/LeNet_0/log/runpir.log,../gen/MDTst_pirTest/LeNet_0/log/genpsim.log,../gen/MDTst_pirTest/LeNet_0/log/gentrace.log,../gen/MDTst_pirTest/LeNet_0/log/runpsim.log,../gen/MDTst_pirTest/LeNet_0/log/runpsim.sh,../gen/MDTst_pirTest/LeNet_0/log/runproute.log,../gen/MDTst_pirTest/LeNet_0/log/runproute.sh,../gen/MDTst_pirTest/LeNet_0/plastisim/summary.csv,../gen/MDTst_pirTest/LeNet_0/pir/AccelMain.scala,../gen/MDTst_pirTest/LeNet_0/log/,../gen/MDTst_pirTest/LeNet_0/log/gentst.log,../gen/MDTst_pirTest/LeNet_0/log/maketst.log,../gen/MDTst_pirTest/LeNet_0/log/runtst.log,True,,,,,,,,,,,False,False,False,100,,,,,,,,False,,,,,,,,,,,,,,,,,,,,,64.31031473,,,"tungsten: src/main.cc:24: int main(int, char**): Assertion `x739_file.good() && ""File Const(/home/shadjis/spatial/DEVELOP_spatial-lang/csv_LeNetDNNW/data_in2.csv) does not exist""' failed.
",,False,False,,,,False
6f9fd826,2019-06-05 13:57:44,LeNet_4,pirTest,MDTst,1000000000.0,../gen/MDTst_pirTest/LeNet_4/log/mappir.log,../gen/MDTst_pirTest/LeNet_4/log/runpir.log,../gen/MDTst_pirTest/LeNet_4/log/genpsim.log,../gen/MDTst_pirTest/LeNet_4/log/gentrace.log,../gen/MDTst_pirTest/LeNet_4/log/runpsim.log,../gen/MDTst_pirTest/LeNet_4/log/runpsim.sh,../gen/MDTst_pirTest/LeNet_4/log/runproute.log,../gen/MDTst_pirTest/LeNet_4/log/runproute.sh,../gen/MDTst_pirTest/LeNet_4/plastisim/summary.csv,../gen/MDTst_pirTest/LeNet_4/pir/AccelMain.scala,../gen/MDTst_pirTest/LeNet_4/log/,../gen/MDTst_pirTest/LeNet_4/log/gentst.log,../gen/MDTst_pirTest/LeNet_4/log/maketst.log,../gen/MDTst_pirTest/LeNet_4/log/runtst.log,True,,,,,,,,,,,False,False,False,100,,,,,,,,False,,,,,,,,,,,,,,,,,,,,,117.212714136,,,"tungsten: src/main.cc:24: int main(int, char**): Assertion `x739_file.good() && ""File Const(/home/shadjis/spatial/DEVELOP_spatial-lang/csv_LeNetDNNW/data_in2.csv) does not exist""' failed.
",,False,False,,,,False
6f9fd826,2019-06-05 13:57:44,LogReg_0,pirTest,MDTst,1000000000.0,../gen/MDTst_pirTest/LogReg_0/log/mappir.log,../gen/MDTst_pirTest/LogReg_0/log/runpir.log,../gen/MDTst_pirTest/LogReg_0/log/genpsim.log,../gen/MDTst_pirTest/LogReg_0/log/gentrace.log,../gen/MDTst_pirTest/LogReg_0/log/runpsim.log,../gen/MDTst_pirTest/LogReg_0/log/runpsim.sh,../gen/MDTst_pirTest/LogReg_0/log/runproute.log,../gen/MDTst_pirTest/LogReg_0/log/runproute.sh,../gen/MDTst_pirTest/LogReg_0/plastisim/summary.csv,../gen/MDTst_pirTest/LogReg_0/pir/AccelMain.scala,../gen/MDTst_pirTest/LogReg_0/log/,../gen/MDTst_pirTest/LogReg_0/log/gentst.log,../gen/MDTst_pirTest/LogReg_0/log/maketst.log,../gen/MDTst_pirTest/LogReg_0/log/runtst.log,True,,,,,,,,,,,False,False,False,100,,,,,,,,False,,,,,,,,,,,,,,,,,,,,,27.28064141,,12247,,True,False,True,0.0,5.529,0.01,True
6f9fd826,2019-06-05 13:57:44,LogReg_1,pirTest,MDTst,1000000000.0,../gen/MDTst_pirTest/LogReg_1/log/mappir.log,../gen/MDTst_pirTest/LogReg_1/log/runpir.log,../gen/MDTst_pirTest/LogReg_1/log/genpsim.log,../gen/MDTst_pirTest/LogReg_1/log/gentrace.log,../gen/MDTst_pirTest/LogReg_1/log/runpsim.log,../gen/MDTst_pirTest/LogReg_1/log/runpsim.sh,../gen/MDTst_pirTest/LogReg_1/log/runproute.log,../gen/MDTst_pirTest/LogReg_1/log/runproute.sh,../gen/MDTst_pirTest/LogReg_1/plastisim/summary.csv,../gen/MDTst_pirTest/LogReg_1/pir/AccelMain.scala,../gen/MDTst_pirTest/LogReg_1/log/,../gen/MDTst_pirTest/LogReg_1/log/gentst.log,../gen/MDTst_pirTest/LogReg_1/log/maketst.log,../gen/MDTst_pirTest/LogReg_1/log/runtst.log,True,,,,,,,,,,,False,False,False,100,,,,,,,,False,,,,,,,,,,,,,,,,,,,,,38.161208597,,6404,,True,False,True,0.0,10.573,0.02,True
6f9fd826,2019-06-05 13:57:44,LogReg_2,pirTest,MDTst,1000000000.0,../gen/MDTst_pirTest/LogReg_2/log/mappir.log,../gen/MDTst_pirTest/LogReg_2/log/runpir.log,../gen/MDTst_pirTest/LogReg_2/log/genpsim.log,../gen/MDTst_pirTest/LogReg_2/log/gentrace.log,../gen/MDTst_pirTest/LogReg_2/log/runpsim.log,../gen/MDTst_pirTest/LogReg_2/log/runpsim.sh,../gen/MDTst_pirTest/LogReg_2/log/runproute.log,../gen/MDTst_pirTest/LogReg_2/log/runproute.sh,../gen/MDTst_pirTest/LogReg_2/plastisim/summary.csv,../gen/MDTst_pirTest/LogReg_2/pir/AccelMain.scala,../gen/MDTst_pirTest/LogReg_2/log/,../gen/MDTst_pirTest/LogReg_2/log/gentst.log,../gen/MDTst_pirTest/LogReg_2/log/maketst.log,../gen/MDTst_pirTest/LogReg_2/log/runtst.log,True,,,,,,,,,,,False,False,False,100,,,,,,,,False,,,,,,,,,,,,,,,,,,,,,42.662932278,,6399,,True,False,True,0.0,10.582,0.02,True
6f9fd826,2019-06-05 13:57:44,LogReg_3,pirTest,MDTst,1000000000.0,../gen/MDTst_pirTest/LogReg_3/log/mappir.log,../gen/MDTst_pirTest/LogReg_3/log/runpir.log,../gen/MDTst_pirTest/LogReg_3/log/genpsim.log,../gen/MDTst_pirTest/LogReg_3/log/gentrace.log,../gen/MDTst_pirTest/LogReg_3/log/runpsim.log,../gen/MDTst_pirTest/LogReg_3/log/runpsim.sh,../gen/MDTst_pirTest/LogReg_3/log/runproute.log,../gen/MDTst_pirTest/LogReg_3/log/runproute.sh,../gen/MDTst_pirTest/LogReg_3/plastisim/summary.csv,../gen/MDTst_pirTest/LogReg_3/pir/AccelMain.scala,../gen/MDTst_pirTest/LogReg_3/log/,../gen/MDTst_pirTest/LogReg_3/log/gentst.log,../gen/MDTst_pirTest/LogReg_3/log/maketst.log,../gen/MDTst_pirTest/LogReg_3/log/runtst.log,True,,,,,,,,,,,False,False,False,100,,,,,,,,False,,,,,,,,,,,,,,,,,,,,,82.774836327,,3444,,True,False,True,0.0,19.661,0.037,True
6f9fd826,2019-06-05 13:57:44,LogReg_4,pirTest,MDTst,1000000000.0,../gen/MDTst_pirTest/LogReg_4/log/mappir.log,../gen/MDTst_pirTest/LogReg_4/log/runpir.log,../gen/MDTst_pirTest/LogReg_4/log/genpsim.log,../gen/MDTst_pirTest/LogReg_4/log/gentrace.log,../gen/MDTst_pirTest/LogReg_4/log/runpsim.log,../gen/MDTst_pirTest/LogReg_4/log/runpsim.sh,../gen/MDTst_pirTest/LogReg_4/log/runproute.log,../gen/MDTst_pirTest/LogReg_4/log/runproute.sh,../gen/MDTst_pirTest/LogReg_4/plastisim/summary.csv,../gen/MDTst_pirTest/LogReg_4/pir/AccelMain.scala,../gen/MDTst_pirTest/LogReg_4/log/,../gen/MDTst_pirTest/LogReg_4/log/gentst.log,../gen/MDTst_pirTest/LogReg_4/log/maketst.log,../gen/MDTst_pirTest/LogReg_4/log/runtst.log,True,,,,,,,,,,,False,False,False,100,,,,,,,,False,,,,,,,,,,,,,,,,,,,,,177.608882747,,1990,,True,False,True,0.0,34.026,0.064,True
6f9fd826,2019-06-05 13:57:44,LogReg_5,pirTest,MDTst,1000000000.0,../gen/MDTst_pirTest/LogReg_5/log/mappir.log,../gen/MDTst_pirTest/LogReg_5/log/runpir.log,../gen/MDTst_pirTest/LogReg_5/log/genpsim.log,../gen/MDTst_pirTest/LogReg_5/log/gentrace.log,../gen/MDTst_pirTest/LogReg_5/log/runpsim.log,../gen/MDTst_pirTest/LogReg_5/log/runpsim.sh,../gen/MDTst_pirTest/LogReg_5/log/runproute.log,../gen/MDTst_pirTest/LogReg_5/log/runproute.sh,../gen/MDTst_pirTest/LogReg_5/plastisim/summary.csv,../gen/MDTst_pirTest/LogReg_5/pir/AccelMain.scala,../gen/MDTst_pirTest/LogReg_5/log/,../gen/MDTst_pirTest/LogReg_5/log/gentst.log,../gen/MDTst_pirTest/LogReg_5/log/maketst.log,../gen/MDTst_pirTest/LogReg_5/log/runtst.log,True,,,,,,,,,,,False,False,False,100,,,,,,,,False,,,,,,,,,,,,,,,,,,,,,175.928727915,,2150,,True,False,True,0.0,31.494,0.06,True
6f9fd826,2019-06-05 13:57:44,OuterProduct_0,pirTest,MDTst,1000000000.0,../gen/MDTst_pirTest/OuterProduct_0/log/mappir.log,../gen/MDTst_pirTest/OuterProduct_0/log/runpir.log,../gen/MDTst_pirTest/OuterProduct_0/log/genpsim.log,../gen/MDTst_pirTest/OuterProduct_0/log/gentrace.log,../gen/MDTst_pirTest/OuterProduct_0/log/runpsim.log,../gen/MDTst_pirTest/OuterProduct_0/log/runpsim.sh,../gen/MDTst_pirTest/OuterProduct_0/log/runproute.log,../gen/MDTst_pirTest/OuterProduct_0/log/runproute.sh,../gen/MDTst_pirTest/OuterProduct_0/plastisim/summary.csv,../gen/MDTst_pirTest/OuterProduct_0/pir/AccelMain.scala,../gen/MDTst_pirTest/OuterProduct_0/log/,../gen/MDTst_pirTest/OuterProduct_0/log/gentst.log,../gen/MDTst_pirTest/OuterProduct_0/log/maketst.log,../gen/MDTst_pirTest/OuterProduct_0/log/runtst.log,True,,,,,,,,,,,False,False,False,100,,,,,,,,False,,,,,,,,,,,,,,,,,,,,,11.719242428,,18653,,True,False,True,0.0,0.274,14.054,True
6f9fd826,2019-06-05 13:57:44,OuterProduct_1,pirTest,MDTst,1000000000.0,../gen/MDTst_pirTest/OuterProduct_1/log/mappir.log,../gen/MDTst_pirTest/OuterProduct_1/log/runpir.log,../gen/MDTst_pirTest/OuterProduct_1/log/genpsim.log,../gen/MDTst_pirTest/OuterProduct_1/log/gentrace.log,../gen/MDTst_pirTest/OuterProduct_1/log/runpsim.log,../gen/MDTst_pirTest/OuterProduct_1/log/runpsim.sh,../gen/MDTst_pirTest/OuterProduct_1/log/runproute.log,../gen/MDTst_pirTest/OuterProduct_1/log/runproute.sh,../gen/MDTst_pirTest/OuterProduct_1/plastisim/summary.csv,../gen/MDTst_pirTest/OuterProduct_1/pir/AccelMain.scala,../gen/MDTst_pirTest/OuterProduct_1/log/,../gen/MDTst_pirTest/OuterProduct_1/log/gentst.log,../gen/MDTst_pirTest/OuterProduct_1/log/maketst.log,../gen/MDTst_pirTest/OuterProduct_1/log/runtst.log,True,,,,,,,,,,,False,False,False,100,,,,,,,,False,,,,,,,,,,,,,,,,,,,,,9.349774165,,65873,,True,False,True,0.0,0.078,3.98,True
6f9fd826,2019-06-05 13:57:44,OuterProduct_2,pirTest,MDTst,1000000000.0,../gen/MDTst_pirTest/OuterProduct_2/log/mappir.log,../gen/MDTst_pirTest/OuterProduct_2/log/runpir.log,../gen/MDTst_pirTest/OuterProduct_2/log/genpsim.log,../gen/MDTst_pirTest/OuterProduct_2/log/gentrace.log,../gen/MDTst_pirTest/OuterProduct_2/log/runpsim.log,../gen/MDTst_pirTest/OuterProduct_2/log/runpsim.sh,../gen/MDTst_pirTest/OuterProduct_2/log/runproute.log,../gen/MDTst_pirTest/OuterProduct_2/log/runproute.sh,../gen/MDTst_pirTest/OuterProduct_2/plastisim/summary.csv,../gen/MDTst_pirTest/OuterProduct_2/pir/AccelMain.scala,../gen/MDTst_pirTest/OuterProduct_2/log/,../gen/MDTst_pirTest/OuterProduct_2/log/gentst.log,../gen/MDTst_pirTest/OuterProduct_2/log/maketst.log,../gen/MDTst_pirTest/OuterProduct_2/log/runtst.log,True,,,,,,,,,,,False,False,False,100,,,,,,,,False,,,,,,,,,,,,,,,,,,,,,19.568290502,,33105,,True,False,True,0.0,0.155,7.919,True
6f9fd826,2019-06-05 13:57:44,OuterProduct_3,pirTest,MDTst,1000000000.0,../gen/MDTst_pirTest/OuterProduct_3/log/mappir.log,../gen/MDTst_pirTest/OuterProduct_3/log/runpir.log,../gen/MDTst_pirTest/OuterProduct_3/log/genpsim.log,../gen/MDTst_pirTest/OuterProduct_3/log/gentrace.log,../gen/MDTst_pirTest/OuterProduct_3/log/runpsim.log,../gen/MDTst_pirTest/OuterProduct_3/log/runpsim.sh,../gen/MDTst_pirTest/OuterProduct_3/log/runproute.log,../gen/MDTst_pirTest/OuterProduct_3/log/runproute.sh,../gen/MDTst_pirTest/OuterProduct_3/plastisim/summary.csv,../gen/MDTst_pirTest/OuterProduct_3/pir/AccelMain.scala,../gen/MDTst_pirTest/OuterProduct_3/log/,../gen/MDTst_pirTest/OuterProduct_3/log/gentst.log,../gen/MDTst_pirTest/OuterProduct_3/log/maketst.log,../gen/MDTst_pirTest/OuterProduct_3/log/runtst.log,True,,,,,,,,,,,False,False,False,100,,,,,,,,False,,,,,,,,,,,,,,,,,,,,,22.304488113,,33110,,True,False,True,0.0,0.155,7.917,True
6f9fd826,2019-06-05 13:57:44,OuterProduct_4,pirTest,MDTst,1000000000.0,../gen/MDTst_pirTest/OuterProduct_4/log/mappir.log,../gen/MDTst_pirTest/OuterProduct_4/log/runpir.log,../gen/MDTst_pirTest/OuterProduct_4/log/genpsim.log,../gen/MDTst_pirTest/OuterProduct_4/log/gentrace.log,../gen/MDTst_pirTest/OuterProduct_4/log/runpsim.log,../gen/MDTst_pirTest/OuterProduct_4/log/runpsim.sh,../gen/MDTst_pirTest/OuterProduct_4/log/runproute.log,../gen/MDTst_pirTest/OuterProduct_4/log/runproute.sh,../gen/MDTst_pirTest/OuterProduct_4/plastisim/summary.csv,../gen/MDTst_pirTest/OuterProduct_4/pir/AccelMain.scala,../gen/MDTst_pirTest/OuterProduct_4/log/,../gen/MDTst_pirTest/OuterProduct_4/log/gentst.log,../gen/MDTst_pirTest/OuterProduct_4/log/maketst.log,../gen/MDTst_pirTest/OuterProduct_4/log/runtst.log,True,,,,,,,,,,,False,False,False,100,,,,,,,,False,,,,,,,,,,,,,,,,,,,,,38.305229594,,16726,,True,False,True,0.0,0.306,15.673,True
6f9fd826,2019-06-05 13:57:44,OuterProduct_5,pirTest,MDTst,1000000000.0,../gen/MDTst_pirTest/OuterProduct_5/log/mappir.log,../gen/MDTst_pirTest/OuterProduct_5/log/runpir.log,../gen/MDTst_pirTest/OuterProduct_5/log/genpsim.log,../gen/MDTst_pirTest/OuterProduct_5/log/gentrace.log,../gen/MDTst_pirTest/OuterProduct_5/log/runpsim.log,../gen/MDTst_pirTest/OuterProduct_5/log/runpsim.sh,../gen/MDTst_pirTest/OuterProduct_5/log/runproute.log,../gen/MDTst_pirTest/OuterProduct_5/log/runproute.sh,../gen/MDTst_pirTest/OuterProduct_5/plastisim/summary.csv,../gen/MDTst_pirTest/OuterProduct_5/pir/AccelMain.scala,../gen/MDTst_pirTest/OuterProduct_5/log/,../gen/MDTst_pirTest/OuterProduct_5/log/gentst.log,../gen/MDTst_pirTest/OuterProduct_5/log/maketst.log,../gen/MDTst_pirTest/OuterProduct_5/log/runtst.log,True,,,,,,,,,,,False,False,False,100,,,,,,,,False,,,,,,,,,,,,,,,,,,,,,38.007780971,,8976,,True,False,True,0.0,0.57,29.205,True
6f9fd826,2019-06-05 13:57:44,OuterProduct_6,pirTest,MDTst,1000000000.0,../gen/MDTst_pirTest/OuterProduct_6/log/mappir.log,../gen/MDTst_pirTest/OuterProduct_6/log/runpir.log,../gen/MDTst_pirTest/OuterProduct_6/log/genpsim.log,../gen/MDTst_pirTest/OuterProduct_6/log/gentrace.log,../gen/MDTst_pirTest/OuterProduct_6/log/runpsim.log,../gen/MDTst_pirTest/OuterProduct_6/log/runpsim.sh,../gen/MDTst_pirTest/OuterProduct_6/log/runproute.log,../gen/MDTst_pirTest/OuterProduct_6/log/runproute.sh,../gen/MDTst_pirTest/OuterProduct_6/plastisim/summary.csv,../gen/MDTst_pirTest/OuterProduct_6/pir/AccelMain.scala,../gen/MDTst_pirTest/OuterProduct_6/log/,../gen/MDTst_pirTest/OuterProduct_6/log/gentst.log,../gen/MDTst_pirTest/OuterProduct_6/log/maketst.log,../gen/MDTst_pirTest/OuterProduct_6/log/runtst.log,True,,,,,,,,,,,False,False,False,100,,,,,,,,False,,,,,,,,,,,,,,,,,,,,,12.911713813,,18541,,True,False,True,0.0,0.276,14.139,True
6f9fd826,2019-06-05 13:57:44,OuterProduct_7,pirTest,MDTst,1000000000.0,../gen/MDTst_pirTest/OuterProduct_7/log/mappir.log,../gen/MDTst_pirTest/OuterProduct_7/log/runpir.log,../gen/MDTst_pirTest/OuterProduct_7/log/genpsim.log,../gen/MDTst_pirTest/OuterProduct_7/log/gentrace.log,../gen/MDTst_pirTest/OuterProduct_7/log/runpsim.log,../gen/MDTst_pirTest/OuterProduct_7/log/runpsim.sh,../gen/MDTst_pirTest/OuterProduct_7/log/runproute.log,../gen/MDTst_pirTest/OuterProduct_7/log/runproute.sh,../gen/MDTst_pirTest/OuterProduct_7/plastisim/summary.csv,../gen/MDTst_pirTest/OuterProduct_7/pir/AccelMain.scala,../gen/MDTst_pirTest/OuterProduct_7/log/,../gen/MDTst_pirTest/OuterProduct_7/log/gentst.log,../gen/MDTst_pirTest/OuterProduct_7/log/maketst.log,../gen/MDTst_pirTest/OuterProduct_7/log/runtst.log,True,,,,,,,,,,,False,False,False,100,,,,,,,,False,,,,,,,,,,,,,,,,,,,,,20.461869264,,9437,,True,False,True,0.0,0.543,27.778,True
6f9fd826,2019-06-05 13:57:44,OuterProduct_8,pirTest,MDTst,1000000000.0,../gen/MDTst_pirTest/OuterProduct_8/log/mappir.log,../gen/MDTst_pirTest/OuterProduct_8/log/runpir.log,../gen/MDTst_pirTest/OuterProduct_8/log/genpsim.log,../gen/MDTst_pirTest/OuterProduct_8/log/gentrace.log,../gen/MDTst_pirTest/OuterProduct_8/log/runpsim.log,../gen/MDTst_pirTest/OuterProduct_8/log/runpsim.sh,../gen/MDTst_pirTest/OuterProduct_8/log/runproute.log,../gen/MDTst_pirTest/OuterProduct_8/log/runproute.sh,../gen/MDTst_pirTest/OuterProduct_8/plastisim/summary.csv,../gen/MDTst_pirTest/OuterProduct_8/pir/AccelMain.scala,../gen/MDTst_pirTest/OuterProduct_8/log/,../gen/MDTst_pirTest/OuterProduct_8/log/gentst.log,../gen/MDTst_pirTest/OuterProduct_8/log/maketst.log,../gen/MDTst_pirTest/OuterProduct_8/log/runtst.log,True,,,,,,,,,,,False,False,False,100,,,,,,,,False,,,,,,,,,,,,,,,,,,,,,20.925266997,,9559,,True,False,True,0.0,0.536,27.424,True
6f9fd826,2019-06-05 13:57:44,SGD_0,pirTest,MDTst,1000000000.0,../gen/MDTst_pirTest/SGD_0/log/mappir.log,../gen/MDTst_pirTest/SGD_0/log/runpir.log,../gen/MDTst_pirTest/SGD_0/log/genpsim.log,../gen/MDTst_pirTest/SGD_0/log/gentrace.log,../gen/MDTst_pirTest/SGD_0/log/runpsim.log,../gen/MDTst_pirTest/SGD_0/log/runpsim.sh,../gen/MDTst_pirTest/SGD_0/log/runproute.log,../gen/MDTst_pirTest/SGD_0/log/runproute.sh,../gen/MDTst_pirTest/SGD_0/plastisim/summary.csv,../gen/MDTst_pirTest/SGD_0/pir/AccelMain.scala,../gen/MDTst_pirTest/SGD_0/log/,../gen/MDTst_pirTest/SGD_0/log/gentst.log,../gen/MDTst_pirTest/SGD_0/log/maketst.log,../gen/MDTst_pirTest/SGD_0/log/runtst.log,True,,,,,,,,,,,False,False,False,100,,,,,,,,False,,,,,,,,,,,,,,,,,,,,,21.017211914,,15265,,True,False,True,0.0,2.214,0.008,True
6f9fd826,2019-06-05 13:57:44,SGD_1,pirTest,MDTst,1000000000.0,../gen/MDTst_pirTest/SGD_1/log/mappir.log,../gen/MDTst_pirTest/SGD_1/log/runpir.log,../gen/MDTst_pirTest/SGD_1/log/genpsim.log,../gen/MDTst_pirTest/SGD_1/log/gentrace.log,../gen/MDTst_pirTest/SGD_1/log/runpsim.log,../gen/MDTst_pirTest/SGD_1/log/runpsim.sh,../gen/MDTst_pirTest/SGD_1/log/runproute.log,../gen/MDTst_pirTest/SGD_1/log/runproute.sh,../gen/MDTst_pirTest/SGD_1/plastisim/summary.csv,../gen/MDTst_pirTest/SGD_1/pir/AccelMain.scala,../gen/MDTst_pirTest/SGD_1/log/,../gen/MDTst_pirTest/SGD_1/log/gentst.log,../gen/MDTst_pirTest/SGD_1/log/maketst.log,../gen/MDTst_pirTest/SGD_1/log/runtst.log,True,,,,,,,,,,,False,False,False,100,,,,,,,,False,,,,,,,,,,,,,,,,,,,,,27.613338808,,9393,,True,False,True,0.0,3.598,0.014,True
6f9fd826,2019-06-05 13:57:44,SGD_2,pirTest,MDTst,1000000000.0,../gen/MDTst_pirTest/SGD_2/log/mappir.log,../gen/MDTst_pirTest/SGD_2/log/runpir.log,../gen/MDTst_pirTest/SGD_2/log/genpsim.log,../gen/MDTst_pirTest/SGD_2/log/gentrace.log,../gen/MDTst_pirTest/SGD_2/log/runpsim.log,../gen/MDTst_pirTest/SGD_2/log/runpsim.sh,../gen/MDTst_pirTest/SGD_2/log/runproute.log,../gen/MDTst_pirTest/SGD_2/log/runproute.sh,../gen/MDTst_pirTest/SGD_2/plastisim/summary.csv,../gen/MDTst_pirTest/SGD_2/pir/AccelMain.scala,../gen/MDTst_pirTest/SGD_2/log/,../gen/MDTst_pirTest/SGD_2/log/gentst.log,../gen/MDTst_pirTest/SGD_2/log/maketst.log,../gen/MDTst_pirTest/SGD_2/log/runtst.log,True,,,,,,,,,,,False,False,False,100,,,,,,,,False,,,,,,,,,,,,,,,,,,,,,28.746789122,,15333,,True,False,True,0.0,2.204,0.008,True
6f9fd826,2019-06-05 13:57:44,SGD_3,pirTest,MDTst,1000000000.0,../gen/MDTst_pirTest/SGD_3/log/mappir.log,../gen/MDTst_pirTest/SGD_3/log/runpir.log,../gen/MDTst_pirTest/SGD_3/log/genpsim.log,../gen/MDTst_pirTest/SGD_3/log/gentrace.log,../gen/MDTst_pirTest/SGD_3/log/runpsim.log,../gen/MDTst_pirTest/SGD_3/log/runpsim.sh,../gen/MDTst_pirTest/SGD_3/log/runproute.log,../gen/MDTst_pirTest/SGD_3/log/runproute.sh,../gen/MDTst_pirTest/SGD_3/plastisim/summary.csv,../gen/MDTst_pirTest/SGD_3/pir/AccelMain.scala,../gen/MDTst_pirTest/SGD_3/log/,../gen/MDTst_pirTest/SGD_3/log/gentst.log,../gen/MDTst_pirTest/SGD_3/log/maketst.log,../gen/MDTst_pirTest/SGD_3/log/runtst.log,True,,,,,,,,,,,False,False,False,100,,,,,,,,False,,,,,,,,,,,,,,,,,,,,,36.089698504,,9461,,True,False,True,0.0,3.572,0.014,True
6f9fd826,2019-06-05 13:57:44,SimpleDotProduct_0,pirTest,MDTst,1000000000.0,../gen/MDTst_pirTest/SimpleDotProduct_0/log/mappir.log,../gen/MDTst_pirTest/SimpleDotProduct_0/log/runpir.log,../gen/MDTst_pirTest/SimpleDotProduct_0/log/genpsim.log,../gen/MDTst_pirTest/SimpleDotProduct_0/log/gentrace.log,../gen/MDTst_pirTest/SimpleDotProduct_0/log/runpsim.log,../gen/MDTst_pirTest/SimpleDotProduct_0/log/runpsim.sh,../gen/MDTst_pirTest/SimpleDotProduct_0/log/runproute.log,../gen/MDTst_pirTest/SimpleDotProduct_0/log/runproute.sh,../gen/MDTst_pirTest/SimpleDotProduct_0/plastisim/summary.csv,../gen/MDTst_pirTest/SimpleDotProduct_0/pir/AccelMain.scala,../gen/MDTst_pirTest/SimpleDotProduct_0/log/,../gen/MDTst_pirTest/SimpleDotProduct_0/log/gentst.log,../gen/MDTst_pirTest/SimpleDotProduct_0/log/maketst.log,../gen/MDTst_pirTest/SimpleDotProduct_0/log/runtst.log,True,,,,,,,,,,,False,False,False,100,,,,,,,,False,,,,,,,,,,,,,,,,,,,,,6.790627948,,1095,,True,False,True,0.0,0.0,0.0,True
6f9fd826,2019-06-05 13:57:44,SimpleDotProduct_1,pirTest,MDTst,1000000000.0,../gen/MDTst_pirTest/SimpleDotProduct_1/log/mappir.log,../gen/MDTst_pirTest/SimpleDotProduct_1/log/runpir.log,../gen/MDTst_pirTest/SimpleDotProduct_1/log/genpsim.log,../gen/MDTst_pirTest/SimpleDotProduct_1/log/gentrace.log,../gen/MDTst_pirTest/SimpleDotProduct_1/log/runpsim.log,../gen/MDTst_pirTest/SimpleDotProduct_1/log/runpsim.sh,../gen/MDTst_pirTest/SimpleDotProduct_1/log/runproute.log,../gen/MDTst_pirTest/SimpleDotProduct_1/log/runproute.sh,../gen/MDTst_pirTest/SimpleDotProduct_1/plastisim/summary.csv,../gen/MDTst_pirTest/SimpleDotProduct_1/pir/AccelMain.scala,../gen/MDTst_pirTest/SimpleDotProduct_1/log/,../gen/MDTst_pirTest/SimpleDotProduct_1/log/gentst.log,../gen/MDTst_pirTest/SimpleDotProduct_1/log/maketst.log,../gen/MDTst_pirTest/SimpleDotProduct_1/log/runtst.log,True,,,,,,,,,,,False,False,False,100,,,,,,,,False,,,,,,,,,,,,,,,,,,,,,9.056196274,,583,,True,False,True,0.0,0.0,0.0,True
6f9fd826,2019-06-05 13:57:44,SplitStream,pirTest,MDTst,1000000000.0,../gen/MDTst_pirTest/SplitStream/log/mappir.log,../gen/MDTst_pirTest/SplitStream/log/runpir.log,../gen/MDTst_pirTest/SplitStream/log/genpsim.log,../gen/MDTst_pirTest/SplitStream/log/gentrace.log,../gen/MDTst_pirTest/SplitStream/log/runpsim.log,../gen/MDTst_pirTest/SplitStream/log/runpsim.sh,../gen/MDTst_pirTest/SplitStream/log/runproute.log,../gen/MDTst_pirTest/SplitStream/log/runproute.sh,../gen/MDTst_pirTest/SplitStream/plastisim/summary.csv,../gen/MDTst_pirTest/SplitStream/pir/AccelMain.scala,../gen/MDTst_pirTest/SplitStream/log/,../gen/MDTst_pirTest/SplitStream/log/gentst.log,../gen/MDTst_pirTest/SplitStream/log/maketst.log,../gen/MDTst_pirTest/SplitStream/log/runtst.log,False,[bug] Encountered exception while updating node,,,,,,,,,,False,False,False,100,,,,,,,,False,,,,,,,,,,,,,,,,,,,,,,,,,,False,False,,,,False
6f9fd826,2019-06-05 13:57:44,SplitStream2,pirTest,MDTst,1000000000.0,../gen/MDTst_pirTest/SplitStream2/log/mappir.log,../gen/MDTst_pirTest/SplitStream2/log/runpir.log,../gen/MDTst_pirTest/SplitStream2/log/genpsim.log,../gen/MDTst_pirTest/SplitStream2/log/gentrace.log,../gen/MDTst_pirTest/SplitStream2/log/runpsim.log,../gen/MDTst_pirTest/SplitStream2/log/runpsim.sh,../gen/MDTst_pirTest/SplitStream2/log/runproute.log,../gen/MDTst_pirTest/SplitStream2/log/runproute.sh,../gen/MDTst_pirTest/SplitStream2/plastisim/summary.csv,../gen/MDTst_pirTest/SplitStream2/pir/AccelMain.scala,../gen/MDTst_pirTest/SplitStream2/log/,../gen/MDTst_pirTest/SplitStream2/log/gentst.log,../gen/MDTst_pirTest/SplitStream2/log/maketst.log,../gen/MDTst_pirTest/SplitStream2/log/runtst.log,False,[bug] Encountered exception while updating node,,,,,,,,,,False,False,False,100,,,,,,,,False,,,,,,,,,,,,,,,,,,,,,,,,,,False,False,,,,False
6f9fd826,2019-06-05 13:57:44,StreamDotProduct_0,pirTest,MDTst,1000000000.0,../gen/MDTst_pirTest/StreamDotProduct_0/log/mappir.log,../gen/MDTst_pirTest/StreamDotProduct_0/log/runpir.log,../gen/MDTst_pirTest/StreamDotProduct_0/log/genpsim.log,../gen/MDTst_pirTest/StreamDotProduct_0/log/gentrace.log,../gen/MDTst_pirTest/StreamDotProduct_0/log/runpsim.log,../gen/MDTst_pirTest/StreamDotProduct_0/log/runpsim.sh,../gen/MDTst_pirTest/StreamDotProduct_0/log/runproute.log,../gen/MDTst_pirTest/StreamDotProduct_0/log/runproute.sh,../gen/MDTst_pirTest/StreamDotProduct_0/plastisim/summary.csv,../gen/MDTst_pirTest/StreamDotProduct_0/pir/AccelMain.scala,../gen/MDTst_pirTest/StreamDotProduct_0/log/,../gen/MDTst_pirTest/StreamDotProduct_0/log/gentst.log,../gen/MDTst_pirTest/StreamDotProduct_0/log/maketst.log,../gen/MDTst_pirTest/StreamDotProduct_0/log/runtst.log,True,,,,,,,,,,,False,False,False,100,,,,,,,,False,,,,,,,,,,,,,,,,,,,,,8.018357571,,180,,True,False,True,0.0,0.0,0.0,True
6f9fd826,2019-06-05 13:57:44,StreamDotProduct_1,pirTest,MDTst,1000000000.0,../gen/MDTst_pirTest/StreamDotProduct_1/log/mappir.log,../gen/MDTst_pirTest/StreamDotProduct_1/log/runpir.log,../gen/MDTst_pirTest/StreamDotProduct_1/log/genpsim.log,../gen/MDTst_pirTest/StreamDotProduct_1/log/gentrace.log,../gen/MDTst_pirTest/StreamDotProduct_1/log/runpsim.log,../gen/MDTst_pirTest/StreamDotProduct_1/log/runpsim.sh,../gen/MDTst_pirTest/StreamDotProduct_1/log/runproute.log,../gen/MDTst_pirTest/StreamDotProduct_1/log/runproute.sh,../gen/MDTst_pirTest/StreamDotProduct_1/plastisim/summary.csv,../gen/MDTst_pirTest/StreamDotProduct_1/pir/AccelMain.scala,../gen/MDTst_pirTest/StreamDotProduct_1/log/,../gen/MDTst_pirTest/StreamDotProduct_1/log/gentst.log,../gen/MDTst_pirTest/StreamDotProduct_1/log/maketst.log,../gen/MDTst_pirTest/StreamDotProduct_1/log/runtst.log,True,,,,,,,,,,,False,False,False,100,,,,,,,,False,,,,,,,,,,,,,,,,,,,,,11.196062929,,307,,True,False,True,0.0,0.0,0.0,True
6f9fd826,2019-06-05 13:57:44,StreamDotProduct_2,pirTest,MDTst,1000000000.0,../gen/MDTst_pirTest/StreamDotProduct_2/log/mappir.log,../gen/MDTst_pirTest/StreamDotProduct_2/log/runpir.log,../gen/MDTst_pirTest/StreamDotProduct_2/log/genpsim.log,../gen/MDTst_pirTest/StreamDotProduct_2/log/gentrace.log,../gen/MDTst_pirTest/StreamDotProduct_2/log/runpsim.log,../gen/MDTst_pirTest/StreamDotProduct_2/log/runpsim.sh,../gen/MDTst_pirTest/StreamDotProduct_2/log/runproute.log,../gen/MDTst_pirTest/StreamDotProduct_2/log/runproute.sh,../gen/MDTst_pirTest/StreamDotProduct_2/plastisim/summary.csv,../gen/MDTst_pirTest/StreamDotProduct_2/pir/AccelMain.scala,../gen/MDTst_pirTest/StreamDotProduct_2/log/,../gen/MDTst_pirTest/StreamDotProduct_2/log/gentst.log,../gen/MDTst_pirTest/StreamDotProduct_2/log/maketst.log,../gen/MDTst_pirTest/StreamDotProduct_2/log/runtst.log,True,,,,,,,,,,,False,False,False,100,,,,,,,,False,,,,,,,,,,,,,,,,,,,,,9.554945802,,295,,True,False,True,0.0,0.0,0.0,True
6f9fd826,2019-06-05 13:57:44,StreamDotProduct_3,pirTest,MDTst,1000000000.0,../gen/MDTst_pirTest/StreamDotProduct_3/log/mappir.log,../gen/MDTst_pirTest/StreamDotProduct_3/log/runpir.log,../gen/MDTst_pirTest/StreamDotProduct_3/log/genpsim.log,../gen/MDTst_pirTest/StreamDotProduct_3/log/gentrace.log,../gen/MDTst_pirTest/StreamDotProduct_3/log/runpsim.log,../gen/MDTst_pirTest/StreamDotProduct_3/log/runpsim.sh,../gen/MDTst_pirTest/StreamDotProduct_3/log/runproute.log,../gen/MDTst_pirTest/StreamDotProduct_3/log/runproute.sh,../gen/MDTst_pirTest/StreamDotProduct_3/plastisim/summary.csv,../gen/MDTst_pirTest/StreamDotProduct_3/pir/AccelMain.scala,../gen/MDTst_pirTest/StreamDotProduct_3/log/,../gen/MDTst_pirTest/StreamDotProduct_3/log/gentst.log,../gen/MDTst_pirTest/StreamDotProduct_3/log/maketst.log,../gen/MDTst_pirTest/StreamDotProduct_3/log/runtst.log,True,,,,,,,,,,,False,False,False,100,,,,,,,,False,,,,,,,,,,,,,,,,,,,,,13.603988081,,318,,True,False,True,0.0,0.0,0.0,True
6f9fd826,2019-06-05 13:57:44,StreamDotProduct_4,pirTest,MDTst,1000000000.0,../gen/MDTst_pirTest/StreamDotProduct_4/log/mappir.log,../gen/MDTst_pirTest/StreamDotProduct_4/log/runpir.log,../gen/MDTst_pirTest/StreamDotProduct_4/log/genpsim.log,../gen/MDTst_pirTest/StreamDotProduct_4/log/gentrace.log,../gen/MDTst_pirTest/StreamDotProduct_4/log/runpsim.log,../gen/MDTst_pirTest/StreamDotProduct_4/log/runpsim.sh,../gen/MDTst_pirTest/StreamDotProduct_4/log/runproute.log,../gen/MDTst_pirTest/StreamDotProduct_4/log/runproute.sh,../gen/MDTst_pirTest/StreamDotProduct_4/plastisim/summary.csv,../gen/MDTst_pirTest/StreamDotProduct_4/pir/AccelMain.scala,../gen/MDTst_pirTest/StreamDotProduct_4/log/,../gen/MDTst_pirTest/StreamDotProduct_4/log/gentst.log,../gen/MDTst_pirTest/StreamDotProduct_4/log/maketst.log,../gen/MDTst_pirTest/StreamDotProduct_4/log/runtst.log,True,,,,,,,,,,,False,False,False,100,,,,,,,,False,,,,,,,,,,,,,,,,,,,,,12.860985421,,308,,True,False,True,0.0,0.0,0.0,True
6f9fd826,2019-06-05 13:57:44,StreamInOutStop,pirTest,MDTst,1000000000.0,../gen/MDTst_pirTest/StreamInOutStop/log/mappir.log,../gen/MDTst_pirTest/StreamInOutStop/log/runpir.log,../gen/MDTst_pirTest/StreamInOutStop/log/genpsim.log,../gen/MDTst_pirTest/StreamInOutStop/log/gentrace.log,../gen/MDTst_pirTest/StreamInOutStop/log/runpsim.log,../gen/MDTst_pirTest/StreamInOutStop/log/runpsim.sh,../gen/MDTst_pirTest/StreamInOutStop/log/runproute.log,../gen/MDTst_pirTest/StreamInOutStop/log/runproute.sh,../gen/MDTst_pirTest/StreamInOutStop/plastisim/summary.csv,../gen/MDTst_pirTest/StreamInOutStop/pir/AccelMain.scala,../gen/MDTst_pirTest/StreamInOutStop/log/,../gen/MDTst_pirTest/StreamInOutStop/log/gentst.log,../gen/MDTst_pirTest/StreamInOutStop/log/maketst.log,../gen/MDTst_pirTest/StreamInOutStop/log/runtst.log,True,,,,,,,,,,,False,False,False,100,,,,,,,,False,,,,,,,,,,,,,,,,,,,,,4.455895626,,29,,True,False,True,0.0,0.0,0.0,True
6f9fd826,2019-06-05 13:57:44,StreamKmeans_0,pirTest,MDTst,1000000000.0,../gen/MDTst_pirTest/StreamKmeans_0/log/mappir.log,../gen/MDTst_pirTest/StreamKmeans_0/log/runpir.log,../gen/MDTst_pirTest/StreamKmeans_0/log/genpsim.log,../gen/MDTst_pirTest/StreamKmeans_0/log/gentrace.log,../gen/MDTst_pirTest/StreamKmeans_0/log/runpsim.log,../gen/MDTst_pirTest/StreamKmeans_0/log/runpsim.sh,../gen/MDTst_pirTest/StreamKmeans_0/log/runproute.log,../gen/MDTst_pirTest/StreamKmeans_0/log/runproute.sh,../gen/MDTst_pirTest/StreamKmeans_0/plastisim/summary.csv,../gen/MDTst_pirTest/StreamKmeans_0/pir/AccelMain.scala,../gen/MDTst_pirTest/StreamKmeans_0/log/,../gen/MDTst_pirTest/StreamKmeans_0/log/gentst.log,../gen/MDTst_pirTest/StreamKmeans_0/log/maketst.log,../gen/MDTst_pirTest/StreamKmeans_0/log/runtst.log,True,,,,,,,,,,,False,False,False,100,,,,,,,,False,,,,,,,,,,,,,,,,,,,,,11.837114977,,1136,,True,False,True,0.0,0.0,0.0,True
6f9fd826,2019-06-05 13:57:44,StreamKmeans_1,pirTest,MDTst,1000000000.0,../gen/MDTst_pirTest/StreamKmeans_1/log/mappir.log,../gen/MDTst_pirTest/StreamKmeans_1/log/runpir.log,../gen/MDTst_pirTest/StreamKmeans_1/log/genpsim.log,../gen/MDTst_pirTest/StreamKmeans_1/log/gentrace.log,../gen/MDTst_pirTest/StreamKmeans_1/log/runpsim.log,../gen/MDTst_pirTest/StreamKmeans_1/log/runpsim.sh,../gen/MDTst_pirTest/StreamKmeans_1/log/runproute.log,../gen/MDTst_pirTest/StreamKmeans_1/log/runproute.sh,../gen/MDTst_pirTest/StreamKmeans_1/plastisim/summary.csv,../gen/MDTst_pirTest/StreamKmeans_1/pir/AccelMain.scala,../gen/MDTst_pirTest/StreamKmeans_1/log/,../gen/MDTst_pirTest/StreamKmeans_1/log/gentst.log,../gen/MDTst_pirTest/StreamKmeans_1/log/maketst.log,../gen/MDTst_pirTest/StreamKmeans_1/log/runtst.log,True,,,,,,,,,,,False,False,False,100,,,,,,,,False,,,,,,,,,,,,,,,,,,,,,18.43115114,,648,,True,False,True,0.0,0.0,0.0,True
6f9fd826,2019-06-05 13:57:44,StreamKmeans_2,pirTest,MDTst,1000000000.0,../gen/MDTst_pirTest/StreamKmeans_2/log/mappir.log,../gen/MDTst_pirTest/StreamKmeans_2/log/runpir.log,../gen/MDTst_pirTest/StreamKmeans_2/log/genpsim.log,../gen/MDTst_pirTest/StreamKmeans_2/log/gentrace.log,../gen/MDTst_pirTest/StreamKmeans_2/log/runpsim.log,../gen/MDTst_pirTest/StreamKmeans_2/log/runpsim.sh,../gen/MDTst_pirTest/StreamKmeans_2/log/runproute.log,../gen/MDTst_pirTest/StreamKmeans_2/log/runproute.sh,../gen/MDTst_pirTest/StreamKmeans_2/plastisim/summary.csv,../gen/MDTst_pirTest/StreamKmeans_2/pir/AccelMain.scala,../gen/MDTst_pirTest/StreamKmeans_2/log/,../gen/MDTst_pirTest/StreamKmeans_2/log/gentst.log,../gen/MDTst_pirTest/StreamKmeans_2/log/maketst.log,../gen/MDTst_pirTest/StreamKmeans_2/log/runtst.log,True,,,,,,,,,,,False,False,False,100,,,,,,,,False,,,,,,,,,,,,,,,,,,,,,15.088300787,,1146,,True,False,True,0.0,0.0,0.0,True
6f9fd826,2019-06-05 13:57:44,StreamKmeans_3,pirTest,MDTst,1000000000.0,../gen/MDTst_pirTest/StreamKmeans_3/log/mappir.log,../gen/MDTst_pirTest/StreamKmeans_3/log/runpir.log,../gen/MDTst_pirTest/StreamKmeans_3/log/genpsim.log,../gen/MDTst_pirTest/StreamKmeans_3/log/gentrace.log,../gen/MDTst_pirTest/StreamKmeans_3/log/runpsim.log,../gen/MDTst_pirTest/StreamKmeans_3/log/runpsim.sh,../gen/MDTst_pirTest/StreamKmeans_3/log/runproute.log,../gen/MDTst_pirTest/StreamKmeans_3/log/runproute.sh,../gen/MDTst_pirTest/StreamKmeans_3/plastisim/summary.csv,../gen/MDTst_pirTest/StreamKmeans_3/pir/AccelMain.scala,../gen/MDTst_pirTest/StreamKmeans_3/log/,../gen/MDTst_pirTest/StreamKmeans_3/log/gentst.log,../gen/MDTst_pirTest/StreamKmeans_3/log/maketst.log,../gen/MDTst_pirTest/StreamKmeans_3/log/runtst.log,True,,,,,,,,,,,False,False,False,100,,,,,,,,False,,,,,,,,,,,,,,,,,,,,,12.846952755,,2168,,True,False,True,0.0,0.0,0.0,True
6f9fd826,2019-06-05 13:57:44,StreamKmeans_4,pirTest,MDTst,1000000000.0,../gen/MDTst_pirTest/StreamKmeans_4/log/mappir.log,../gen/MDTst_pirTest/StreamKmeans_4/log/runpir.log,../gen/MDTst_pirTest/StreamKmeans_4/log/genpsim.log,../gen/MDTst_pirTest/StreamKmeans_4/log/gentrace.log,../gen/MDTst_pirTest/StreamKmeans_4/log/runpsim.log,../gen/MDTst_pirTest/StreamKmeans_4/log/runpsim.sh,../gen/MDTst_pirTest/StreamKmeans_4/log/runproute.log,../gen/MDTst_pirTest/StreamKmeans_4/log/runproute.sh,../gen/MDTst_pirTest/StreamKmeans_4/plastisim/summary.csv,../gen/MDTst_pirTest/StreamKmeans_4/pir/AccelMain.scala,../gen/MDTst_pirTest/StreamKmeans_4/log/,../gen/MDTst_pirTest/StreamKmeans_4/log/gentst.log,../gen/MDTst_pirTest/StreamKmeans_4/log/maketst.log,../gen/MDTst_pirTest/StreamKmeans_4/log/runtst.log,True,,,,,,,,,,,False,False,False,100,,,,,,,,False,,,,,,,,,,,,,,,,,,,,,15.434116849,,1289,,True,False,True,0.0,0.0,0.0,True
6f9fd826,2019-06-05 13:57:44,StreamKmeans_5,pirTest,MDTst,1000000000.0,../gen/MDTst_pirTest/StreamKmeans_5/log/mappir.log,../gen/MDTst_pirTest/StreamKmeans_5/log/runpir.log,../gen/MDTst_pirTest/StreamKmeans_5/log/genpsim.log,../gen/MDTst_pirTest/StreamKmeans_5/log/gentrace.log,../gen/MDTst_pirTest/StreamKmeans_5/log/runpsim.log,../gen/MDTst_pirTest/StreamKmeans_5/log/runpsim.sh,../gen/MDTst_pirTest/StreamKmeans_5/log/runproute.log,../gen/MDTst_pirTest/StreamKmeans_5/log/runproute.sh,../gen/MDTst_pirTest/StreamKmeans_5/plastisim/summary.csv,../gen/MDTst_pirTest/StreamKmeans_5/pir/AccelMain.scala,../gen/MDTst_pirTest/StreamKmeans_5/log/,../gen/MDTst_pirTest/StreamKmeans_5/log/gentst.log,../gen/MDTst_pirTest/StreamKmeans_5/log/maketst.log,../gen/MDTst_pirTest/StreamKmeans_5/log/runtst.log,True,,,,,,,,,,,False,False,False,100,,,,,,,,False,,,,,,,,,,,,,,,,,,,,,25.534604207,,1144,,True,False,True,0.0,0.0,0.0,True
6f9fd826,2019-06-05 13:57:44,StreamKmeans_6,pirTest,MDTst,1000000000.0,../gen/MDTst_pirTest/StreamKmeans_6/log/mappir.log,../gen/MDTst_pirTest/StreamKmeans_6/log/runpir.log,../gen/MDTst_pirTest/StreamKmeans_6/log/genpsim.log,../gen/MDTst_pirTest/StreamKmeans_6/log/gentrace.log,../gen/MDTst_pirTest/StreamKmeans_6/log/runpsim.log,../gen/MDTst_pirTest/StreamKmeans_6/log/runpsim.sh,../gen/MDTst_pirTest/StreamKmeans_6/log/runproute.log,../gen/MDTst_pirTest/StreamKmeans_6/log/runproute.sh,../gen/MDTst_pirTest/StreamKmeans_6/plastisim/summary.csv,../gen/MDTst_pirTest/StreamKmeans_6/pir/AccelMain.scala,../gen/MDTst_pirTest/StreamKmeans_6/log/,../gen/MDTst_pirTest/StreamKmeans_6/log/gentst.log,../gen/MDTst_pirTest/StreamKmeans_6/log/maketst.log,../gen/MDTst_pirTest/StreamKmeans_6/log/runtst.log,True,,,,,,,,,,,False,False,False,100,,,,,,,,False,,,,,,,,,,,,,,,,,,,,,53.486898089,,666,,True,False,True,0.0,0.0,0.0,True
6f9fd826,2019-06-05 13:57:44,StreamNN_0,pirTest,MDTst,1000000000.0,../gen/MDTst_pirTest/StreamNN_0/log/mappir.log,../gen/MDTst_pirTest/StreamNN_0/log/runpir.log,../gen/MDTst_pirTest/StreamNN_0/log/genpsim.log,../gen/MDTst_pirTest/StreamNN_0/log/gentrace.log,../gen/MDTst_pirTest/StreamNN_0/log/runpsim.log,../gen/MDTst_pirTest/StreamNN_0/log/runpsim.sh,../gen/MDTst_pirTest/StreamNN_0/log/runproute.log,../gen/MDTst_pirTest/StreamNN_0/log/runproute.sh,../gen/MDTst_pirTest/StreamNN_0/plastisim/summary.csv,../gen/MDTst_pirTest/StreamNN_0/pir/AccelMain.scala,../gen/MDTst_pirTest/StreamNN_0/log/,../gen/MDTst_pirTest/StreamNN_0/log/gentst.log,../gen/MDTst_pirTest/StreamNN_0/log/maketst.log,../gen/MDTst_pirTest/StreamNN_0/log/runtst.log,True,,,,,,,,,,,False,False,False,100,,,,,,,,False,,,,,,,,,,,,,,,,,,,,,12.261480185,,4243,,True,False,True,0.0,0.0,0.0,True
6f9fd826,2019-06-05 13:57:44,StreamNN_1,pirTest,MDTst,1000000000.0,../gen/MDTst_pirTest/StreamNN_1/log/mappir.log,../gen/MDTst_pirTest/StreamNN_1/log/runpir.log,../gen/MDTst_pirTest/StreamNN_1/log/genpsim.log,../gen/MDTst_pirTest/StreamNN_1/log/gentrace.log,../gen/MDTst_pirTest/StreamNN_1/log/runpsim.log,../gen/MDTst_pirTest/StreamNN_1/log/runpsim.sh,../gen/MDTst_pirTest/StreamNN_1/log/runproute.log,../gen/MDTst_pirTest/StreamNN_1/log/runproute.sh,../gen/MDTst_pirTest/StreamNN_1/plastisim/summary.csv,../gen/MDTst_pirTest/StreamNN_1/pir/AccelMain.scala,../gen/MDTst_pirTest/StreamNN_1/log/,../gen/MDTst_pirTest/StreamNN_1/log/gentst.log,../gen/MDTst_pirTest/StreamNN_1/log/maketst.log,../gen/MDTst_pirTest/StreamNN_1/log/runtst.log,True,,,,,,,,,,,False,False,False,100,,,,,,,,False,,,,,,,,,,,,,,,,,,,,,18.62032288,,4615,,True,False,True,0.0,0.0,0.0,True
6f9fd826,2019-06-05 13:57:44,StreamNN_2,pirTest,MDTst,1000000000.0,../gen/MDTst_pirTest/StreamNN_2/log/mappir.log,../gen/MDTst_pirTest/StreamNN_2/log/runpir.log,../gen/MDTst_pirTest/StreamNN_2/log/genpsim.log,../gen/MDTst_pirTest/StreamNN_2/log/gentrace.log,../gen/MDTst_pirTest/StreamNN_2/log/runpsim.log,../gen/MDTst_pirTest/StreamNN_2/log/runpsim.sh,../gen/MDTst_pirTest/StreamNN_2/log/runproute.log,../gen/MDTst_pirTest/StreamNN_2/log/runproute.sh,../gen/MDTst_pirTest/StreamNN_2/plastisim/summary.csv,../gen/MDTst_pirTest/StreamNN_2/pir/AccelMain.scala,../gen/MDTst_pirTest/StreamNN_2/log/,../gen/MDTst_pirTest/StreamNN_2/log/gentst.log,../gen/MDTst_pirTest/StreamNN_2/log/maketst.log,../gen/MDTst_pirTest/StreamNN_2/log/runtst.log,True,,,,,,,,,,,False,False,False,100,,,,,,,,False,,,,,,,,,,,,,,,,,,,,,14.048584298,,57556,,True,False,True,0.0,0.0,0.0,True
6f9fd826,2019-06-05 13:57:44,StreamNN_3,pirTest,MDTst,1000000000.0,../gen/MDTst_pirTest/StreamNN_3/log/mappir.log,../gen/MDTst_pirTest/StreamNN_3/log/runpir.log,../gen/MDTst_pirTest/StreamNN_3/log/genpsim.log,../gen/MDTst_pirTest/StreamNN_3/log/gentrace.log,../gen/MDTst_pirTest/StreamNN_3/log/runpsim.log,../gen/MDTst_pirTest/StreamNN_3/log/runpsim.sh,../gen/MDTst_pirTest/StreamNN_3/log/runproute.log,../gen/MDTst_pirTest/StreamNN_3/log/runproute.sh,../gen/MDTst_pirTest/StreamNN_3/plastisim/summary.csv,../gen/MDTst_pirTest/StreamNN_3/pir/AccelMain.scala,../gen/MDTst_pirTest/StreamNN_3/log/,../gen/MDTst_pirTest/StreamNN_3/log/gentst.log,../gen/MDTst_pirTest/StreamNN_3/log/maketst.log,../gen/MDTst_pirTest/StreamNN_3/log/runtst.log,True,,,,,,,,,,,False,False,False,100,,,,,,,,False,,,,,,,,,,,,,,,,,,,,,22.295168414,,28844,,True,False,True,0.0,0.0,0.0,True
6f9fd826,2019-06-05 13:57:44,StreamNN_4,pirTest,MDTst,1000000000.0,../gen/MDTst_pirTest/StreamNN_4/log/mappir.log,../gen/MDTst_pirTest/StreamNN_4/log/runpir.log,../gen/MDTst_pirTest/StreamNN_4/log/genpsim.log,../gen/MDTst_pirTest/StreamNN_4/log/gentrace.log,../gen/MDTst_pirTest/StreamNN_4/log/runpsim.log,../gen/MDTst_pirTest/StreamNN_4/log/runpsim.sh,../gen/MDTst_pirTest/StreamNN_4/log/runproute.log,../gen/MDTst_pirTest/StreamNN_4/log/runproute.sh,../gen/MDTst_pirTest/StreamNN_4/plastisim/summary.csv,../gen/MDTst_pirTest/StreamNN_4/pir/AccelMain.scala,../gen/MDTst_pirTest/StreamNN_4/log/,../gen/MDTst_pirTest/StreamNN_4/log/gentst.log,../gen/MDTst_pirTest/StreamNN_4/log/maketst.log,../gen/MDTst_pirTest/StreamNN_4/log/runtst.log,True,,,,,,,,,,,False,False,False,100,,,,,,,,False,,,,,,,,,,,,,,,,,,,,,34.286607746,,14524,,True,False,True,0.0,0.0,0.0,True
6f9fd826,2019-06-05 13:57:44,StreamNN_5,pirTest,MDTst,1000000000.0,../gen/MDTst_pirTest/StreamNN_5/log/mappir.log,../gen/MDTst_pirTest/StreamNN_5/log/runpir.log,../gen/MDTst_pirTest/StreamNN_5/log/genpsim.log,../gen/MDTst_pirTest/StreamNN_5/log/gentrace.log,../gen/MDTst_pirTest/StreamNN_5/log/runpsim.log,../gen/MDTst_pirTest/StreamNN_5/log/runpsim.sh,../gen/MDTst_pirTest/StreamNN_5/log/runproute.log,../gen/MDTst_pirTest/StreamNN_5/log/runproute.sh,../gen/MDTst_pirTest/StreamNN_5/plastisim/summary.csv,../gen/MDTst_pirTest/StreamNN_5/pir/AccelMain.scala,../gen/MDTst_pirTest/StreamNN_5/log/,../gen/MDTst_pirTest/StreamNN_5/log/gentst.log,../gen/MDTst_pirTest/StreamNN_5/log/maketst.log,../gen/MDTst_pirTest/StreamNN_5/log/runtst.log,True,,,,,,,,,,,False,False,False,100,,,,,,,,False,,,,,,,,,,,,,,,,,,,,,16.310520089,,376,,True,False,True,0.0,0.0,0.0,True
6f9fd826,2019-06-05 13:57:44,StreamNN_6,pirTest,MDTst,1000000000.0,../gen/MDTst_pirTest/StreamNN_6/log/mappir.log,../gen/MDTst_pirTest/StreamNN_6/log/runpir.log,../gen/MDTst_pirTest/StreamNN_6/log/genpsim.log,../gen/MDTst_pirTest/StreamNN_6/log/gentrace.log,../gen/MDTst_pirTest/StreamNN_6/log/runpsim.log,../gen/MDTst_pirTest/StreamNN_6/log/runpsim.sh,../gen/MDTst_pirTest/StreamNN_6/log/runproute.log,../gen/MDTst_pirTest/StreamNN_6/log/runproute.sh,../gen/MDTst_pirTest/StreamNN_6/plastisim/summary.csv,../gen/MDTst_pirTest/StreamNN_6/pir/AccelMain.scala,../gen/MDTst_pirTest/StreamNN_6/log/,../gen/MDTst_pirTest/StreamNN_6/log/gentst.log,../gen/MDTst_pirTest/StreamNN_6/log/maketst.log,../gen/MDTst_pirTest/StreamNN_6/log/runtst.log,True,,,,,,,,,,,False,False,False,100,,,,,,,,False,,,,,,,,,,,,,,,,,,,,,11.698991786,,4252,,True,False,True,0.0,0.0,0.0,True
6f9fd826,2019-06-05 13:57:44,StreamSVM_0,pirTest,MDTst,1000000000.0,../gen/MDTst_pirTest/StreamSVM_0/log/mappir.log,../gen/MDTst_pirTest/StreamSVM_0/log/runpir.log,../gen/MDTst_pirTest/StreamSVM_0/log/genpsim.log,../gen/MDTst_pirTest/StreamSVM_0/log/gentrace.log,../gen/MDTst_pirTest/StreamSVM_0/log/runpsim.log,../gen/MDTst_pirTest/StreamSVM_0/log/runpsim.sh,../gen/MDTst_pirTest/StreamSVM_0/log/runproute.log,../gen/MDTst_pirTest/StreamSVM_0/log/runproute.sh,../gen/MDTst_pirTest/StreamSVM_0/plastisim/summary.csv,../gen/MDTst_pirTest/StreamSVM_0/pir/AccelMain.scala,../gen/MDTst_pirTest/StreamSVM_0/log/,../gen/MDTst_pirTest/StreamSVM_0/log/gentst.log,../gen/MDTst_pirTest/StreamSVM_0/log/maketst.log,../gen/MDTst_pirTest/StreamSVM_0/log/runtst.log,True,,,,,,,,,,,False,False,False,100,,,,,,,,False,,,,,,,,,,,,,,,,,,,,,10.997254628,,3661,,True,False,True,0.0,0.0,0.0,True
6f9fd826,2019-06-05 13:57:44,StreamSVM_1,pirTest,MDTst,1000000000.0,../gen/MDTst_pirTest/StreamSVM_1/log/mappir.log,../gen/MDTst_pirTest/StreamSVM_1/log/runpir.log,../gen/MDTst_pirTest/StreamSVM_1/log/genpsim.log,../gen/MDTst_pirTest/StreamSVM_1/log/gentrace.log,../gen/MDTst_pirTest/StreamSVM_1/log/runpsim.log,../gen/MDTst_pirTest/StreamSVM_1/log/runpsim.sh,../gen/MDTst_pirTest/StreamSVM_1/log/runproute.log,../gen/MDTst_pirTest/StreamSVM_1/log/runproute.sh,../gen/MDTst_pirTest/StreamSVM_1/plastisim/summary.csv,../gen/MDTst_pirTest/StreamSVM_1/pir/AccelMain.scala,../gen/MDTst_pirTest/StreamSVM_1/log/,../gen/MDTst_pirTest/StreamSVM_1/log/gentst.log,../gen/MDTst_pirTest/StreamSVM_1/log/maketst.log,../gen/MDTst_pirTest/StreamSVM_1/log/runtst.log,True,,,,,,,,,,,False,False,False,100,,,,,,,,False,,,,,,,,,,,,,,,,,,,,,15.165877399,,1893,,True,False,True,0.0,0.0,0.0,True
6f9fd826,2019-06-05 13:57:44,StreamSVM_3,pirTest,MDTst,1000000000.0,../gen/MDTst_pirTest/StreamSVM_3/log/mappir.log,../gen/MDTst_pirTest/StreamSVM_3/log/runpir.log,../gen/MDTst_pirTest/StreamSVM_3/log/genpsim.log,../gen/MDTst_pirTest/StreamSVM_3/log/gentrace.log,../gen/MDTst_pirTest/StreamSVM_3/log/runpsim.log,../gen/MDTst_pirTest/StreamSVM_3/log/runpsim.sh,../gen/MDTst_pirTest/StreamSVM_3/log/runproute.log,../gen/MDTst_pirTest/StreamSVM_3/log/runproute.sh,../gen/MDTst_pirTest/StreamSVM_3/plastisim/summary.csv,../gen/MDTst_pirTest/StreamSVM_3/pir/AccelMain.scala,../gen/MDTst_pirTest/StreamSVM_3/log/,../gen/MDTst_pirTest/StreamSVM_3/log/gentst.log,../gen/MDTst_pirTest/StreamSVM_3/log/maketst.log,../gen/MDTst_pirTest/StreamSVM_3/log/runtst.log,True,,,,,,,,,,,False,False,False,100,,,,,,,,False,,,,,,,,,,,,,,,,,,,,,10.444155926,,3668,,True,False,True,0.0,0.0,0.0,True
6f9fd826,2019-06-05 13:57:44,StreamSVM_4,pirTest,MDTst,1000000000.0,../gen/MDTst_pirTest/StreamSVM_4/log/mappir.log,../gen/MDTst_pirTest/StreamSVM_4/log/runpir.log,../gen/MDTst_pirTest/StreamSVM_4/log/genpsim.log,../gen/MDTst_pirTest/StreamSVM_4/log/gentrace.log,../gen/MDTst_pirTest/StreamSVM_4/log/runpsim.log,../gen/MDTst_pirTest/StreamSVM_4/log/runpsim.sh,../gen/MDTst_pirTest/StreamSVM_4/log/runproute.log,../gen/MDTst_pirTest/StreamSVM_4/log/runproute.sh,../gen/MDTst_pirTest/StreamSVM_4/plastisim/summary.csv,../gen/MDTst_pirTest/StreamSVM_4/pir/AccelMain.scala,../gen/MDTst_pirTest/StreamSVM_4/log/,../gen/MDTst_pirTest/StreamSVM_4/log/gentst.log,../gen/MDTst_pirTest/StreamSVM_4/log/maketst.log,../gen/MDTst_pirTest/StreamSVM_4/log/runtst.log,True,,,,,,,,,,,False,False,False,100,,,,,,,,False,,,,,,,,,,,,,,,,,,,,,16.194279531,,1894,,True,False,True,0.0,0.0,0.0,True
6f9fd826,2019-06-05 13:57:44,StreamSVM_5,pirTest,MDTst,1000000000.0,../gen/MDTst_pirTest/StreamSVM_5/log/mappir.log,../gen/MDTst_pirTest/StreamSVM_5/log/runpir.log,../gen/MDTst_pirTest/StreamSVM_5/log/genpsim.log,../gen/MDTst_pirTest/StreamSVM_5/log/gentrace.log,../gen/MDTst_pirTest/StreamSVM_5/log/runpsim.log,../gen/MDTst_pirTest/StreamSVM_5/log/runpsim.sh,../gen/MDTst_pirTest/StreamSVM_5/log/runproute.log,../gen/MDTst_pirTest/StreamSVM_5/log/runproute.sh,../gen/MDTst_pirTest/StreamSVM_5/plastisim/summary.csv,../gen/MDTst_pirTest/StreamSVM_5/pir/AccelMain.scala,../gen/MDTst_pirTest/StreamSVM_5/log/,../gen/MDTst_pirTest/StreamSVM_5/log/gentst.log,../gen/MDTst_pirTest/StreamSVM_5/log/maketst.log,../gen/MDTst_pirTest/StreamSVM_5/log/runtst.log,True,,,,,,,,,,,False,False,False,100,,,,,,,,False,,,,,,,,,,,,,,,,,,,,,21.457643128,,1002,,True,False,True,0.0,0.0,0.0,True
6f9fd826,2019-06-05 13:57:44,StreamSumFields_0,pirTest,MDTst,1000000000.0,../gen/MDTst_pirTest/StreamSumFields_0/log/mappir.log,../gen/MDTst_pirTest/StreamSumFields_0/log/runpir.log,../gen/MDTst_pirTest/StreamSumFields_0/log/genpsim.log,../gen/MDTst_pirTest/StreamSumFields_0/log/gentrace.log,../gen/MDTst_pirTest/StreamSumFields_0/log/runpsim.log,../gen/MDTst_pirTest/StreamSumFields_0/log/runpsim.sh,../gen/MDTst_pirTest/StreamSumFields_0/log/runproute.log,../gen/MDTst_pirTest/StreamSumFields_0/log/runproute.sh,../gen/MDTst_pirTest/StreamSumFields_0/plastisim/summary.csv,../gen/MDTst_pirTest/StreamSumFields_0/pir/AccelMain.scala,../gen/MDTst_pirTest/StreamSumFields_0/log/,../gen/MDTst_pirTest/StreamSumFields_0/log/gentst.log,../gen/MDTst_pirTest/StreamSumFields_0/log/maketst.log,../gen/MDTst_pirTest/StreamSumFields_0/log/runtst.log,True,,,,,,,,,,,False,False,False,100,,,,,,,,False,,,,,,,,,,,,,,,,,,,,,7.817839656,,180,,True,False,True,0.0,0.0,0.0,True
6f9fd826,2019-06-05 13:57:44,StreamSumFields_1,pirTest,MDTst,1000000000.0,../gen/MDTst_pirTest/StreamSumFields_1/log/mappir.log,../gen/MDTst_pirTest/StreamSumFields_1/log/runpir.log,../gen/MDTst_pirTest/StreamSumFields_1/log/genpsim.log,../gen/MDTst_pirTest/StreamSumFields_1/log/gentrace.log,../gen/MDTst_pirTest/StreamSumFields_1/log/runpsim.log,../gen/MDTst_pirTest/StreamSumFields_1/log/runpsim.sh,../gen/MDTst_pirTest/StreamSumFields_1/log/runproute.log,../gen/MDTst_pirTest/StreamSumFields_1/log/runproute.sh,../gen/MDTst_pirTest/StreamSumFields_1/plastisim/summary.csv,../gen/MDTst_pirTest/StreamSumFields_1/pir/AccelMain.scala,../gen/MDTst_pirTest/StreamSumFields_1/log/,../gen/MDTst_pirTest/StreamSumFields_1/log/gentst.log,../gen/MDTst_pirTest/StreamSumFields_1/log/maketst.log,../gen/MDTst_pirTest/StreamSumFields_1/log/runtst.log,True,,,,,,,,,,,False,False,False,100,,,,,,,,False,,,,,,,,,,,,,,,,,,,,,10.281477526,,307,,True,False,True,0.0,0.0,0.0,True
6f9fd826,2019-06-05 13:57:44,SumSquare_0,pirTest,MDTst,1000000000.0,../gen/MDTst_pirTest/SumSquare_0/log/mappir.log,../gen/MDTst_pirTest/SumSquare_0/log/runpir.log,../gen/MDTst_pirTest/SumSquare_0/log/genpsim.log,../gen/MDTst_pirTest/SumSquare_0/log/gentrace.log,../gen/MDTst_pirTest/SumSquare_0/log/runpsim.log,../gen/MDTst_pirTest/SumSquare_0/log/runpsim.sh,../gen/MDTst_pirTest/SumSquare_0/log/runproute.log,../gen/MDTst_pirTest/SumSquare_0/log/runproute.sh,../gen/MDTst_pirTest/SumSquare_0/plastisim/summary.csv,../gen/MDTst_pirTest/SumSquare_0/pir/AccelMain.scala,../gen/MDTst_pirTest/SumSquare_0/log/,../gen/MDTst_pirTest/SumSquare_0/log/gentst.log,../gen/MDTst_pirTest/SumSquare_0/log/maketst.log,../gen/MDTst_pirTest/SumSquare_0/log/runtst.log,True,,,,,,,,,,,False,False,False,100,,,,,,,,False,,,,,,,,,,,,,,,,,,,,,4.431123969,,237,,True,False,True,0.0,0.0,0.0,True
6f9fd826,2019-06-05 13:57:44,SumSquare_1,pirTest,MDTst,1000000000.0,../gen/MDTst_pirTest/SumSquare_1/log/mappir.log,../gen/MDTst_pirTest/SumSquare_1/log/runpir.log,../gen/MDTst_pirTest/SumSquare_1/log/genpsim.log,../gen/MDTst_pirTest/SumSquare_1/log/gentrace.log,../gen/MDTst_pirTest/SumSquare_1/log/runpsim.log,../gen/MDTst_pirTest/SumSquare_1/log/runpsim.sh,../gen/MDTst_pirTest/SumSquare_1/log/runproute.log,../gen/MDTst_pirTest/SumSquare_1/log/runproute.sh,../gen/MDTst_pirTest/SumSquare_1/plastisim/summary.csv,../gen/MDTst_pirTest/SumSquare_1/pir/AccelMain.scala,../gen/MDTst_pirTest/SumSquare_1/log/,../gen/MDTst_pirTest/SumSquare_1/log/gentst.log,../gen/MDTst_pirTest/SumSquare_1/log/maketst.log,../gen/MDTst_pirTest/SumSquare_1/log/runtst.log,True,,,,,,,,,,,False,False,False,100,,,,,,,,False,,,,,,,,,,,,,,,,,,,,,4.758540659,,1042,,True,False,True,0.0,0.0,0.0,True
6f9fd826,2019-06-05 13:57:44,SumSquare_2,pirTest,MDTst,1000000000.0,../gen/MDTst_pirTest/SumSquare_2/log/mappir.log,../gen/MDTst_pirTest/SumSquare_2/log/runpir.log,../gen/MDTst_pirTest/SumSquare_2/log/genpsim.log,../gen/MDTst_pirTest/SumSquare_2/log/gentrace.log,../gen/MDTst_pirTest/SumSquare_2/log/runpsim.log,../gen/MDTst_pirTest/SumSquare_2/log/runpsim.sh,../gen/MDTst_pirTest/SumSquare_2/log/runproute.log,../gen/MDTst_pirTest/SumSquare_2/log/runproute.sh,../gen/MDTst_pirTest/SumSquare_2/plastisim/summary.csv,../gen/MDTst_pirTest/SumSquare_2/pir/AccelMain.scala,../gen/MDTst_pirTest/SumSquare_2/log/,../gen/MDTst_pirTest/SumSquare_2/log/gentst.log,../gen/MDTst_pirTest/SumSquare_2/log/maketst.log,../gen/MDTst_pirTest/SumSquare_2/log/runtst.log,True,,,,,,,,,,,False,False,False,100,,,,,,,,False,,,,,,,,,,,,,,,,,,,,,5.260266767,,370,,True,False,True,0.0,0.0,0.0,True
6f9fd826,2019-06-05 13:57:44,SumSquare_3,pirTest,MDTst,1000000000.0,../gen/MDTst_pirTest/SumSquare_3/log/mappir.log,../gen/MDTst_pirTest/SumSquare_3/log/runpir.log,../gen/MDTst_pirTest/SumSquare_3/log/genpsim.log,../gen/MDTst_pirTest/SumSquare_3/log/gentrace.log,../gen/MDTst_pirTest/SumSquare_3/log/runpsim.log,../gen/MDTst_pirTest/SumSquare_3/log/runpsim.sh,../gen/MDTst_pirTest/SumSquare_3/log/runproute.log,../gen/MDTst_pirTest/SumSquare_3/log/runproute.sh,../gen/MDTst_pirTest/SumSquare_3/plastisim/summary.csv,../gen/MDTst_pirTest/SumSquare_3/pir/AccelMain.scala,../gen/MDTst_pirTest/SumSquare_3/log/,../gen/MDTst_pirTest/SumSquare_3/log/gentst.log,../gen/MDTst_pirTest/SumSquare_3/log/maketst.log,../gen/MDTst_pirTest/SumSquare_3/log/runtst.log,True,,,,,,,,,,,False,False,False,100,,,,,,,,False,,,,,,,,,,,,,,,,,,,,,5.269787243,,530,,True,False,True,0.0,0.0,0.0,True
6f9fd826,2019-06-05 13:57:44,SumSquare_5,pirTest,MDTst,1000000000.0,../gen/MDTst_pirTest/SumSquare_5/log/mappir.log,../gen/MDTst_pirTest/SumSquare_5/log/runpir.log,../gen/MDTst_pirTest/SumSquare_5/log/genpsim.log,../gen/MDTst_pirTest/SumSquare_5/log/gentrace.log,../gen/MDTst_pirTest/SumSquare_5/log/runpsim.log,../gen/MDTst_pirTest/SumSquare_5/log/runpsim.sh,../gen/MDTst_pirTest/SumSquare_5/log/runproute.log,../gen/MDTst_pirTest/SumSquare_5/log/runproute.sh,../gen/MDTst_pirTest/SumSquare_5/plastisim/summary.csv,../gen/MDTst_pirTest/SumSquare_5/pir/AccelMain.scala,../gen/MDTst_pirTest/SumSquare_5/log/,../gen/MDTst_pirTest/SumSquare_5/log/gentst.log,../gen/MDTst_pirTest/SumSquare_5/log/maketst.log,../gen/MDTst_pirTest/SumSquare_5/log/runtst.log,True,,,,,,,,,,,False,False,False,100,,,,,,,,False,,,,,,,,,,,,,,,,,,,,,5.892886424,,194,,True,False,True,0.0,0.0,0.0,True
6f9fd826,2019-06-05 13:57:44,TPCHQ6_0,pirTest,MDTst,1000000000.0,../gen/MDTst_pirTest/TPCHQ6_0/log/mappir.log,../gen/MDTst_pirTest/TPCHQ6_0/log/runpir.log,../gen/MDTst_pirTest/TPCHQ6_0/log/genpsim.log,../gen/MDTst_pirTest/TPCHQ6_0/log/gentrace.log,../gen/MDTst_pirTest/TPCHQ6_0/log/runpsim.log,../gen/MDTst_pirTest/TPCHQ6_0/log/runpsim.sh,../gen/MDTst_pirTest/TPCHQ6_0/log/runproute.log,../gen/MDTst_pirTest/TPCHQ6_0/log/runproute.sh,../gen/MDTst_pirTest/TPCHQ6_0/plastisim/summary.csv,../gen/MDTst_pirTest/TPCHQ6_0/pir/AccelMain.scala,../gen/MDTst_pirTest/TPCHQ6_0/log/,../gen/MDTst_pirTest/TPCHQ6_0/log/gentst.log,../gen/MDTst_pirTest/TPCHQ6_0/log/maketst.log,../gen/MDTst_pirTest/TPCHQ6_0/log/runtst.log,True,,,,,,,,,,,False,False,False,100,,,,,,,,False,,,,,,,,,,,,,,,,,,,,,11.577151333,,425,,True,False,True,0.0,38.551,0.0,True
6f9fd826,2019-06-05 13:57:44,TPCHQ6_1,pirTest,MDTst,1000000000.0,../gen/MDTst_pirTest/TPCHQ6_1/log/mappir.log,../gen/MDTst_pirTest/TPCHQ6_1/log/runpir.log,../gen/MDTst_pirTest/TPCHQ6_1/log/genpsim.log,../gen/MDTst_pirTest/TPCHQ6_1/log/gentrace.log,../gen/MDTst_pirTest/TPCHQ6_1/log/runpsim.log,../gen/MDTst_pirTest/TPCHQ6_1/log/runpsim.sh,../gen/MDTst_pirTest/TPCHQ6_1/log/runproute.log,../gen/MDTst_pirTest/TPCHQ6_1/log/runproute.sh,../gen/MDTst_pirTest/TPCHQ6_1/plastisim/summary.csv,../gen/MDTst_pirTest/TPCHQ6_1/pir/AccelMain.scala,../gen/MDTst_pirTest/TPCHQ6_1/log/,../gen/MDTst_pirTest/TPCHQ6_1/log/gentst.log,../gen/MDTst_pirTest/TPCHQ6_1/log/maketst.log,../gen/MDTst_pirTest/TPCHQ6_1/log/runtst.log,True,,,,,,,,,,,False,False,False,100,,,,,,,,False,,,,,,,,,,,,,,,,,,,,,12.069622263,,2388,,True,False,True,0.0,6.861,0.0,True
6f9fd826,2019-06-05 13:57:44,TPCHQ6_2,pirTest,MDTst,1000000000.0,../gen/MDTst_pirTest/TPCHQ6_2/log/mappir.log,../gen/MDTst_pirTest/TPCHQ6_2/log/runpir.log,../gen/MDTst_pirTest/TPCHQ6_2/log/genpsim.log,../gen/MDTst_pirTest/TPCHQ6_2/log/gentrace.log,../gen/MDTst_pirTest/TPCHQ6_2/log/runpsim.log,../gen/MDTst_pirTest/TPCHQ6_2/log/runpsim.sh,../gen/MDTst_pirTest/TPCHQ6_2/log/runproute.log,../gen/MDTst_pirTest/TPCHQ6_2/log/runproute.sh,../gen/MDTst_pirTest/TPCHQ6_2/plastisim/summary.csv,../gen/MDTst_pirTest/TPCHQ6_2/pir/AccelMain.scala,../gen/MDTst_pirTest/TPCHQ6_2/log/,../gen/MDTst_pirTest/TPCHQ6_2/log/gentst.log,../gen/MDTst_pirTest/TPCHQ6_2/log/maketst.log,../gen/MDTst_pirTest/TPCHQ6_2/log/runtst.log,True,,,,,,,,,,,False,False,False,100,,,,,,,,False,,,,,,,,,,,,,,,,,,,,,19.445147408,,441,,True,False,True,0.0,37.152,0.0,True
6f9fd826,2019-06-05 13:57:44,TPCHQ6_3,pirTest,MDTst,1000000000.0,../gen/MDTst_pirTest/TPCHQ6_3/log/mappir.log,../gen/MDTst_pirTest/TPCHQ6_3/log/runpir.log,../gen/MDTst_pirTest/TPCHQ6_3/log/genpsim.log,../gen/MDTst_pirTest/TPCHQ6_3/log/gentrace.log,../gen/MDTst_pirTest/TPCHQ6_3/log/runpsim.log,../gen/MDTst_pirTest/TPCHQ6_3/log/runpsim.sh,../gen/MDTst_pirTest/TPCHQ6_3/log/runproute.log,../gen/MDTst_pirTest/TPCHQ6_3/log/runproute.sh,../gen/MDTst_pirTest/TPCHQ6_3/plastisim/summary.csv,../gen/MDTst_pirTest/TPCHQ6_3/pir/AccelMain.scala,../gen/MDTst_pirTest/TPCHQ6_3/log/,../gen/MDTst_pirTest/TPCHQ6_3/log/gentst.log,../gen/MDTst_pirTest/TPCHQ6_3/log/maketst.log,../gen/MDTst_pirTest/TPCHQ6_3/log/runtst.log,True,,,,,,,,,,,False,False,False,100,,,,,,,,False,,,,,,,,,,,,,,,,,,,,,21.221516741,,2051,,True,False,True,0.0,7.988,0.0,True
6f9fd826,2019-06-05 13:57:44,TPCHQ6_4,pirTest,MDTst,1000000000.0,../gen/MDTst_pirTest/TPCHQ6_4/log/mappir.log,../gen/MDTst_pirTest/TPCHQ6_4/log/runpir.log,../gen/MDTst_pirTest/TPCHQ6_4/log/genpsim.log,../gen/MDTst_pirTest/TPCHQ6_4/log/gentrace.log,../gen/MDTst_pirTest/TPCHQ6_4/log/runpsim.log,../gen/MDTst_pirTest/TPCHQ6_4/log/runpsim.sh,../gen/MDTst_pirTest/TPCHQ6_4/log/runproute.log,../gen/MDTst_pirTest/TPCHQ6_4/log/runproute.sh,../gen/MDTst_pirTest/TPCHQ6_4/plastisim/summary.csv,../gen/MDTst_pirTest/TPCHQ6_4/pir/AccelMain.scala,../gen/MDTst_pirTest/TPCHQ6_4/log/,../gen/MDTst_pirTest/TPCHQ6_4/log/gentst.log,../gen/MDTst_pirTest/TPCHQ6_4/log/maketst.log,../gen/MDTst_pirTest/TPCHQ6_4/log/runtst.log,True,,,,,,,,,,,False,False,False,100,,,,,,,,False,,,,,,,,,,,,,,,,,,,,,44.729622456,,434,,True,False,True,0.0,37.751,0.0,True
6f9fd826,2019-06-05 13:57:44,VecTest,pirTest,MDTst,1000000000.0,../gen/MDTst_pirTest/VecTest/log/mappir.log,../gen/MDTst_pirTest/VecTest/log/runpir.log,../gen/MDTst_pirTest/VecTest/log/genpsim.log,../gen/MDTst_pirTest/VecTest/log/gentrace.log,../gen/MDTst_pirTest/VecTest/log/runpsim.log,../gen/MDTst_pirTest/VecTest/log/runpsim.sh,../gen/MDTst_pirTest/VecTest/log/runproute.log,../gen/MDTst_pirTest/VecTest/log/runproute.sh,../gen/MDTst_pirTest/VecTest/plastisim/summary.csv,../gen/MDTst_pirTest/VecTest/pir/AccelMain.scala,../gen/MDTst_pirTest/VecTest/log/,../gen/MDTst_pirTest/VecTest/log/gentst.log,../gen/MDTst_pirTest/VecTest/log/maketst.log,../gen/MDTst_pirTest/VecTest/log/runtst.log,True,,,,,,,,,,,False,False,False,100,,,,,,,,False,,,,,,,,,,,,,,,,,,,,,12.581209111,,588,,True,False,True,0.0,0.218,6.966,True
