spatial_sha,time,app,project,backend,freq,mappirlog,runpirlog,genpsimlog,gentracelog,runpsimlog,psimsh,runproutelog,proutesh,prouteSummary,AccelMain,logpath,gentstlog,maketstlog,runtstlog,genpir,genpir_err,runpir_time,runpir_err,notFit,MC,DAG,PMU,PCU,row,col,p2p,asic,scheduled,fifo_depth,mappir_err,mappir_time,genpsim_err,gentrace_err,psimcycle,lbw,sbw,psim_deadlock,algo,pattern,slink,vlink,prtime,vcLimit,DynHopsVec,DynHopsScal,StatHopsVec,StatHopsScal,Score,NetVC,TotPkts,LinkLim,InjectLim,EjectLim,LongRoute,Q0Pct,Q0Lim,gentst_err,gentst_time,maketst_err,maketst_time,tstcycle,runtst_err,runtst_pass,tst_deadlock,tst_complete,tst_dram_power,tst_rbw,tst_wbw,runtst_time,succeeded
d49f9ee,2019-06-27 13:31:37,BlackScholes_0,pirTest,Tst,1000000000.0,../gen/Tst_pirTest/BlackScholes_0/log/mappir.log,../gen/Tst_pirTest/BlackScholes_0/log/runpir.log,../gen/Tst_pirTest/BlackScholes_0/log/genpsim.log,../gen/Tst_pirTest/BlackScholes_0/log/gentrace.log,../gen/Tst_pirTest/BlackScholes_0/log/runpsim.log,../gen/Tst_pirTest/BlackScholes_0/log/runpsim.sh,../gen/Tst_pirTest/BlackScholes_0/log/runproute.log,../gen/Tst_pirTest/BlackScholes_0/log/runproute.sh,../gen/Tst_pirTest/BlackScholes_0/plastisim/summary.csv,../gen/Tst_pirTest/BlackScholes_0/pir/AccelMain.scala,../gen/Tst_pirTest/BlackScholes_0/log/,../gen/Tst_pirTest/BlackScholes_0/log/gentst.log,../gen/Tst_pirTest/BlackScholes_0/log/maketst.log,../gen/Tst_pirTest/BlackScholes_0/log/runtst.log,True,,,,,,,,,,,False,False,False,100,,,,,,,,False,,,,,,,,,,,,,,,,,,,,"[[31merror[0m] failed bash iroute.sh
",24.870474401,,,,,,False,False,,,,,False
d49f9ee,2019-06-27 13:31:37,BlackScholes_1,pirTest,Tst,1000000000.0,../gen/Tst_pirTest/BlackScholes_1/log/mappir.log,../gen/Tst_pirTest/BlackScholes_1/log/runpir.log,../gen/Tst_pirTest/BlackScholes_1/log/genpsim.log,../gen/Tst_pirTest/BlackScholes_1/log/gentrace.log,../gen/Tst_pirTest/BlackScholes_1/log/runpsim.log,../gen/Tst_pirTest/BlackScholes_1/log/runpsim.sh,../gen/Tst_pirTest/BlackScholes_1/log/runproute.log,../gen/Tst_pirTest/BlackScholes_1/log/runproute.sh,../gen/Tst_pirTest/BlackScholes_1/plastisim/summary.csv,../gen/Tst_pirTest/BlackScholes_1/pir/AccelMain.scala,../gen/Tst_pirTest/BlackScholes_1/log/,../gen/Tst_pirTest/BlackScholes_1/log/gentst.log,../gen/Tst_pirTest/BlackScholes_1/log/maketst.log,../gen/Tst_pirTest/BlackScholes_1/log/runtst.log,True,,,,,,,,,,,False,False,False,100,,,,,,,,False,,,,,,,,,,,,,,,,,,,,"[[31merror[0m] failed bash iroute.sh
",36.968662578,,,,,,False,False,,,,,False
d49f9ee,2019-06-27 13:31:37,BreakTest,pirTest,Tst,1000000000.0,../gen/Tst_pirTest/BreakTest/log/mappir.log,../gen/Tst_pirTest/BreakTest/log/runpir.log,../gen/Tst_pirTest/BreakTest/log/genpsim.log,../gen/Tst_pirTest/BreakTest/log/gentrace.log,../gen/Tst_pirTest/BreakTest/log/runpsim.log,../gen/Tst_pirTest/BreakTest/log/runpsim.sh,../gen/Tst_pirTest/BreakTest/log/runproute.log,../gen/Tst_pirTest/BreakTest/log/runproute.sh,../gen/Tst_pirTest/BreakTest/plastisim/summary.csv,../gen/Tst_pirTest/BreakTest/pir/AccelMain.scala,../gen/Tst_pirTest/BreakTest/log/,../gen/Tst_pirTest/BreakTest/log/gentst.log,../gen/Tst_pirTest/BreakTest/log/maketst.log,../gen/Tst_pirTest/BreakTest/log/runtst.log,True,,,,,,,,,,,False,False,False,100,,,,,,,,False,,,,,,,,,,,,,,,,,,,,"[[31merror[0m] failed bash iroute.sh
",3.613223971,,,,,,False,False,,,,,False
d49f9ee,2019-06-27 13:31:37,BroadcastTest,pirTest,Tst,1000000000.0,../gen/Tst_pirTest/BroadcastTest/log/mappir.log,../gen/Tst_pirTest/BroadcastTest/log/runpir.log,../gen/Tst_pirTest/BroadcastTest/log/genpsim.log,../gen/Tst_pirTest/BroadcastTest/log/gentrace.log,../gen/Tst_pirTest/BroadcastTest/log/runpsim.log,../gen/Tst_pirTest/BroadcastTest/log/runpsim.sh,../gen/Tst_pirTest/BroadcastTest/log/runproute.log,../gen/Tst_pirTest/BroadcastTest/log/runproute.sh,../gen/Tst_pirTest/BroadcastTest/plastisim/summary.csv,../gen/Tst_pirTest/BroadcastTest/pir/AccelMain.scala,../gen/Tst_pirTest/BroadcastTest/log/,../gen/Tst_pirTest/BroadcastTest/log/gentst.log,../gen/Tst_pirTest/BroadcastTest/log/maketst.log,../gen/Tst_pirTest/BroadcastTest/log/runtst.log,True,,,,,,,,,,,False,False,False,100,,,,,,,,False,,,,,,,,,,,,,,,,,,,,"[[31merror[0m] failed bash iroute.sh
",13.505554816,,,,,,False,False,,,,,False
d49f9ee,2019-06-27 13:31:37,DotProduct_0,pirTest,Tst,1000000000.0,../gen/Tst_pirTest/DotProduct_0/log/mappir.log,../gen/Tst_pirTest/DotProduct_0/log/runpir.log,../gen/Tst_pirTest/DotProduct_0/log/genpsim.log,../gen/Tst_pirTest/DotProduct_0/log/gentrace.log,../gen/Tst_pirTest/DotProduct_0/log/runpsim.log,../gen/Tst_pirTest/DotProduct_0/log/runpsim.sh,../gen/Tst_pirTest/DotProduct_0/log/runproute.log,../gen/Tst_pirTest/DotProduct_0/log/runproute.sh,../gen/Tst_pirTest/DotProduct_0/plastisim/summary.csv,../gen/Tst_pirTest/DotProduct_0/pir/AccelMain.scala,../gen/Tst_pirTest/DotProduct_0/log/,../gen/Tst_pirTest/DotProduct_0/log/gentst.log,../gen/Tst_pirTest/DotProduct_0/log/maketst.log,../gen/Tst_pirTest/DotProduct_0/log/runtst.log,True,,,,,,,,,,,False,False,False,100,,,,,,,,False,,,,,,,,,,,,,,,,,,,,"[[31merror[0m] failed bash iroute.sh
",12.448115342,,,,,,False,False,,,,,False
d49f9ee,2019-06-27 13:31:37,DotProduct_1,pirTest,Tst,1000000000.0,../gen/Tst_pirTest/DotProduct_1/log/mappir.log,../gen/Tst_pirTest/DotProduct_1/log/runpir.log,../gen/Tst_pirTest/DotProduct_1/log/genpsim.log,../gen/Tst_pirTest/DotProduct_1/log/gentrace.log,../gen/Tst_pirTest/DotProduct_1/log/runpsim.log,../gen/Tst_pirTest/DotProduct_1/log/runpsim.sh,../gen/Tst_pirTest/DotProduct_1/log/runproute.log,../gen/Tst_pirTest/DotProduct_1/log/runproute.sh,../gen/Tst_pirTest/DotProduct_1/plastisim/summary.csv,../gen/Tst_pirTest/DotProduct_1/pir/AccelMain.scala,../gen/Tst_pirTest/DotProduct_1/log/,../gen/Tst_pirTest/DotProduct_1/log/gentst.log,../gen/Tst_pirTest/DotProduct_1/log/maketst.log,../gen/Tst_pirTest/DotProduct_1/log/runtst.log,True,,,,,,,,,,,False,False,False,100,,,,,,,,False,,,,,,,,,,,,,,,,,,,,"[[31merror[0m] failed bash iroute.sh
",12.936425222,,,,,,False,False,,,,,False
d49f9ee,2019-06-27 13:31:37,DotProduct_2,pirTest,Tst,1000000000.0,../gen/Tst_pirTest/DotProduct_2/log/mappir.log,../gen/Tst_pirTest/DotProduct_2/log/runpir.log,../gen/Tst_pirTest/DotProduct_2/log/genpsim.log,../gen/Tst_pirTest/DotProduct_2/log/gentrace.log,../gen/Tst_pirTest/DotProduct_2/log/runpsim.log,../gen/Tst_pirTest/DotProduct_2/log/runpsim.sh,../gen/Tst_pirTest/DotProduct_2/log/runproute.log,../gen/Tst_pirTest/DotProduct_2/log/runproute.sh,../gen/Tst_pirTest/DotProduct_2/plastisim/summary.csv,../gen/Tst_pirTest/DotProduct_2/pir/AccelMain.scala,../gen/Tst_pirTest/DotProduct_2/log/,../gen/Tst_pirTest/DotProduct_2/log/gentst.log,../gen/Tst_pirTest/DotProduct_2/log/maketst.log,../gen/Tst_pirTest/DotProduct_2/log/runtst.log,True,,,,,,,,,,,False,False,False,100,,,,,,,,False,,,,,,,,,,,,,,,,,,,,"[[31merror[0m] failed bash iroute.sh
",12.789133285,,,,,,False,False,,,,,False
d49f9ee,2019-06-27 13:31:37,DotProduct_3,pirTest,Tst,1000000000.0,../gen/Tst_pirTest/DotProduct_3/log/mappir.log,../gen/Tst_pirTest/DotProduct_3/log/runpir.log,../gen/Tst_pirTest/DotProduct_3/log/genpsim.log,../gen/Tst_pirTest/DotProduct_3/log/gentrace.log,../gen/Tst_pirTest/DotProduct_3/log/runpsim.log,../gen/Tst_pirTest/DotProduct_3/log/runpsim.sh,../gen/Tst_pirTest/DotProduct_3/log/runproute.log,../gen/Tst_pirTest/DotProduct_3/log/runproute.sh,../gen/Tst_pirTest/DotProduct_3/plastisim/summary.csv,../gen/Tst_pirTest/DotProduct_3/pir/AccelMain.scala,../gen/Tst_pirTest/DotProduct_3/log/,../gen/Tst_pirTest/DotProduct_3/log/gentst.log,../gen/Tst_pirTest/DotProduct_3/log/maketst.log,../gen/Tst_pirTest/DotProduct_3/log/runtst.log,True,,,,,,,,,,,False,False,False,100,,,,,,,,False,,,,,,,,,,,,,,,,,,,,"[[31merror[0m] failed bash iroute.sh
",21.527549612,,,,,,False,False,,,,,False
d49f9ee,2019-06-27 13:31:37,DotProduct_4,pirTest,Tst,1000000000.0,../gen/Tst_pirTest/DotProduct_4/log/mappir.log,../gen/Tst_pirTest/DotProduct_4/log/runpir.log,../gen/Tst_pirTest/DotProduct_4/log/genpsim.log,../gen/Tst_pirTest/DotProduct_4/log/gentrace.log,../gen/Tst_pirTest/DotProduct_4/log/runpsim.log,../gen/Tst_pirTest/DotProduct_4/log/runpsim.sh,../gen/Tst_pirTest/DotProduct_4/log/runproute.log,../gen/Tst_pirTest/DotProduct_4/log/runproute.sh,../gen/Tst_pirTest/DotProduct_4/plastisim/summary.csv,../gen/Tst_pirTest/DotProduct_4/pir/AccelMain.scala,../gen/Tst_pirTest/DotProduct_4/log/,../gen/Tst_pirTest/DotProduct_4/log/gentst.log,../gen/Tst_pirTest/DotProduct_4/log/maketst.log,../gen/Tst_pirTest/DotProduct_4/log/runtst.log,True,,,,,,,,,,,False,False,False,100,,,,,,,,False,,,,,,,,,,,,,,,,,,,,"[[31merror[0m] failed bash iroute.sh
",43.844219228,,,,,,False,False,,,,,False
d49f9ee,2019-06-27 13:31:37,GDA_0,pirTest,Tst,1000000000.0,../gen/Tst_pirTest/GDA_0/log/mappir.log,../gen/Tst_pirTest/GDA_0/log/runpir.log,../gen/Tst_pirTest/GDA_0/log/genpsim.log,../gen/Tst_pirTest/GDA_0/log/gentrace.log,../gen/Tst_pirTest/GDA_0/log/runpsim.log,../gen/Tst_pirTest/GDA_0/log/runpsim.sh,../gen/Tst_pirTest/GDA_0/log/runproute.log,../gen/Tst_pirTest/GDA_0/log/runproute.sh,../gen/Tst_pirTest/GDA_0/plastisim/summary.csv,../gen/Tst_pirTest/GDA_0/pir/AccelMain.scala,../gen/Tst_pirTest/GDA_0/log/,../gen/Tst_pirTest/GDA_0/log/gentst.log,../gen/Tst_pirTest/GDA_0/log/maketst.log,../gen/Tst_pirTest/GDA_0/log/runtst.log,True,,,,,,,,,,,False,False,False,100,,,,,,,,False,,,,,,,,,,,,,,,,,,,,"[[31merror[0m] failed bash iroute.sh
",24.753085728,,,,,,False,False,,,,,False
d49f9ee,2019-06-27 13:31:37,GDA_1,pirTest,Tst,1000000000.0,../gen/Tst_pirTest/GDA_1/log/mappir.log,../gen/Tst_pirTest/GDA_1/log/runpir.log,../gen/Tst_pirTest/GDA_1/log/genpsim.log,../gen/Tst_pirTest/GDA_1/log/gentrace.log,../gen/Tst_pirTest/GDA_1/log/runpsim.log,../gen/Tst_pirTest/GDA_1/log/runpsim.sh,../gen/Tst_pirTest/GDA_1/log/runproute.log,../gen/Tst_pirTest/GDA_1/log/runproute.sh,../gen/Tst_pirTest/GDA_1/plastisim/summary.csv,../gen/Tst_pirTest/GDA_1/pir/AccelMain.scala,../gen/Tst_pirTest/GDA_1/log/,../gen/Tst_pirTest/GDA_1/log/gentst.log,../gen/Tst_pirTest/GDA_1/log/maketst.log,../gen/Tst_pirTest/GDA_1/log/runtst.log,True,,,,,,,,,,,False,False,False,100,,,,,,,,False,,,,,,,,,,,,,,,,,,,,"[[31merror[0m] failed bash iroute.sh
",25.602575424,,,,,,False,False,,,,,False
d49f9ee,2019-06-27 13:31:37,GDA_14,pirTest,Tst,1000000000.0,../gen/Tst_pirTest/GDA_14/log/mappir.log,../gen/Tst_pirTest/GDA_14/log/runpir.log,../gen/Tst_pirTest/GDA_14/log/genpsim.log,../gen/Tst_pirTest/GDA_14/log/gentrace.log,../gen/Tst_pirTest/GDA_14/log/runpsim.log,../gen/Tst_pirTest/GDA_14/log/runpsim.sh,../gen/Tst_pirTest/GDA_14/log/runproute.log,../gen/Tst_pirTest/GDA_14/log/runproute.sh,../gen/Tst_pirTest/GDA_14/plastisim/summary.csv,../gen/Tst_pirTest/GDA_14/pir/AccelMain.scala,../gen/Tst_pirTest/GDA_14/log/,../gen/Tst_pirTest/GDA_14/log/gentst.log,../gen/Tst_pirTest/GDA_14/log/maketst.log,../gen/Tst_pirTest/GDA_14/log/runtst.log,True,,,,,,,,,,,False,False,False,100,,,,,,,,False,,,,,,,,,,,,,,,,,,,,"[[31merror[0m] failed bash iroute.sh
",32.094902555,,,,,,False,False,,,,,False
d49f9ee,2019-06-27 13:31:37,GDA_2,pirTest,Tst,1000000000.0,../gen/Tst_pirTest/GDA_2/log/mappir.log,../gen/Tst_pirTest/GDA_2/log/runpir.log,../gen/Tst_pirTest/GDA_2/log/genpsim.log,../gen/Tst_pirTest/GDA_2/log/gentrace.log,../gen/Tst_pirTest/GDA_2/log/runpsim.log,../gen/Tst_pirTest/GDA_2/log/runpsim.sh,../gen/Tst_pirTest/GDA_2/log/runproute.log,../gen/Tst_pirTest/GDA_2/log/runproute.sh,../gen/Tst_pirTest/GDA_2/plastisim/summary.csv,../gen/Tst_pirTest/GDA_2/pir/AccelMain.scala,../gen/Tst_pirTest/GDA_2/log/,../gen/Tst_pirTest/GDA_2/log/gentst.log,../gen/Tst_pirTest/GDA_2/log/maketst.log,../gen/Tst_pirTest/GDA_2/log/runtst.log,True,,,,,,,,,,,False,False,False,100,,,,,,,,False,,,,,,,,,,,,,,,,,,,,"[[31merror[0m] failed bash iroute.sh
",47.050700428,,,,,,False,False,,,,,False
d49f9ee,2019-06-27 13:31:37,GDA_3,pirTest,Tst,1000000000.0,../gen/Tst_pirTest/GDA_3/log/mappir.log,../gen/Tst_pirTest/GDA_3/log/runpir.log,../gen/Tst_pirTest/GDA_3/log/genpsim.log,../gen/Tst_pirTest/GDA_3/log/gentrace.log,../gen/Tst_pirTest/GDA_3/log/runpsim.log,../gen/Tst_pirTest/GDA_3/log/runpsim.sh,../gen/Tst_pirTest/GDA_3/log/runproute.log,../gen/Tst_pirTest/GDA_3/log/runproute.sh,../gen/Tst_pirTest/GDA_3/plastisim/summary.csv,../gen/Tst_pirTest/GDA_3/pir/AccelMain.scala,../gen/Tst_pirTest/GDA_3/log/,../gen/Tst_pirTest/GDA_3/log/gentst.log,../gen/Tst_pirTest/GDA_3/log/maketst.log,../gen/Tst_pirTest/GDA_3/log/runtst.log,True,,,,,,,,,,,False,False,False,100,,,,,,,,False,,,,,,,,,,,,,,,,,,,,"[[31merror[0m] failed bash iroute.sh
",28.42942215,,,,,,False,False,,,,,False
d49f9ee,2019-06-27 13:31:37,GDA_4,pirTest,Tst,1000000000.0,../gen/Tst_pirTest/GDA_4/log/mappir.log,../gen/Tst_pirTest/GDA_4/log/runpir.log,../gen/Tst_pirTest/GDA_4/log/genpsim.log,../gen/Tst_pirTest/GDA_4/log/gentrace.log,../gen/Tst_pirTest/GDA_4/log/runpsim.log,../gen/Tst_pirTest/GDA_4/log/runpsim.sh,../gen/Tst_pirTest/GDA_4/log/runproute.log,../gen/Tst_pirTest/GDA_4/log/runproute.sh,../gen/Tst_pirTest/GDA_4/plastisim/summary.csv,../gen/Tst_pirTest/GDA_4/pir/AccelMain.scala,../gen/Tst_pirTest/GDA_4/log/,../gen/Tst_pirTest/GDA_4/log/gentst.log,../gen/Tst_pirTest/GDA_4/log/maketst.log,../gen/Tst_pirTest/GDA_4/log/runtst.log,True,,,,,,,,,,,False,False,False,100,,,,,,,,False,,,,,,,,,,,,,,,,,,,,"[[31merror[0m] failed bash iroute.sh
",57.904908748,,,,,,False,False,,,,,False
d49f9ee,2019-06-27 13:31:37,GDA_5,pirTest,Tst,1000000000.0,../gen/Tst_pirTest/GDA_5/log/mappir.log,../gen/Tst_pirTest/GDA_5/log/runpir.log,../gen/Tst_pirTest/GDA_5/log/genpsim.log,../gen/Tst_pirTest/GDA_5/log/gentrace.log,../gen/Tst_pirTest/GDA_5/log/runpsim.log,../gen/Tst_pirTest/GDA_5/log/runpsim.sh,../gen/Tst_pirTest/GDA_5/log/runproute.log,../gen/Tst_pirTest/GDA_5/log/runproute.sh,../gen/Tst_pirTest/GDA_5/plastisim/summary.csv,../gen/Tst_pirTest/GDA_5/pir/AccelMain.scala,../gen/Tst_pirTest/GDA_5/log/,../gen/Tst_pirTest/GDA_5/log/gentst.log,../gen/Tst_pirTest/GDA_5/log/maketst.log,../gen/Tst_pirTest/GDA_5/log/runtst.log,True,,,,,,,,,,,False,False,False,100,,,,,,,,False,,,,,,,,,,,,,,,,,,,,"[[31merror[0m] failed bash iroute.sh
",27.673645279,,,,,,False,False,,,,,False
d49f9ee,2019-06-27 13:31:37,GDA_6,pirTest,Tst,1000000000.0,../gen/Tst_pirTest/GDA_6/log/mappir.log,../gen/Tst_pirTest/GDA_6/log/runpir.log,../gen/Tst_pirTest/GDA_6/log/genpsim.log,../gen/Tst_pirTest/GDA_6/log/gentrace.log,../gen/Tst_pirTest/GDA_6/log/runpsim.log,../gen/Tst_pirTest/GDA_6/log/runpsim.sh,../gen/Tst_pirTest/GDA_6/log/runproute.log,../gen/Tst_pirTest/GDA_6/log/runproute.sh,../gen/Tst_pirTest/GDA_6/plastisim/summary.csv,../gen/Tst_pirTest/GDA_6/pir/AccelMain.scala,../gen/Tst_pirTest/GDA_6/log/,../gen/Tst_pirTest/GDA_6/log/gentst.log,../gen/Tst_pirTest/GDA_6/log/maketst.log,../gen/Tst_pirTest/GDA_6/log/runtst.log,True,,,,,,,,,,,False,False,False,100,,,,,,,,False,,,,,,,,,,,,,,,,,,,,"[[31merror[0m] failed bash iroute.sh
",38.562614536,,,,,,False,False,,,,,False
d49f9ee,2019-06-27 13:31:37,GEMM_0,pirTest,Tst,1000000000.0,../gen/Tst_pirTest/GEMM_0/log/mappir.log,../gen/Tst_pirTest/GEMM_0/log/runpir.log,../gen/Tst_pirTest/GEMM_0/log/genpsim.log,../gen/Tst_pirTest/GEMM_0/log/gentrace.log,../gen/Tst_pirTest/GEMM_0/log/runpsim.log,../gen/Tst_pirTest/GEMM_0/log/runpsim.sh,../gen/Tst_pirTest/GEMM_0/log/runproute.log,../gen/Tst_pirTest/GEMM_0/log/runproute.sh,../gen/Tst_pirTest/GEMM_0/plastisim/summary.csv,../gen/Tst_pirTest/GEMM_0/pir/AccelMain.scala,../gen/Tst_pirTest/GEMM_0/log/,../gen/Tst_pirTest/GEMM_0/log/gentst.log,../gen/Tst_pirTest/GEMM_0/log/maketst.log,../gen/Tst_pirTest/GEMM_0/log/runtst.log,True,,,,,,,,,,,False,False,False,100,,,,,,,,False,,,,,,,,,,,,,,,,,,,,"[[31merror[0m] failed bash iroute.sh
",18.570012743,,,,,,False,False,,,,,False
d49f9ee,2019-06-27 13:31:37,GEMM_1,pirTest,Tst,1000000000.0,../gen/Tst_pirTest/GEMM_1/log/mappir.log,../gen/Tst_pirTest/GEMM_1/log/runpir.log,../gen/Tst_pirTest/GEMM_1/log/genpsim.log,../gen/Tst_pirTest/GEMM_1/log/gentrace.log,../gen/Tst_pirTest/GEMM_1/log/runpsim.log,../gen/Tst_pirTest/GEMM_1/log/runpsim.sh,../gen/Tst_pirTest/GEMM_1/log/runproute.log,../gen/Tst_pirTest/GEMM_1/log/runproute.sh,../gen/Tst_pirTest/GEMM_1/plastisim/summary.csv,../gen/Tst_pirTest/GEMM_1/pir/AccelMain.scala,../gen/Tst_pirTest/GEMM_1/log/,../gen/Tst_pirTest/GEMM_1/log/gentst.log,../gen/Tst_pirTest/GEMM_1/log/maketst.log,../gen/Tst_pirTest/GEMM_1/log/runtst.log,True,,,,,,,,,,,False,False,False,100,,,,,,,,False,,,,,,,,,,,,,,,,,,,,"[[31merror[0m] failed bash iroute.sh
",21.307572652,,,,,,False,False,,,,,False
d49f9ee,2019-06-27 13:31:37,GEMM_10,pirTest,Tst,1000000000.0,../gen/Tst_pirTest/GEMM_10/log/mappir.log,../gen/Tst_pirTest/GEMM_10/log/runpir.log,../gen/Tst_pirTest/GEMM_10/log/genpsim.log,../gen/Tst_pirTest/GEMM_10/log/gentrace.log,../gen/Tst_pirTest/GEMM_10/log/runpsim.log,../gen/Tst_pirTest/GEMM_10/log/runpsim.sh,../gen/Tst_pirTest/GEMM_10/log/runproute.log,../gen/Tst_pirTest/GEMM_10/log/runproute.sh,../gen/Tst_pirTest/GEMM_10/plastisim/summary.csv,../gen/Tst_pirTest/GEMM_10/pir/AccelMain.scala,../gen/Tst_pirTest/GEMM_10/log/,../gen/Tst_pirTest/GEMM_10/log/gentst.log,../gen/Tst_pirTest/GEMM_10/log/maketst.log,../gen/Tst_pirTest/GEMM_10/log/runtst.log,True,,,,,,,,,,,False,False,False,100,,,,,,,,False,,,,,,,,,,,,,,,,,,,,"[[31merror[0m] failed bash iroute.sh
",40.849670544,,,,,,False,False,,,,,False
d49f9ee,2019-06-27 13:31:37,GEMM_11,pirTest,Tst,1000000000.0,../gen/Tst_pirTest/GEMM_11/log/mappir.log,../gen/Tst_pirTest/GEMM_11/log/runpir.log,../gen/Tst_pirTest/GEMM_11/log/genpsim.log,../gen/Tst_pirTest/GEMM_11/log/gentrace.log,../gen/Tst_pirTest/GEMM_11/log/runpsim.log,../gen/Tst_pirTest/GEMM_11/log/runpsim.sh,../gen/Tst_pirTest/GEMM_11/log/runproute.log,../gen/Tst_pirTest/GEMM_11/log/runproute.sh,../gen/Tst_pirTest/GEMM_11/plastisim/summary.csv,../gen/Tst_pirTest/GEMM_11/pir/AccelMain.scala,../gen/Tst_pirTest/GEMM_11/log/,../gen/Tst_pirTest/GEMM_11/log/gentst.log,../gen/Tst_pirTest/GEMM_11/log/maketst.log,../gen/Tst_pirTest/GEMM_11/log/runtst.log,True,,,,,,,,,,,False,False,False,100,,,,,,,,False,,,,,,,,,,,,,,,,,,,,"[[31merror[0m] failed bash iroute.sh
",49.081383058,,,,,,False,False,,,,,False
d49f9ee,2019-06-27 13:31:37,GEMM_12,pirTest,Tst,1000000000.0,../gen/Tst_pirTest/GEMM_12/log/mappir.log,../gen/Tst_pirTest/GEMM_12/log/runpir.log,../gen/Tst_pirTest/GEMM_12/log/genpsim.log,../gen/Tst_pirTest/GEMM_12/log/gentrace.log,../gen/Tst_pirTest/GEMM_12/log/runpsim.log,../gen/Tst_pirTest/GEMM_12/log/runpsim.sh,../gen/Tst_pirTest/GEMM_12/log/runproute.log,../gen/Tst_pirTest/GEMM_12/log/runproute.sh,../gen/Tst_pirTest/GEMM_12/plastisim/summary.csv,../gen/Tst_pirTest/GEMM_12/pir/AccelMain.scala,../gen/Tst_pirTest/GEMM_12/log/,../gen/Tst_pirTest/GEMM_12/log/gentst.log,../gen/Tst_pirTest/GEMM_12/log/maketst.log,../gen/Tst_pirTest/GEMM_12/log/runtst.log,True,,,,,,,,,,,False,False,False,100,,,,,,,,False,,,,,,,,,,,,,,,,,,,,"[[31merror[0m] failed bash iroute.sh
",25.790770358,,,,,,False,False,,,,,False
d49f9ee,2019-06-27 13:31:37,GEMM_13,pirTest,Tst,1000000000.0,../gen/Tst_pirTest/GEMM_13/log/mappir.log,../gen/Tst_pirTest/GEMM_13/log/runpir.log,../gen/Tst_pirTest/GEMM_13/log/genpsim.log,../gen/Tst_pirTest/GEMM_13/log/gentrace.log,../gen/Tst_pirTest/GEMM_13/log/runpsim.log,../gen/Tst_pirTest/GEMM_13/log/runpsim.sh,../gen/Tst_pirTest/GEMM_13/log/runproute.log,../gen/Tst_pirTest/GEMM_13/log/runproute.sh,../gen/Tst_pirTest/GEMM_13/plastisim/summary.csv,../gen/Tst_pirTest/GEMM_13/pir/AccelMain.scala,../gen/Tst_pirTest/GEMM_13/log/,../gen/Tst_pirTest/GEMM_13/log/gentst.log,../gen/Tst_pirTest/GEMM_13/log/maketst.log,../gen/Tst_pirTest/GEMM_13/log/runtst.log,True,,,,,,,,,,,False,False,False,100,,,,,,,,False,,,,,,,,,,,,,,,,,,,,"[[31merror[0m] failed bash iroute.sh
",48.812672826,,,,,,False,False,,,,,False
d49f9ee,2019-06-27 13:31:37,GEMM_14,pirTest,Tst,1000000000.0,../gen/Tst_pirTest/GEMM_14/log/mappir.log,../gen/Tst_pirTest/GEMM_14/log/runpir.log,../gen/Tst_pirTest/GEMM_14/log/genpsim.log,../gen/Tst_pirTest/GEMM_14/log/gentrace.log,../gen/Tst_pirTest/GEMM_14/log/runpsim.log,../gen/Tst_pirTest/GEMM_14/log/runpsim.sh,../gen/Tst_pirTest/GEMM_14/log/runproute.log,../gen/Tst_pirTest/GEMM_14/log/runproute.sh,../gen/Tst_pirTest/GEMM_14/plastisim/summary.csv,../gen/Tst_pirTest/GEMM_14/pir/AccelMain.scala,../gen/Tst_pirTest/GEMM_14/log/,../gen/Tst_pirTest/GEMM_14/log/gentst.log,../gen/Tst_pirTest/GEMM_14/log/maketst.log,../gen/Tst_pirTest/GEMM_14/log/runtst.log,True,,,,,,,,,,,False,False,False,100,,,,,,,,False,,,,,,,,,,,,,,,,,,,,"[[31merror[0m] failed bash iroute.sh
",43.854337623,,,,,,False,False,,,,,False
d49f9ee,2019-06-27 13:31:37,GEMM_15,pirTest,Tst,1000000000.0,../gen/Tst_pirTest/GEMM_15/log/mappir.log,../gen/Tst_pirTest/GEMM_15/log/runpir.log,../gen/Tst_pirTest/GEMM_15/log/genpsim.log,../gen/Tst_pirTest/GEMM_15/log/gentrace.log,../gen/Tst_pirTest/GEMM_15/log/runpsim.log,../gen/Tst_pirTest/GEMM_15/log/runpsim.sh,../gen/Tst_pirTest/GEMM_15/log/runproute.log,../gen/Tst_pirTest/GEMM_15/log/runproute.sh,../gen/Tst_pirTest/GEMM_15/plastisim/summary.csv,../gen/Tst_pirTest/GEMM_15/pir/AccelMain.scala,../gen/Tst_pirTest/GEMM_15/log/,../gen/Tst_pirTest/GEMM_15/log/gentst.log,../gen/Tst_pirTest/GEMM_15/log/maketst.log,../gen/Tst_pirTest/GEMM_15/log/runtst.log,True,,,,,,,,,,,False,False,False,100,,,,,,,,False,,,,,,,,,,,,,,,,,,,,"[[31merror[0m] failed bash iroute.sh
",64.472638552,,,,,,False,False,,,,,False
d49f9ee,2019-06-27 13:31:37,GEMM_16,pirTest,Tst,1000000000.0,../gen/Tst_pirTest/GEMM_16/log/mappir.log,../gen/Tst_pirTest/GEMM_16/log/runpir.log,../gen/Tst_pirTest/GEMM_16/log/genpsim.log,../gen/Tst_pirTest/GEMM_16/log/gentrace.log,../gen/Tst_pirTest/GEMM_16/log/runpsim.log,../gen/Tst_pirTest/GEMM_16/log/runpsim.sh,../gen/Tst_pirTest/GEMM_16/log/runproute.log,../gen/Tst_pirTest/GEMM_16/log/runproute.sh,../gen/Tst_pirTest/GEMM_16/plastisim/summary.csv,../gen/Tst_pirTest/GEMM_16/pir/AccelMain.scala,../gen/Tst_pirTest/GEMM_16/log/,../gen/Tst_pirTest/GEMM_16/log/gentst.log,../gen/Tst_pirTest/GEMM_16/log/maketst.log,../gen/Tst_pirTest/GEMM_16/log/runtst.log,True,,,,,,,,,,,False,False,False,100,,,,,,,,False,,,,,,,,,,,,,,,,,,,,"[[31merror[0m] failed bash iroute.sh
",61.34029763,,,,,,False,False,,,,,False
d49f9ee,2019-06-27 13:31:37,GEMM_17,pirTest,Tst,1000000000.0,../gen/Tst_pirTest/GEMM_17/log/mappir.log,../gen/Tst_pirTest/GEMM_17/log/runpir.log,../gen/Tst_pirTest/GEMM_17/log/genpsim.log,../gen/Tst_pirTest/GEMM_17/log/gentrace.log,../gen/Tst_pirTest/GEMM_17/log/runpsim.log,../gen/Tst_pirTest/GEMM_17/log/runpsim.sh,../gen/Tst_pirTest/GEMM_17/log/runproute.log,../gen/Tst_pirTest/GEMM_17/log/runproute.sh,../gen/Tst_pirTest/GEMM_17/plastisim/summary.csv,../gen/Tst_pirTest/GEMM_17/pir/AccelMain.scala,../gen/Tst_pirTest/GEMM_17/log/,../gen/Tst_pirTest/GEMM_17/log/gentst.log,../gen/Tst_pirTest/GEMM_17/log/maketst.log,../gen/Tst_pirTest/GEMM_17/log/runtst.log,True,,,,,,,,,,,False,False,False,100,,,,,,,,False,,,,,,,,,,,,,,,,,,,,"[[31merror[0m] failed bash iroute.sh
",53.039507274,,,,,,False,False,,,,,False
d49f9ee,2019-06-27 13:31:37,GEMM_18,pirTest,Tst,1000000000.0,../gen/Tst_pirTest/GEMM_18/log/mappir.log,../gen/Tst_pirTest/GEMM_18/log/runpir.log,../gen/Tst_pirTest/GEMM_18/log/genpsim.log,../gen/Tst_pirTest/GEMM_18/log/gentrace.log,../gen/Tst_pirTest/GEMM_18/log/runpsim.log,../gen/Tst_pirTest/GEMM_18/log/runpsim.sh,../gen/Tst_pirTest/GEMM_18/log/runproute.log,../gen/Tst_pirTest/GEMM_18/log/runproute.sh,../gen/Tst_pirTest/GEMM_18/plastisim/summary.csv,../gen/Tst_pirTest/GEMM_18/pir/AccelMain.scala,../gen/Tst_pirTest/GEMM_18/log/,../gen/Tst_pirTest/GEMM_18/log/gentst.log,../gen/Tst_pirTest/GEMM_18/log/maketst.log,../gen/Tst_pirTest/GEMM_18/log/runtst.log,True,,,,,,,,,,,False,False,False,100,,,,,,,,False,,,,,,,,,,,,,,,,,,,,,,,,,,,False,False,,,,,False
d49f9ee,2019-06-27 13:31:37,GEMM_2,pirTest,Tst,1000000000.0,../gen/Tst_pirTest/GEMM_2/log/mappir.log,../gen/Tst_pirTest/GEMM_2/log/runpir.log,../gen/Tst_pirTest/GEMM_2/log/genpsim.log,../gen/Tst_pirTest/GEMM_2/log/gentrace.log,../gen/Tst_pirTest/GEMM_2/log/runpsim.log,../gen/Tst_pirTest/GEMM_2/log/runpsim.sh,../gen/Tst_pirTest/GEMM_2/log/runproute.log,../gen/Tst_pirTest/GEMM_2/log/runproute.sh,../gen/Tst_pirTest/GEMM_2/plastisim/summary.csv,../gen/Tst_pirTest/GEMM_2/pir/AccelMain.scala,../gen/Tst_pirTest/GEMM_2/log/,../gen/Tst_pirTest/GEMM_2/log/gentst.log,../gen/Tst_pirTest/GEMM_2/log/maketst.log,../gen/Tst_pirTest/GEMM_2/log/runtst.log,True,,,,,,,,,,,False,False,False,100,,,,,,,,False,,,,,,,,,,,,,,,,,,,,"[[31merror[0m] failed bash iroute.sh
",23.762554737,,,,,,False,False,,,,,False
d49f9ee,2019-06-27 13:31:37,GEMM_3,pirTest,Tst,1000000000.0,../gen/Tst_pirTest/GEMM_3/log/mappir.log,../gen/Tst_pirTest/GEMM_3/log/runpir.log,../gen/Tst_pirTest/GEMM_3/log/genpsim.log,../gen/Tst_pirTest/GEMM_3/log/gentrace.log,../gen/Tst_pirTest/GEMM_3/log/runpsim.log,../gen/Tst_pirTest/GEMM_3/log/runpsim.sh,../gen/Tst_pirTest/GEMM_3/log/runproute.log,../gen/Tst_pirTest/GEMM_3/log/runproute.sh,../gen/Tst_pirTest/GEMM_3/plastisim/summary.csv,../gen/Tst_pirTest/GEMM_3/pir/AccelMain.scala,../gen/Tst_pirTest/GEMM_3/log/,../gen/Tst_pirTest/GEMM_3/log/gentst.log,../gen/Tst_pirTest/GEMM_3/log/maketst.log,../gen/Tst_pirTest/GEMM_3/log/runtst.log,True,,,,,,,,,,,False,False,False,100,,,,,,,,False,,,,,,,,,,,,,,,,,,,,,,,,,,,False,False,,,,,False
d49f9ee,2019-06-27 13:31:37,GEMM_4,pirTest,Tst,1000000000.0,../gen/Tst_pirTest/GEMM_4/log/mappir.log,../gen/Tst_pirTest/GEMM_4/log/runpir.log,../gen/Tst_pirTest/GEMM_4/log/genpsim.log,../gen/Tst_pirTest/GEMM_4/log/gentrace.log,../gen/Tst_pirTest/GEMM_4/log/runpsim.log,../gen/Tst_pirTest/GEMM_4/log/runpsim.sh,../gen/Tst_pirTest/GEMM_4/log/runproute.log,../gen/Tst_pirTest/GEMM_4/log/runproute.sh,../gen/Tst_pirTest/GEMM_4/plastisim/summary.csv,../gen/Tst_pirTest/GEMM_4/pir/AccelMain.scala,../gen/Tst_pirTest/GEMM_4/log/,../gen/Tst_pirTest/GEMM_4/log/gentst.log,../gen/Tst_pirTest/GEMM_4/log/maketst.log,../gen/Tst_pirTest/GEMM_4/log/runtst.log,True,,,,,,,,,,,False,False,False,100,,,,,,,,False,,,,,,,,,,,,,,,,,,,,"[[31merror[0m] failed bash iroute.sh
",22.162145292,,,,,,False,False,,,,,False
d49f9ee,2019-06-27 13:31:37,GEMM_6,pirTest,Tst,1000000000.0,../gen/Tst_pirTest/GEMM_6/log/mappir.log,../gen/Tst_pirTest/GEMM_6/log/runpir.log,../gen/Tst_pirTest/GEMM_6/log/genpsim.log,../gen/Tst_pirTest/GEMM_6/log/gentrace.log,../gen/Tst_pirTest/GEMM_6/log/runpsim.log,../gen/Tst_pirTest/GEMM_6/log/runpsim.sh,../gen/Tst_pirTest/GEMM_6/log/runproute.log,../gen/Tst_pirTest/GEMM_6/log/runproute.sh,../gen/Tst_pirTest/GEMM_6/plastisim/summary.csv,../gen/Tst_pirTest/GEMM_6/pir/AccelMain.scala,../gen/Tst_pirTest/GEMM_6/log/,../gen/Tst_pirTest/GEMM_6/log/gentst.log,../gen/Tst_pirTest/GEMM_6/log/maketst.log,../gen/Tst_pirTest/GEMM_6/log/runtst.log,True,,,,,,,,,,,False,False,False,100,,,,,,,,False,,,,,,,,,,,,,,,,,,,,"[[31merror[0m] failed bash iroute.sh
",51.618751597,,,,,,False,False,,,,,False
d49f9ee,2019-06-27 13:31:37,GEMM_7,pirTest,Tst,1000000000.0,../gen/Tst_pirTest/GEMM_7/log/mappir.log,../gen/Tst_pirTest/GEMM_7/log/runpir.log,../gen/Tst_pirTest/GEMM_7/log/genpsim.log,../gen/Tst_pirTest/GEMM_7/log/gentrace.log,../gen/Tst_pirTest/GEMM_7/log/runpsim.log,../gen/Tst_pirTest/GEMM_7/log/runpsim.sh,../gen/Tst_pirTest/GEMM_7/log/runproute.log,../gen/Tst_pirTest/GEMM_7/log/runproute.sh,../gen/Tst_pirTest/GEMM_7/plastisim/summary.csv,../gen/Tst_pirTest/GEMM_7/pir/AccelMain.scala,../gen/Tst_pirTest/GEMM_7/log/,../gen/Tst_pirTest/GEMM_7/log/gentst.log,../gen/Tst_pirTest/GEMM_7/log/maketst.log,../gen/Tst_pirTest/GEMM_7/log/runtst.log,True,,,,,,,,,,,False,False,False,100,,,,,,,,False,,,,,,,,,,,,,,,,,,,,"[[31merror[0m] failed bash iroute.sh
",21.97311449,,,,,,False,False,,,,,False
d49f9ee,2019-06-27 13:31:37,GEMM_8,pirTest,Tst,1000000000.0,../gen/Tst_pirTest/GEMM_8/log/mappir.log,../gen/Tst_pirTest/GEMM_8/log/runpir.log,../gen/Tst_pirTest/GEMM_8/log/genpsim.log,../gen/Tst_pirTest/GEMM_8/log/gentrace.log,../gen/Tst_pirTest/GEMM_8/log/runpsim.log,../gen/Tst_pirTest/GEMM_8/log/runpsim.sh,../gen/Tst_pirTest/GEMM_8/log/runproute.log,../gen/Tst_pirTest/GEMM_8/log/runproute.sh,../gen/Tst_pirTest/GEMM_8/plastisim/summary.csv,../gen/Tst_pirTest/GEMM_8/pir/AccelMain.scala,../gen/Tst_pirTest/GEMM_8/log/,../gen/Tst_pirTest/GEMM_8/log/gentst.log,../gen/Tst_pirTest/GEMM_8/log/maketst.log,../gen/Tst_pirTest/GEMM_8/log/runtst.log,True,,,,,,,,,,,False,False,False,100,,,,,,,,False,,,,,,,,,,,,,,,,,,,,"[[31merror[0m] failed bash iroute.sh
",17.699261988,,,,,,False,False,,,,,False
d49f9ee,2019-06-27 13:31:37,GEMM_9,pirTest,Tst,1000000000.0,../gen/Tst_pirTest/GEMM_9/log/mappir.log,../gen/Tst_pirTest/GEMM_9/log/runpir.log,../gen/Tst_pirTest/GEMM_9/log/genpsim.log,../gen/Tst_pirTest/GEMM_9/log/gentrace.log,../gen/Tst_pirTest/GEMM_9/log/runpsim.log,../gen/Tst_pirTest/GEMM_9/log/runpsim.sh,../gen/Tst_pirTest/GEMM_9/log/runproute.log,../gen/Tst_pirTest/GEMM_9/log/runproute.sh,../gen/Tst_pirTest/GEMM_9/plastisim/summary.csv,../gen/Tst_pirTest/GEMM_9/pir/AccelMain.scala,../gen/Tst_pirTest/GEMM_9/log/,../gen/Tst_pirTest/GEMM_9/log/gentst.log,../gen/Tst_pirTest/GEMM_9/log/maketst.log,../gen/Tst_pirTest/GEMM_9/log/runtst.log,True,,,,,,,,,,,False,False,False,100,,,,,,,,False,,,,,,,,,,,,,,,,,,,,"[[31merror[0m] failed bash iroute.sh
",42.387725067,,,,,,False,False,,,,,False
d49f9ee,2019-06-27 13:31:37,Kmeans_0,pirTest,Tst,1000000000.0,../gen/Tst_pirTest/Kmeans_0/log/mappir.log,../gen/Tst_pirTest/Kmeans_0/log/runpir.log,../gen/Tst_pirTest/Kmeans_0/log/genpsim.log,../gen/Tst_pirTest/Kmeans_0/log/gentrace.log,../gen/Tst_pirTest/Kmeans_0/log/runpsim.log,../gen/Tst_pirTest/Kmeans_0/log/runpsim.sh,../gen/Tst_pirTest/Kmeans_0/log/runproute.log,../gen/Tst_pirTest/Kmeans_0/log/runproute.sh,../gen/Tst_pirTest/Kmeans_0/plastisim/summary.csv,../gen/Tst_pirTest/Kmeans_0/pir/AccelMain.scala,../gen/Tst_pirTest/Kmeans_0/log/,../gen/Tst_pirTest/Kmeans_0/log/gentst.log,../gen/Tst_pirTest/Kmeans_0/log/maketst.log,../gen/Tst_pirTest/Kmeans_0/log/runtst.log,True,,,,,,,,,,,False,False,False,100,,,,,,,,False,,,,,,,,,,,,,,,,,,,,"[[31merror[0m] failed bash iroute.sh
",28.041236551,,,,,,False,False,,,,,False
d49f9ee,2019-06-27 13:31:37,Kmeans_1,pirTest,Tst,1000000000.0,../gen/Tst_pirTest/Kmeans_1/log/mappir.log,../gen/Tst_pirTest/Kmeans_1/log/runpir.log,../gen/Tst_pirTest/Kmeans_1/log/genpsim.log,../gen/Tst_pirTest/Kmeans_1/log/gentrace.log,../gen/Tst_pirTest/Kmeans_1/log/runpsim.log,../gen/Tst_pirTest/Kmeans_1/log/runpsim.sh,../gen/Tst_pirTest/Kmeans_1/log/runproute.log,../gen/Tst_pirTest/Kmeans_1/log/runproute.sh,../gen/Tst_pirTest/Kmeans_1/plastisim/summary.csv,../gen/Tst_pirTest/Kmeans_1/pir/AccelMain.scala,../gen/Tst_pirTest/Kmeans_1/log/,../gen/Tst_pirTest/Kmeans_1/log/gentst.log,../gen/Tst_pirTest/Kmeans_1/log/maketst.log,../gen/Tst_pirTest/Kmeans_1/log/runtst.log,True,,,,,,,,,,,False,False,False,100,,,,,,,,False,,,,,,,,,,,,,,,,,,,,,,,,,,,False,False,,,,,False
d49f9ee,2019-06-27 13:31:37,Kmeans_2,pirTest,Tst,1000000000.0,../gen/Tst_pirTest/Kmeans_2/log/mappir.log,../gen/Tst_pirTest/Kmeans_2/log/runpir.log,../gen/Tst_pirTest/Kmeans_2/log/genpsim.log,../gen/Tst_pirTest/Kmeans_2/log/gentrace.log,../gen/Tst_pirTest/Kmeans_2/log/runpsim.log,../gen/Tst_pirTest/Kmeans_2/log/runpsim.sh,../gen/Tst_pirTest/Kmeans_2/log/runproute.log,../gen/Tst_pirTest/Kmeans_2/log/runproute.sh,../gen/Tst_pirTest/Kmeans_2/plastisim/summary.csv,../gen/Tst_pirTest/Kmeans_2/pir/AccelMain.scala,../gen/Tst_pirTest/Kmeans_2/log/,../gen/Tst_pirTest/Kmeans_2/log/gentst.log,../gen/Tst_pirTest/Kmeans_2/log/maketst.log,../gen/Tst_pirTest/Kmeans_2/log/runtst.log,True,,,,,,,,,,,False,False,False,100,,,,,,,,False,,,,,,,,,,,,,,,,,,,,"[[31merror[0m] failed bash iroute.sh
",47.67508111,,,,,,False,False,,,,,False
d49f9ee,2019-06-27 13:31:37,Kmeans_3,pirTest,Tst,1000000000.0,../gen/Tst_pirTest/Kmeans_3/log/mappir.log,../gen/Tst_pirTest/Kmeans_3/log/runpir.log,../gen/Tst_pirTest/Kmeans_3/log/genpsim.log,../gen/Tst_pirTest/Kmeans_3/log/gentrace.log,../gen/Tst_pirTest/Kmeans_3/log/runpsim.log,../gen/Tst_pirTest/Kmeans_3/log/runpsim.sh,../gen/Tst_pirTest/Kmeans_3/log/runproute.log,../gen/Tst_pirTest/Kmeans_3/log/runproute.sh,../gen/Tst_pirTest/Kmeans_3/plastisim/summary.csv,../gen/Tst_pirTest/Kmeans_3/pir/AccelMain.scala,../gen/Tst_pirTest/Kmeans_3/log/,../gen/Tst_pirTest/Kmeans_3/log/gentst.log,../gen/Tst_pirTest/Kmeans_3/log/maketst.log,../gen/Tst_pirTest/Kmeans_3/log/runtst.log,True,,,,,,,,,,,False,False,False,100,,,,,,,,False,,,,,,,,,,,,,,,,,,,,"[[31merror[0m] failed bash iroute.sh
",41.203586017,,,,,,False,False,,,,,False
d49f9ee,2019-06-27 13:31:37,Kmeans_4,pirTest,Tst,1000000000.0,../gen/Tst_pirTest/Kmeans_4/log/mappir.log,../gen/Tst_pirTest/Kmeans_4/log/runpir.log,../gen/Tst_pirTest/Kmeans_4/log/genpsim.log,../gen/Tst_pirTest/Kmeans_4/log/gentrace.log,../gen/Tst_pirTest/Kmeans_4/log/runpsim.log,../gen/Tst_pirTest/Kmeans_4/log/runpsim.sh,../gen/Tst_pirTest/Kmeans_4/log/runproute.log,../gen/Tst_pirTest/Kmeans_4/log/runproute.sh,../gen/Tst_pirTest/Kmeans_4/plastisim/summary.csv,../gen/Tst_pirTest/Kmeans_4/pir/AccelMain.scala,../gen/Tst_pirTest/Kmeans_4/log/,../gen/Tst_pirTest/Kmeans_4/log/gentst.log,../gen/Tst_pirTest/Kmeans_4/log/maketst.log,../gen/Tst_pirTest/Kmeans_4/log/runtst.log,True,,,,,,,,,,,False,False,False,100,,,,,,,,False,,,,,,,,,,,,,,,,,,,,"[[31merror[0m] failed bash iroute.sh
",42.831396754,,,,,,False,False,,,,,False
d49f9ee,2019-06-27 13:31:37,Kmeans_5,pirTest,Tst,1000000000.0,../gen/Tst_pirTest/Kmeans_5/log/mappir.log,../gen/Tst_pirTest/Kmeans_5/log/runpir.log,../gen/Tst_pirTest/Kmeans_5/log/genpsim.log,../gen/Tst_pirTest/Kmeans_5/log/gentrace.log,../gen/Tst_pirTest/Kmeans_5/log/runpsim.log,../gen/Tst_pirTest/Kmeans_5/log/runpsim.sh,../gen/Tst_pirTest/Kmeans_5/log/runproute.log,../gen/Tst_pirTest/Kmeans_5/log/runproute.sh,../gen/Tst_pirTest/Kmeans_5/plastisim/summary.csv,../gen/Tst_pirTest/Kmeans_5/pir/AccelMain.scala,../gen/Tst_pirTest/Kmeans_5/log/,../gen/Tst_pirTest/Kmeans_5/log/gentst.log,../gen/Tst_pirTest/Kmeans_5/log/maketst.log,../gen/Tst_pirTest/Kmeans_5/log/runtst.log,True,,,,,,,,,,,False,False,False,100,,,,,,,,False,,,,,,,,,,,,,,,,,,,,"[[31merror[0m] failed bash iroute.sh
",63.312085468,,,,,,False,False,,,,,False
d49f9ee,2019-06-27 13:31:37,Kmeans_6,pirTest,Tst,1000000000.0,../gen/Tst_pirTest/Kmeans_6/log/mappir.log,../gen/Tst_pirTest/Kmeans_6/log/runpir.log,../gen/Tst_pirTest/Kmeans_6/log/genpsim.log,../gen/Tst_pirTest/Kmeans_6/log/gentrace.log,../gen/Tst_pirTest/Kmeans_6/log/runpsim.log,../gen/Tst_pirTest/Kmeans_6/log/runpsim.sh,../gen/Tst_pirTest/Kmeans_6/log/runproute.log,../gen/Tst_pirTest/Kmeans_6/log/runproute.sh,../gen/Tst_pirTest/Kmeans_6/plastisim/summary.csv,../gen/Tst_pirTest/Kmeans_6/pir/AccelMain.scala,../gen/Tst_pirTest/Kmeans_6/log/,../gen/Tst_pirTest/Kmeans_6/log/gentst.log,../gen/Tst_pirTest/Kmeans_6/log/maketst.log,../gen/Tst_pirTest/Kmeans_6/log/runtst.log,True,,,,,,,,,,,False,False,False,100,,,,,,,,False,,,,,,,,,,,,,,,,,,,,"[[31merror[0m] failed bash iroute.sh
",56.349585348,,,,,,False,False,,,,,False
d49f9ee,2019-06-27 13:31:37,Kmeans_7,pirTest,Tst,1000000000.0,../gen/Tst_pirTest/Kmeans_7/log/mappir.log,../gen/Tst_pirTest/Kmeans_7/log/runpir.log,../gen/Tst_pirTest/Kmeans_7/log/genpsim.log,../gen/Tst_pirTest/Kmeans_7/log/gentrace.log,../gen/Tst_pirTest/Kmeans_7/log/runpsim.log,../gen/Tst_pirTest/Kmeans_7/log/runpsim.sh,../gen/Tst_pirTest/Kmeans_7/log/runproute.log,../gen/Tst_pirTest/Kmeans_7/log/runproute.sh,../gen/Tst_pirTest/Kmeans_7/plastisim/summary.csv,../gen/Tst_pirTest/Kmeans_7/pir/AccelMain.scala,../gen/Tst_pirTest/Kmeans_7/log/,../gen/Tst_pirTest/Kmeans_7/log/gentst.log,../gen/Tst_pirTest/Kmeans_7/log/maketst.log,../gen/Tst_pirTest/Kmeans_7/log/runtst.log,True,,,,,,,,,,,False,False,False,100,,,,,,,,False,,,,,,,,,,,,,,,,,,,,"[[31merror[0m] failed bash iroute.sh
",60.923166157,,,,,,False,False,,,,,False
d49f9ee,2019-06-27 13:31:37,Kmeans_8,pirTest,Tst,1000000000.0,../gen/Tst_pirTest/Kmeans_8/log/mappir.log,../gen/Tst_pirTest/Kmeans_8/log/runpir.log,../gen/Tst_pirTest/Kmeans_8/log/genpsim.log,../gen/Tst_pirTest/Kmeans_8/log/gentrace.log,../gen/Tst_pirTest/Kmeans_8/log/runpsim.log,../gen/Tst_pirTest/Kmeans_8/log/runpsim.sh,../gen/Tst_pirTest/Kmeans_8/log/runproute.log,../gen/Tst_pirTest/Kmeans_8/log/runproute.sh,../gen/Tst_pirTest/Kmeans_8/plastisim/summary.csv,../gen/Tst_pirTest/Kmeans_8/pir/AccelMain.scala,../gen/Tst_pirTest/Kmeans_8/log/,../gen/Tst_pirTest/Kmeans_8/log/gentst.log,../gen/Tst_pirTest/Kmeans_8/log/maketst.log,../gen/Tst_pirTest/Kmeans_8/log/runtst.log,True,,,,,,,,,,,False,False,False,100,,,,,,,,False,,,,,,,,,,,,,,,,,,,,,,,,,,,False,False,,,,,False
d49f9ee,2019-06-27 13:31:37,LUTTest_0,pirTest,Tst,1000000000.0,../gen/Tst_pirTest/LUTTest_0/log/mappir.log,../gen/Tst_pirTest/LUTTest_0/log/runpir.log,../gen/Tst_pirTest/LUTTest_0/log/genpsim.log,../gen/Tst_pirTest/LUTTest_0/log/gentrace.log,../gen/Tst_pirTest/LUTTest_0/log/runpsim.log,../gen/Tst_pirTest/LUTTest_0/log/runpsim.sh,../gen/Tst_pirTest/LUTTest_0/log/runproute.log,../gen/Tst_pirTest/LUTTest_0/log/runproute.sh,../gen/Tst_pirTest/LUTTest_0/plastisim/summary.csv,../gen/Tst_pirTest/LUTTest_0/pir/AccelMain.scala,../gen/Tst_pirTest/LUTTest_0/log/,../gen/Tst_pirTest/LUTTest_0/log/gentst.log,../gen/Tst_pirTest/LUTTest_0/log/maketst.log,../gen/Tst_pirTest/LUTTest_0/log/runtst.log,True,,,,,,,,,,,False,False,False,100,,,,,,,,False,,,,,,,,,,,,,,,,,,,,,,,,,,,False,False,,,,,False
d49f9ee,2019-06-27 13:31:37,LUTTest_1,pirTest,Tst,1000000000.0,../gen/Tst_pirTest/LUTTest_1/log/mappir.log,../gen/Tst_pirTest/LUTTest_1/log/runpir.log,../gen/Tst_pirTest/LUTTest_1/log/genpsim.log,../gen/Tst_pirTest/LUTTest_1/log/gentrace.log,../gen/Tst_pirTest/LUTTest_1/log/runpsim.log,../gen/Tst_pirTest/LUTTest_1/log/runpsim.sh,../gen/Tst_pirTest/LUTTest_1/log/runproute.log,../gen/Tst_pirTest/LUTTest_1/log/runproute.sh,../gen/Tst_pirTest/LUTTest_1/plastisim/summary.csv,../gen/Tst_pirTest/LUTTest_1/pir/AccelMain.scala,../gen/Tst_pirTest/LUTTest_1/log/,../gen/Tst_pirTest/LUTTest_1/log/gentst.log,../gen/Tst_pirTest/LUTTest_1/log/maketst.log,../gen/Tst_pirTest/LUTTest_1/log/runtst.log,True,,,,,,,,,,,False,False,False,100,,,,,,,,False,,,,,,,,,,,,,,,,,,,,"[[31merror[0m] failed bash iroute.sh
",5.564399921,,,,,,False,False,,,,,False
d49f9ee,2019-06-27 13:31:37,LUTTest_2,pirTest,Tst,1000000000.0,../gen/Tst_pirTest/LUTTest_2/log/mappir.log,../gen/Tst_pirTest/LUTTest_2/log/runpir.log,../gen/Tst_pirTest/LUTTest_2/log/genpsim.log,../gen/Tst_pirTest/LUTTest_2/log/gentrace.log,../gen/Tst_pirTest/LUTTest_2/log/runpsim.log,../gen/Tst_pirTest/LUTTest_2/log/runpsim.sh,../gen/Tst_pirTest/LUTTest_2/log/runproute.log,../gen/Tst_pirTest/LUTTest_2/log/runproute.sh,../gen/Tst_pirTest/LUTTest_2/plastisim/summary.csv,../gen/Tst_pirTest/LUTTest_2/pir/AccelMain.scala,../gen/Tst_pirTest/LUTTest_2/log/,../gen/Tst_pirTest/LUTTest_2/log/gentst.log,../gen/Tst_pirTest/LUTTest_2/log/maketst.log,../gen/Tst_pirTest/LUTTest_2/log/runtst.log,True,,,,,,,,,,,False,False,False,100,,,,,,,,False,,,,,,,,,,,,,,,,,,,,"[[31merror[0m] failed bash iroute.sh
",6.659654279,,,,,,False,False,,,,,False
d49f9ee,2019-06-27 13:31:37,LUTTest_3,pirTest,Tst,1000000000.0,../gen/Tst_pirTest/LUTTest_3/log/mappir.log,../gen/Tst_pirTest/LUTTest_3/log/runpir.log,../gen/Tst_pirTest/LUTTest_3/log/genpsim.log,../gen/Tst_pirTest/LUTTest_3/log/gentrace.log,../gen/Tst_pirTest/LUTTest_3/log/runpsim.log,../gen/Tst_pirTest/LUTTest_3/log/runpsim.sh,../gen/Tst_pirTest/LUTTest_3/log/runproute.log,../gen/Tst_pirTest/LUTTest_3/log/runproute.sh,../gen/Tst_pirTest/LUTTest_3/plastisim/summary.csv,../gen/Tst_pirTest/LUTTest_3/pir/AccelMain.scala,../gen/Tst_pirTest/LUTTest_3/log/,../gen/Tst_pirTest/LUTTest_3/log/gentst.log,../gen/Tst_pirTest/LUTTest_3/log/maketst.log,../gen/Tst_pirTest/LUTTest_3/log/runtst.log,True,,,,,,,,,,,False,False,False,100,,,,,,,,False,,,,,,,,,,,,,,,,,,,,,,,,,,,False,False,,,,,False
d49f9ee,2019-06-27 13:31:37,LUTTest_4,pirTest,Tst,1000000000.0,../gen/Tst_pirTest/LUTTest_4/log/mappir.log,../gen/Tst_pirTest/LUTTest_4/log/runpir.log,../gen/Tst_pirTest/LUTTest_4/log/genpsim.log,../gen/Tst_pirTest/LUTTest_4/log/gentrace.log,../gen/Tst_pirTest/LUTTest_4/log/runpsim.log,../gen/Tst_pirTest/LUTTest_4/log/runpsim.sh,../gen/Tst_pirTest/LUTTest_4/log/runproute.log,../gen/Tst_pirTest/LUTTest_4/log/runproute.sh,../gen/Tst_pirTest/LUTTest_4/plastisim/summary.csv,../gen/Tst_pirTest/LUTTest_4/pir/AccelMain.scala,../gen/Tst_pirTest/LUTTest_4/log/,../gen/Tst_pirTest/LUTTest_4/log/gentst.log,../gen/Tst_pirTest/LUTTest_4/log/maketst.log,../gen/Tst_pirTest/LUTTest_4/log/runtst.log,True,,,,,,,,,,,False,False,False,100,,,,,,,,False,,,,,,,,,,,,,,,,,,,,"[[31merror[0m] failed bash iroute.sh
",4.66814384,,,,,,False,False,,,,,False
d49f9ee,2019-06-27 13:31:37,LeNet_0,pirTest,Tst,1000000000.0,../gen/Tst_pirTest/LeNet_0/log/mappir.log,../gen/Tst_pirTest/LeNet_0/log/runpir.log,../gen/Tst_pirTest/LeNet_0/log/genpsim.log,../gen/Tst_pirTest/LeNet_0/log/gentrace.log,../gen/Tst_pirTest/LeNet_0/log/runpsim.log,../gen/Tst_pirTest/LeNet_0/log/runpsim.sh,../gen/Tst_pirTest/LeNet_0/log/runproute.log,../gen/Tst_pirTest/LeNet_0/log/runproute.sh,../gen/Tst_pirTest/LeNet_0/plastisim/summary.csv,../gen/Tst_pirTest/LeNet_0/pir/AccelMain.scala,../gen/Tst_pirTest/LeNet_0/log/,../gen/Tst_pirTest/LeNet_0/log/gentst.log,../gen/Tst_pirTest/LeNet_0/log/maketst.log,../gen/Tst_pirTest/LeNet_0/log/runtst.log,True,,,,,,,,,,,False,False,False,100,,,,,,,,False,,,,,,,,,,,,,,,,,,,,,,,,,,,False,False,,,,,False
d49f9ee,2019-06-27 13:31:37,LogReg_0,pirTest,Tst,1000000000.0,../gen/Tst_pirTest/LogReg_0/log/mappir.log,../gen/Tst_pirTest/LogReg_0/log/runpir.log,../gen/Tst_pirTest/LogReg_0/log/genpsim.log,../gen/Tst_pirTest/LogReg_0/log/gentrace.log,../gen/Tst_pirTest/LogReg_0/log/runpsim.log,../gen/Tst_pirTest/LogReg_0/log/runpsim.sh,../gen/Tst_pirTest/LogReg_0/log/runproute.log,../gen/Tst_pirTest/LogReg_0/log/runproute.sh,../gen/Tst_pirTest/LogReg_0/plastisim/summary.csv,../gen/Tst_pirTest/LogReg_0/pir/AccelMain.scala,../gen/Tst_pirTest/LogReg_0/log/,../gen/Tst_pirTest/LogReg_0/log/gentst.log,../gen/Tst_pirTest/LogReg_0/log/maketst.log,../gen/Tst_pirTest/LogReg_0/log/runtst.log,True,,,,,,,,,,,False,False,False,100,,,,,,,,False,,,,,,,,,,,,,,,,,,,,"[[31merror[0m] failed bash iroute.sh
",26.521028794,,,,,,False,False,,,,,False
d49f9ee,2019-06-27 13:31:37,LogReg_1,pirTest,Tst,1000000000.0,../gen/Tst_pirTest/LogReg_1/log/mappir.log,../gen/Tst_pirTest/LogReg_1/log/runpir.log,../gen/Tst_pirTest/LogReg_1/log/genpsim.log,../gen/Tst_pirTest/LogReg_1/log/gentrace.log,../gen/Tst_pirTest/LogReg_1/log/runpsim.log,../gen/Tst_pirTest/LogReg_1/log/runpsim.sh,../gen/Tst_pirTest/LogReg_1/log/runproute.log,../gen/Tst_pirTest/LogReg_1/log/runproute.sh,../gen/Tst_pirTest/LogReg_1/plastisim/summary.csv,../gen/Tst_pirTest/LogReg_1/pir/AccelMain.scala,../gen/Tst_pirTest/LogReg_1/log/,../gen/Tst_pirTest/LogReg_1/log/gentst.log,../gen/Tst_pirTest/LogReg_1/log/maketst.log,../gen/Tst_pirTest/LogReg_1/log/runtst.log,True,,,,,,,,,,,False,False,False,100,,,,,,,,False,,,,,,,,,,,,,,,,,,,,"[[31merror[0m] failed bash iroute.sh
",32.359645015,,,,,,False,False,,,,,False
d49f9ee,2019-06-27 13:31:37,LogReg_2,pirTest,Tst,1000000000.0,../gen/Tst_pirTest/LogReg_2/log/mappir.log,../gen/Tst_pirTest/LogReg_2/log/runpir.log,../gen/Tst_pirTest/LogReg_2/log/genpsim.log,../gen/Tst_pirTest/LogReg_2/log/gentrace.log,../gen/Tst_pirTest/LogReg_2/log/runpsim.log,../gen/Tst_pirTest/LogReg_2/log/runpsim.sh,../gen/Tst_pirTest/LogReg_2/log/runproute.log,../gen/Tst_pirTest/LogReg_2/log/runproute.sh,../gen/Tst_pirTest/LogReg_2/plastisim/summary.csv,../gen/Tst_pirTest/LogReg_2/pir/AccelMain.scala,../gen/Tst_pirTest/LogReg_2/log/,../gen/Tst_pirTest/LogReg_2/log/gentst.log,../gen/Tst_pirTest/LogReg_2/log/maketst.log,../gen/Tst_pirTest/LogReg_2/log/runtst.log,True,,,,,,,,,,,False,False,False,100,,,,,,,,False,,,,,,,,,,,,,,,,,,,,"[[31merror[0m] failed bash iroute.sh
",36.225673746,,,,,,False,False,,,,,False
d49f9ee,2019-06-27 13:31:37,LogReg_3,pirTest,Tst,1000000000.0,../gen/Tst_pirTest/LogReg_3/log/mappir.log,../gen/Tst_pirTest/LogReg_3/log/runpir.log,../gen/Tst_pirTest/LogReg_3/log/genpsim.log,../gen/Tst_pirTest/LogReg_3/log/gentrace.log,../gen/Tst_pirTest/LogReg_3/log/runpsim.log,../gen/Tst_pirTest/LogReg_3/log/runpsim.sh,../gen/Tst_pirTest/LogReg_3/log/runproute.log,../gen/Tst_pirTest/LogReg_3/log/runproute.sh,../gen/Tst_pirTest/LogReg_3/plastisim/summary.csv,../gen/Tst_pirTest/LogReg_3/pir/AccelMain.scala,../gen/Tst_pirTest/LogReg_3/log/,../gen/Tst_pirTest/LogReg_3/log/gentst.log,../gen/Tst_pirTest/LogReg_3/log/maketst.log,../gen/Tst_pirTest/LogReg_3/log/runtst.log,True,,,,,,,,,,,False,False,False,100,,,,,,,,False,,,,,,,,,,,,,,,,,,,,,,,,,,,False,False,,,,,False
d49f9ee,2019-06-27 13:31:37,LogReg_4,pirTest,Tst,1000000000.0,../gen/Tst_pirTest/LogReg_4/log/mappir.log,../gen/Tst_pirTest/LogReg_4/log/runpir.log,../gen/Tst_pirTest/LogReg_4/log/genpsim.log,../gen/Tst_pirTest/LogReg_4/log/gentrace.log,../gen/Tst_pirTest/LogReg_4/log/runpsim.log,../gen/Tst_pirTest/LogReg_4/log/runpsim.sh,../gen/Tst_pirTest/LogReg_4/log/runproute.log,../gen/Tst_pirTest/LogReg_4/log/runproute.sh,../gen/Tst_pirTest/LogReg_4/plastisim/summary.csv,../gen/Tst_pirTest/LogReg_4/pir/AccelMain.scala,../gen/Tst_pirTest/LogReg_4/log/,../gen/Tst_pirTest/LogReg_4/log/gentst.log,../gen/Tst_pirTest/LogReg_4/log/maketst.log,../gen/Tst_pirTest/LogReg_4/log/runtst.log,True,,,,,,,,,,,False,False,False,100,,,,,,,,False,,,,,,,,,,,,,,,,,,,,,,,,,,,False,False,,,,,False
d49f9ee,2019-06-27 13:31:37,LogReg_5,pirTest,Tst,1000000000.0,../gen/Tst_pirTest/LogReg_5/log/mappir.log,../gen/Tst_pirTest/LogReg_5/log/runpir.log,../gen/Tst_pirTest/LogReg_5/log/genpsim.log,../gen/Tst_pirTest/LogReg_5/log/gentrace.log,../gen/Tst_pirTest/LogReg_5/log/runpsim.log,../gen/Tst_pirTest/LogReg_5/log/runpsim.sh,../gen/Tst_pirTest/LogReg_5/log/runproute.log,../gen/Tst_pirTest/LogReg_5/log/runproute.sh,../gen/Tst_pirTest/LogReg_5/plastisim/summary.csv,../gen/Tst_pirTest/LogReg_5/pir/AccelMain.scala,../gen/Tst_pirTest/LogReg_5/log/,../gen/Tst_pirTest/LogReg_5/log/gentst.log,../gen/Tst_pirTest/LogReg_5/log/maketst.log,../gen/Tst_pirTest/LogReg_5/log/runtst.log,True,,,,,,,,,,,False,False,False,100,,,,,,,,False,,,,,,,,,,,,,,,,,,,,"[[31merror[0m] failed bash iroute.sh
",167.203520241,,,,,,False,False,,,,,False
d49f9ee,2019-06-27 13:31:37,OuterProduct_0,pirTest,Tst,1000000000.0,../gen/Tst_pirTest/OuterProduct_0/log/mappir.log,../gen/Tst_pirTest/OuterProduct_0/log/runpir.log,../gen/Tst_pirTest/OuterProduct_0/log/genpsim.log,../gen/Tst_pirTest/OuterProduct_0/log/gentrace.log,../gen/Tst_pirTest/OuterProduct_0/log/runpsim.log,../gen/Tst_pirTest/OuterProduct_0/log/runpsim.sh,../gen/Tst_pirTest/OuterProduct_0/log/runproute.log,../gen/Tst_pirTest/OuterProduct_0/log/runproute.sh,../gen/Tst_pirTest/OuterProduct_0/plastisim/summary.csv,../gen/Tst_pirTest/OuterProduct_0/pir/AccelMain.scala,../gen/Tst_pirTest/OuterProduct_0/log/,../gen/Tst_pirTest/OuterProduct_0/log/gentst.log,../gen/Tst_pirTest/OuterProduct_0/log/maketst.log,../gen/Tst_pirTest/OuterProduct_0/log/runtst.log,True,,,,,,,,,,,False,False,False,100,,,,,,,,False,,,,,,,,,,,,,,,,,,,,"[[31merror[0m] failed bash iroute.sh
",13.987739823,,,,,,False,False,,,,,False
d49f9ee,2019-06-27 13:31:37,OuterProduct_1,pirTest,Tst,1000000000.0,../gen/Tst_pirTest/OuterProduct_1/log/mappir.log,../gen/Tst_pirTest/OuterProduct_1/log/runpir.log,../gen/Tst_pirTest/OuterProduct_1/log/genpsim.log,../gen/Tst_pirTest/OuterProduct_1/log/gentrace.log,../gen/Tst_pirTest/OuterProduct_1/log/runpsim.log,../gen/Tst_pirTest/OuterProduct_1/log/runpsim.sh,../gen/Tst_pirTest/OuterProduct_1/log/runproute.log,../gen/Tst_pirTest/OuterProduct_1/log/runproute.sh,../gen/Tst_pirTest/OuterProduct_1/plastisim/summary.csv,../gen/Tst_pirTest/OuterProduct_1/pir/AccelMain.scala,../gen/Tst_pirTest/OuterProduct_1/log/,../gen/Tst_pirTest/OuterProduct_1/log/gentst.log,../gen/Tst_pirTest/OuterProduct_1/log/maketst.log,../gen/Tst_pirTest/OuterProduct_1/log/runtst.log,True,,,,,,,,,,,False,False,False,100,,,,,,,,False,,,,,,,,,,,,,,,,,,,,"[[31merror[0m] failed bash iroute.sh
",12.855371972,,,,,,False,False,,,,,False
d49f9ee,2019-06-27 13:31:37,OuterProduct_2,pirTest,Tst,1000000000.0,../gen/Tst_pirTest/OuterProduct_2/log/mappir.log,../gen/Tst_pirTest/OuterProduct_2/log/runpir.log,../gen/Tst_pirTest/OuterProduct_2/log/genpsim.log,../gen/Tst_pirTest/OuterProduct_2/log/gentrace.log,../gen/Tst_pirTest/OuterProduct_2/log/runpsim.log,../gen/Tst_pirTest/OuterProduct_2/log/runpsim.sh,../gen/Tst_pirTest/OuterProduct_2/log/runproute.log,../gen/Tst_pirTest/OuterProduct_2/log/runproute.sh,../gen/Tst_pirTest/OuterProduct_2/plastisim/summary.csv,../gen/Tst_pirTest/OuterProduct_2/pir/AccelMain.scala,../gen/Tst_pirTest/OuterProduct_2/log/,../gen/Tst_pirTest/OuterProduct_2/log/gentst.log,../gen/Tst_pirTest/OuterProduct_2/log/maketst.log,../gen/Tst_pirTest/OuterProduct_2/log/runtst.log,True,,,,,,,,,,,False,False,False,100,,,,,,,,False,,,,,,,,,,,,,,,,,,,,"[[31merror[0m] failed bash iroute.sh
",22.309706503,,,,,,False,False,,,,,False
d49f9ee,2019-06-27 13:31:37,OuterProduct_3,pirTest,Tst,1000000000.0,../gen/Tst_pirTest/OuterProduct_3/log/mappir.log,../gen/Tst_pirTest/OuterProduct_3/log/runpir.log,../gen/Tst_pirTest/OuterProduct_3/log/genpsim.log,../gen/Tst_pirTest/OuterProduct_3/log/gentrace.log,../gen/Tst_pirTest/OuterProduct_3/log/runpsim.log,../gen/Tst_pirTest/OuterProduct_3/log/runpsim.sh,../gen/Tst_pirTest/OuterProduct_3/log/runproute.log,../gen/Tst_pirTest/OuterProduct_3/log/runproute.sh,../gen/Tst_pirTest/OuterProduct_3/plastisim/summary.csv,../gen/Tst_pirTest/OuterProduct_3/pir/AccelMain.scala,../gen/Tst_pirTest/OuterProduct_3/log/,../gen/Tst_pirTest/OuterProduct_3/log/gentst.log,../gen/Tst_pirTest/OuterProduct_3/log/maketst.log,../gen/Tst_pirTest/OuterProduct_3/log/runtst.log,True,,,,,,,,,,,False,False,False,100,,,,,,,,False,,,,,,,,,,,,,,,,,,,,"[[31merror[0m] failed bash iroute.sh
",17.876490831,,,,,,False,False,,,,,False
d49f9ee,2019-06-27 13:31:37,OuterProduct_4,pirTest,Tst,1000000000.0,../gen/Tst_pirTest/OuterProduct_4/log/mappir.log,../gen/Tst_pirTest/OuterProduct_4/log/runpir.log,../gen/Tst_pirTest/OuterProduct_4/log/genpsim.log,../gen/Tst_pirTest/OuterProduct_4/log/gentrace.log,../gen/Tst_pirTest/OuterProduct_4/log/runpsim.log,../gen/Tst_pirTest/OuterProduct_4/log/runpsim.sh,../gen/Tst_pirTest/OuterProduct_4/log/runproute.log,../gen/Tst_pirTest/OuterProduct_4/log/runproute.sh,../gen/Tst_pirTest/OuterProduct_4/plastisim/summary.csv,../gen/Tst_pirTest/OuterProduct_4/pir/AccelMain.scala,../gen/Tst_pirTest/OuterProduct_4/log/,../gen/Tst_pirTest/OuterProduct_4/log/gentst.log,../gen/Tst_pirTest/OuterProduct_4/log/maketst.log,../gen/Tst_pirTest/OuterProduct_4/log/runtst.log,True,,,,,,,,,,,False,False,False,100,,,,,,,,False,,,,,,,,,,,,,,,,,,,,"[[31merror[0m] failed bash iroute.sh
",38.027954123,,,,,,False,False,,,,,False
d49f9ee,2019-06-27 13:31:37,OuterProduct_5,pirTest,Tst,1000000000.0,../gen/Tst_pirTest/OuterProduct_5/log/mappir.log,../gen/Tst_pirTest/OuterProduct_5/log/runpir.log,../gen/Tst_pirTest/OuterProduct_5/log/genpsim.log,../gen/Tst_pirTest/OuterProduct_5/log/gentrace.log,../gen/Tst_pirTest/OuterProduct_5/log/runpsim.log,../gen/Tst_pirTest/OuterProduct_5/log/runpsim.sh,../gen/Tst_pirTest/OuterProduct_5/log/runproute.log,../gen/Tst_pirTest/OuterProduct_5/log/runproute.sh,../gen/Tst_pirTest/OuterProduct_5/plastisim/summary.csv,../gen/Tst_pirTest/OuterProduct_5/pir/AccelMain.scala,../gen/Tst_pirTest/OuterProduct_5/log/,../gen/Tst_pirTest/OuterProduct_5/log/gentst.log,../gen/Tst_pirTest/OuterProduct_5/log/maketst.log,../gen/Tst_pirTest/OuterProduct_5/log/runtst.log,True,,,,,,,,,,,False,False,False,100,,,,,,,,False,,,,,,,,,,,,,,,,,,,,"[[31merror[0m] failed bash iroute.sh
",38.260949474,,,,,,False,False,,,,,False
d49f9ee,2019-06-27 13:31:37,OuterProduct_6,pirTest,Tst,1000000000.0,../gen/Tst_pirTest/OuterProduct_6/log/mappir.log,../gen/Tst_pirTest/OuterProduct_6/log/runpir.log,../gen/Tst_pirTest/OuterProduct_6/log/genpsim.log,../gen/Tst_pirTest/OuterProduct_6/log/gentrace.log,../gen/Tst_pirTest/OuterProduct_6/log/runpsim.log,../gen/Tst_pirTest/OuterProduct_6/log/runpsim.sh,../gen/Tst_pirTest/OuterProduct_6/log/runproute.log,../gen/Tst_pirTest/OuterProduct_6/log/runproute.sh,../gen/Tst_pirTest/OuterProduct_6/plastisim/summary.csv,../gen/Tst_pirTest/OuterProduct_6/pir/AccelMain.scala,../gen/Tst_pirTest/OuterProduct_6/log/,../gen/Tst_pirTest/OuterProduct_6/log/gentst.log,../gen/Tst_pirTest/OuterProduct_6/log/maketst.log,../gen/Tst_pirTest/OuterProduct_6/log/runtst.log,True,,,,,,,,,,,False,False,False,100,,,,,,,,False,,,,,,,,,,,,,,,,,,,,"[[31merror[0m] failed bash iroute.sh
",14.357662571,,,,,,False,False,,,,,False
d49f9ee,2019-06-27 13:31:37,OuterProduct_7,pirTest,Tst,1000000000.0,../gen/Tst_pirTest/OuterProduct_7/log/mappir.log,../gen/Tst_pirTest/OuterProduct_7/log/runpir.log,../gen/Tst_pirTest/OuterProduct_7/log/genpsim.log,../gen/Tst_pirTest/OuterProduct_7/log/gentrace.log,../gen/Tst_pirTest/OuterProduct_7/log/runpsim.log,../gen/Tst_pirTest/OuterProduct_7/log/runpsim.sh,../gen/Tst_pirTest/OuterProduct_7/log/runproute.log,../gen/Tst_pirTest/OuterProduct_7/log/runproute.sh,../gen/Tst_pirTest/OuterProduct_7/plastisim/summary.csv,../gen/Tst_pirTest/OuterProduct_7/pir/AccelMain.scala,../gen/Tst_pirTest/OuterProduct_7/log/,../gen/Tst_pirTest/OuterProduct_7/log/gentst.log,../gen/Tst_pirTest/OuterProduct_7/log/maketst.log,../gen/Tst_pirTest/OuterProduct_7/log/runtst.log,True,,,,,,,,,,,False,False,False,100,,,,,,,,False,,,,,,,,,,,,,,,,,,,,"[[31merror[0m] failed bash iroute.sh
",18.273525911,,,,,,False,False,,,,,False
d49f9ee,2019-06-27 13:31:37,OuterProduct_8,pirTest,Tst,1000000000.0,../gen/Tst_pirTest/OuterProduct_8/log/mappir.log,../gen/Tst_pirTest/OuterProduct_8/log/runpir.log,../gen/Tst_pirTest/OuterProduct_8/log/genpsim.log,../gen/Tst_pirTest/OuterProduct_8/log/gentrace.log,../gen/Tst_pirTest/OuterProduct_8/log/runpsim.log,../gen/Tst_pirTest/OuterProduct_8/log/runpsim.sh,../gen/Tst_pirTest/OuterProduct_8/log/runproute.log,../gen/Tst_pirTest/OuterProduct_8/log/runproute.sh,../gen/Tst_pirTest/OuterProduct_8/plastisim/summary.csv,../gen/Tst_pirTest/OuterProduct_8/pir/AccelMain.scala,../gen/Tst_pirTest/OuterProduct_8/log/,../gen/Tst_pirTest/OuterProduct_8/log/gentst.log,../gen/Tst_pirTest/OuterProduct_8/log/maketst.log,../gen/Tst_pirTest/OuterProduct_8/log/runtst.log,True,,,,,,,,,,,False,False,False,100,,,,,,,,False,,,,,,,,,,,,,,,,,,,,"[[31merror[0m] failed bash iroute.sh
",35.879898327,,,,,,False,False,,,,,False
d49f9ee,2019-06-27 13:31:37,SGD_0,pirTest,Tst,1000000000.0,../gen/Tst_pirTest/SGD_0/log/mappir.log,../gen/Tst_pirTest/SGD_0/log/runpir.log,../gen/Tst_pirTest/SGD_0/log/genpsim.log,../gen/Tst_pirTest/SGD_0/log/gentrace.log,../gen/Tst_pirTest/SGD_0/log/runpsim.log,../gen/Tst_pirTest/SGD_0/log/runpsim.sh,../gen/Tst_pirTest/SGD_0/log/runproute.log,../gen/Tst_pirTest/SGD_0/log/runproute.sh,../gen/Tst_pirTest/SGD_0/plastisim/summary.csv,../gen/Tst_pirTest/SGD_0/pir/AccelMain.scala,../gen/Tst_pirTest/SGD_0/log/,../gen/Tst_pirTest/SGD_0/log/gentst.log,../gen/Tst_pirTest/SGD_0/log/maketst.log,../gen/Tst_pirTest/SGD_0/log/runtst.log,True,,,,,,,,,,,False,False,False,100,,,,,,,,False,,,,,,,,,,,,,,,,,,,,"[[31merror[0m] failed bash iroute.sh
",18.589497028,,,,,,False,False,,,,,False
d49f9ee,2019-06-27 13:31:37,SGD_1,pirTest,Tst,1000000000.0,../gen/Tst_pirTest/SGD_1/log/mappir.log,../gen/Tst_pirTest/SGD_1/log/runpir.log,../gen/Tst_pirTest/SGD_1/log/genpsim.log,../gen/Tst_pirTest/SGD_1/log/gentrace.log,../gen/Tst_pirTest/SGD_1/log/runpsim.log,../gen/Tst_pirTest/SGD_1/log/runpsim.sh,../gen/Tst_pirTest/SGD_1/log/runproute.log,../gen/Tst_pirTest/SGD_1/log/runproute.sh,../gen/Tst_pirTest/SGD_1/plastisim/summary.csv,../gen/Tst_pirTest/SGD_1/pir/AccelMain.scala,../gen/Tst_pirTest/SGD_1/log/,../gen/Tst_pirTest/SGD_1/log/gentst.log,../gen/Tst_pirTest/SGD_1/log/maketst.log,../gen/Tst_pirTest/SGD_1/log/runtst.log,True,,,,,,,,,,,False,False,False,100,,,,,,,,False,,,,,,,,,,,,,,,,,,,,"[[31merror[0m] failed bash iroute.sh
",25.226583399,,,,,,False,False,,,,,False
d49f9ee,2019-06-27 13:31:37,SGD_2,pirTest,Tst,1000000000.0,../gen/Tst_pirTest/SGD_2/log/mappir.log,../gen/Tst_pirTest/SGD_2/log/runpir.log,../gen/Tst_pirTest/SGD_2/log/genpsim.log,../gen/Tst_pirTest/SGD_2/log/gentrace.log,../gen/Tst_pirTest/SGD_2/log/runpsim.log,../gen/Tst_pirTest/SGD_2/log/runpsim.sh,../gen/Tst_pirTest/SGD_2/log/runproute.log,../gen/Tst_pirTest/SGD_2/log/runproute.sh,../gen/Tst_pirTest/SGD_2/plastisim/summary.csv,../gen/Tst_pirTest/SGD_2/pir/AccelMain.scala,../gen/Tst_pirTest/SGD_2/log/,../gen/Tst_pirTest/SGD_2/log/gentst.log,../gen/Tst_pirTest/SGD_2/log/maketst.log,../gen/Tst_pirTest/SGD_2/log/runtst.log,True,,,,,,,,,,,False,False,False,100,,,,,,,,False,,,,,,,,,,,,,,,,,,,,"[[31merror[0m] failed bash iroute.sh
",27.673871719,,,,,,False,False,,,,,False
d49f9ee,2019-06-27 13:31:37,SGD_3,pirTest,Tst,1000000000.0,../gen/Tst_pirTest/SGD_3/log/mappir.log,../gen/Tst_pirTest/SGD_3/log/runpir.log,../gen/Tst_pirTest/SGD_3/log/genpsim.log,../gen/Tst_pirTest/SGD_3/log/gentrace.log,../gen/Tst_pirTest/SGD_3/log/runpsim.log,../gen/Tst_pirTest/SGD_3/log/runpsim.sh,../gen/Tst_pirTest/SGD_3/log/runproute.log,../gen/Tst_pirTest/SGD_3/log/runproute.sh,../gen/Tst_pirTest/SGD_3/plastisim/summary.csv,../gen/Tst_pirTest/SGD_3/pir/AccelMain.scala,../gen/Tst_pirTest/SGD_3/log/,../gen/Tst_pirTest/SGD_3/log/gentst.log,../gen/Tst_pirTest/SGD_3/log/maketst.log,../gen/Tst_pirTest/SGD_3/log/runtst.log,True,,,,,,,,,,,False,False,False,100,,,,,,,,False,,,,,,,,,,,,,,,,,,,,"[[31merror[0m] failed bash iroute.sh
",62.183758259,,,,,,False,False,,,,,False
d49f9ee,2019-06-27 13:31:37,SimpleDotProduct_0,pirTest,Tst,1000000000.0,../gen/Tst_pirTest/SimpleDotProduct_0/log/mappir.log,../gen/Tst_pirTest/SimpleDotProduct_0/log/runpir.log,../gen/Tst_pirTest/SimpleDotProduct_0/log/genpsim.log,../gen/Tst_pirTest/SimpleDotProduct_0/log/gentrace.log,../gen/Tst_pirTest/SimpleDotProduct_0/log/runpsim.log,../gen/Tst_pirTest/SimpleDotProduct_0/log/runpsim.sh,../gen/Tst_pirTest/SimpleDotProduct_0/log/runproute.log,../gen/Tst_pirTest/SimpleDotProduct_0/log/runproute.sh,../gen/Tst_pirTest/SimpleDotProduct_0/plastisim/summary.csv,../gen/Tst_pirTest/SimpleDotProduct_0/pir/AccelMain.scala,../gen/Tst_pirTest/SimpleDotProduct_0/log/,../gen/Tst_pirTest/SimpleDotProduct_0/log/gentst.log,../gen/Tst_pirTest/SimpleDotProduct_0/log/maketst.log,../gen/Tst_pirTest/SimpleDotProduct_0/log/runtst.log,True,,,,,,,,,,,False,False,False,100,,,,,,,,False,,,,,,,,,,,,,,,,,,,,"[[31merror[0m] failed bash iroute.sh
",7.485852204,,,,,,False,False,,,,,False
d49f9ee,2019-06-27 13:31:37,SimpleDotProduct_1,pirTest,Tst,1000000000.0,../gen/Tst_pirTest/SimpleDotProduct_1/log/mappir.log,../gen/Tst_pirTest/SimpleDotProduct_1/log/runpir.log,../gen/Tst_pirTest/SimpleDotProduct_1/log/genpsim.log,../gen/Tst_pirTest/SimpleDotProduct_1/log/gentrace.log,../gen/Tst_pirTest/SimpleDotProduct_1/log/runpsim.log,../gen/Tst_pirTest/SimpleDotProduct_1/log/runpsim.sh,../gen/Tst_pirTest/SimpleDotProduct_1/log/runproute.log,../gen/Tst_pirTest/SimpleDotProduct_1/log/runproute.sh,../gen/Tst_pirTest/SimpleDotProduct_1/plastisim/summary.csv,../gen/Tst_pirTest/SimpleDotProduct_1/pir/AccelMain.scala,../gen/Tst_pirTest/SimpleDotProduct_1/log/,../gen/Tst_pirTest/SimpleDotProduct_1/log/gentst.log,../gen/Tst_pirTest/SimpleDotProduct_1/log/maketst.log,../gen/Tst_pirTest/SimpleDotProduct_1/log/runtst.log,True,,,,,,,,,,,False,False,False,100,,,,,,,,False,,,,,,,,,,,,,,,,,,,,"[[31merror[0m] failed bash iroute.sh
",11.255332891,,,,,,False,False,,,,,False
d49f9ee,2019-06-27 13:31:37,SplitStream,pirTest,Tst,1000000000.0,../gen/Tst_pirTest/SplitStream/log/mappir.log,../gen/Tst_pirTest/SplitStream/log/runpir.log,../gen/Tst_pirTest/SplitStream/log/genpsim.log,../gen/Tst_pirTest/SplitStream/log/gentrace.log,../gen/Tst_pirTest/SplitStream/log/runpsim.log,../gen/Tst_pirTest/SplitStream/log/runpsim.sh,../gen/Tst_pirTest/SplitStream/log/runproute.log,../gen/Tst_pirTest/SplitStream/log/runproute.sh,../gen/Tst_pirTest/SplitStream/plastisim/summary.csv,../gen/Tst_pirTest/SplitStream/pir/AccelMain.scala,../gen/Tst_pirTest/SplitStream/log/,../gen/Tst_pirTest/SplitStream/log/gentst.log,../gen/Tst_pirTest/SplitStream/log/maketst.log,../gen/Tst_pirTest/SplitStream/log/runtst.log,False,[bug] Encountered exception while updating node,,,,,,,,,,False,False,False,100,,,,,,,,False,,,,,,,,,,,,,,,,,,,,,,,,,,,False,False,,,,,False
d49f9ee,2019-06-27 13:31:37,SplitStream2,pirTest,Tst,1000000000.0,../gen/Tst_pirTest/SplitStream2/log/mappir.log,../gen/Tst_pirTest/SplitStream2/log/runpir.log,../gen/Tst_pirTest/SplitStream2/log/genpsim.log,../gen/Tst_pirTest/SplitStream2/log/gentrace.log,../gen/Tst_pirTest/SplitStream2/log/runpsim.log,../gen/Tst_pirTest/SplitStream2/log/runpsim.sh,../gen/Tst_pirTest/SplitStream2/log/runproute.log,../gen/Tst_pirTest/SplitStream2/log/runproute.sh,../gen/Tst_pirTest/SplitStream2/plastisim/summary.csv,../gen/Tst_pirTest/SplitStream2/pir/AccelMain.scala,../gen/Tst_pirTest/SplitStream2/log/,../gen/Tst_pirTest/SplitStream2/log/gentst.log,../gen/Tst_pirTest/SplitStream2/log/maketst.log,../gen/Tst_pirTest/SplitStream2/log/runtst.log,False,[bug] Encountered exception while updating node,,,,,,,,,,False,False,False,100,,,,,,,,False,,,,,,,,,,,,,,,,,,,,,,,,,,,False,False,,,,,False
d49f9ee,2019-06-27 13:31:37,StreamInOutStop,pirTest,Tst,1000000000.0,../gen/Tst_pirTest/StreamInOutStop/log/mappir.log,../gen/Tst_pirTest/StreamInOutStop/log/runpir.log,../gen/Tst_pirTest/StreamInOutStop/log/genpsim.log,../gen/Tst_pirTest/StreamInOutStop/log/gentrace.log,../gen/Tst_pirTest/StreamInOutStop/log/runpsim.log,../gen/Tst_pirTest/StreamInOutStop/log/runpsim.sh,../gen/Tst_pirTest/StreamInOutStop/log/runproute.log,../gen/Tst_pirTest/StreamInOutStop/log/runproute.sh,../gen/Tst_pirTest/StreamInOutStop/plastisim/summary.csv,../gen/Tst_pirTest/StreamInOutStop/pir/AccelMain.scala,../gen/Tst_pirTest/StreamInOutStop/log/,../gen/Tst_pirTest/StreamInOutStop/log/gentst.log,../gen/Tst_pirTest/StreamInOutStop/log/maketst.log,../gen/Tst_pirTest/StreamInOutStop/log/runtst.log,True,,,,,,,,,,,False,False,False,100,,,,,,,,False,,,,,,,,,,,,,,,,,,,,"[[31merror[0m] failed bash iroute.sh
",6.835423145,,,,,,False,False,,,,,False
d49f9ee,2019-06-27 13:31:37,StreamInfDotProduct_0,pirTest,Tst,1000000000.0,../gen/Tst_pirTest/StreamInfDotProduct_0/log/mappir.log,../gen/Tst_pirTest/StreamInfDotProduct_0/log/runpir.log,../gen/Tst_pirTest/StreamInfDotProduct_0/log/genpsim.log,../gen/Tst_pirTest/StreamInfDotProduct_0/log/gentrace.log,../gen/Tst_pirTest/StreamInfDotProduct_0/log/runpsim.log,../gen/Tst_pirTest/StreamInfDotProduct_0/log/runpsim.sh,../gen/Tst_pirTest/StreamInfDotProduct_0/log/runproute.log,../gen/Tst_pirTest/StreamInfDotProduct_0/log/runproute.sh,../gen/Tst_pirTest/StreamInfDotProduct_0/plastisim/summary.csv,../gen/Tst_pirTest/StreamInfDotProduct_0/pir/AccelMain.scala,../gen/Tst_pirTest/StreamInfDotProduct_0/log/,../gen/Tst_pirTest/StreamInfDotProduct_0/log/gentst.log,../gen/Tst_pirTest/StreamInfDotProduct_0/log/maketst.log,../gen/Tst_pirTest/StreamInfDotProduct_0/log/runtst.log,True,,,,,,,,,,,False,False,False,100,,,,,,,,False,,,,,,,,,,,,,,,,,,,,"[[31merror[0m] failed bash iroute.sh
",10.609489466,,,,,,False,False,,,,,False
d49f9ee,2019-06-27 13:31:37,StreamInfDotProduct_1,pirTest,Tst,1000000000.0,../gen/Tst_pirTest/StreamInfDotProduct_1/log/mappir.log,../gen/Tst_pirTest/StreamInfDotProduct_1/log/runpir.log,../gen/Tst_pirTest/StreamInfDotProduct_1/log/genpsim.log,../gen/Tst_pirTest/StreamInfDotProduct_1/log/gentrace.log,../gen/Tst_pirTest/StreamInfDotProduct_1/log/runpsim.log,../gen/Tst_pirTest/StreamInfDotProduct_1/log/runpsim.sh,../gen/Tst_pirTest/StreamInfDotProduct_1/log/runproute.log,../gen/Tst_pirTest/StreamInfDotProduct_1/log/runproute.sh,../gen/Tst_pirTest/StreamInfDotProduct_1/plastisim/summary.csv,../gen/Tst_pirTest/StreamInfDotProduct_1/pir/AccelMain.scala,../gen/Tst_pirTest/StreamInfDotProduct_1/log/,../gen/Tst_pirTest/StreamInfDotProduct_1/log/gentst.log,../gen/Tst_pirTest/StreamInfDotProduct_1/log/maketst.log,../gen/Tst_pirTest/StreamInfDotProduct_1/log/runtst.log,True,,,,,,,,,,,False,False,False,100,,,,,,,,False,,,,,,,,,,,,,,,,,,,,"[[31merror[0m] failed bash iroute.sh
",8.289133536,,,,,,False,False,,,,,False
d49f9ee,2019-06-27 13:31:37,StreamInfDotProduct_2,pirTest,Tst,1000000000.0,../gen/Tst_pirTest/StreamInfDotProduct_2/log/mappir.log,../gen/Tst_pirTest/StreamInfDotProduct_2/log/runpir.log,../gen/Tst_pirTest/StreamInfDotProduct_2/log/genpsim.log,../gen/Tst_pirTest/StreamInfDotProduct_2/log/gentrace.log,../gen/Tst_pirTest/StreamInfDotProduct_2/log/runpsim.log,../gen/Tst_pirTest/StreamInfDotProduct_2/log/runpsim.sh,../gen/Tst_pirTest/StreamInfDotProduct_2/log/runproute.log,../gen/Tst_pirTest/StreamInfDotProduct_2/log/runproute.sh,../gen/Tst_pirTest/StreamInfDotProduct_2/plastisim/summary.csv,../gen/Tst_pirTest/StreamInfDotProduct_2/pir/AccelMain.scala,../gen/Tst_pirTest/StreamInfDotProduct_2/log/,../gen/Tst_pirTest/StreamInfDotProduct_2/log/gentst.log,../gen/Tst_pirTest/StreamInfDotProduct_2/log/maketst.log,../gen/Tst_pirTest/StreamInfDotProduct_2/log/runtst.log,True,,,,,,,,,,,False,False,False,100,,,,,,,,False,,,,,,,,,,,,,,,,,,,,"[[31merror[0m] failed bash iroute.sh
",12.225575634,,,,,,False,False,,,,,False
d49f9ee,2019-06-27 13:31:37,StreamInfDotProduct_3,pirTest,Tst,1000000000.0,../gen/Tst_pirTest/StreamInfDotProduct_3/log/mappir.log,../gen/Tst_pirTest/StreamInfDotProduct_3/log/runpir.log,../gen/Tst_pirTest/StreamInfDotProduct_3/log/genpsim.log,../gen/Tst_pirTest/StreamInfDotProduct_3/log/gentrace.log,../gen/Tst_pirTest/StreamInfDotProduct_3/log/runpsim.log,../gen/Tst_pirTest/StreamInfDotProduct_3/log/runpsim.sh,../gen/Tst_pirTest/StreamInfDotProduct_3/log/runproute.log,../gen/Tst_pirTest/StreamInfDotProduct_3/log/runproute.sh,../gen/Tst_pirTest/StreamInfDotProduct_3/plastisim/summary.csv,../gen/Tst_pirTest/StreamInfDotProduct_3/pir/AccelMain.scala,../gen/Tst_pirTest/StreamInfDotProduct_3/log/,../gen/Tst_pirTest/StreamInfDotProduct_3/log/gentst.log,../gen/Tst_pirTest/StreamInfDotProduct_3/log/maketst.log,../gen/Tst_pirTest/StreamInfDotProduct_3/log/runtst.log,True,,,,,,,,,,,False,False,False,100,,,,,,,,False,,,,,,,,,,,,,,,,,,,,"[[31merror[0m] failed bash iroute.sh
",11.375994498,,,,,,False,False,,,,,False
d49f9ee,2019-06-27 13:31:37,StreamInfDotProduct_4,pirTest,Tst,1000000000.0,../gen/Tst_pirTest/StreamInfDotProduct_4/log/mappir.log,../gen/Tst_pirTest/StreamInfDotProduct_4/log/runpir.log,../gen/Tst_pirTest/StreamInfDotProduct_4/log/genpsim.log,../gen/Tst_pirTest/StreamInfDotProduct_4/log/gentrace.log,../gen/Tst_pirTest/StreamInfDotProduct_4/log/runpsim.log,../gen/Tst_pirTest/StreamInfDotProduct_4/log/runpsim.sh,../gen/Tst_pirTest/StreamInfDotProduct_4/log/runproute.log,../gen/Tst_pirTest/StreamInfDotProduct_4/log/runproute.sh,../gen/Tst_pirTest/StreamInfDotProduct_4/plastisim/summary.csv,../gen/Tst_pirTest/StreamInfDotProduct_4/pir/AccelMain.scala,../gen/Tst_pirTest/StreamInfDotProduct_4/log/,../gen/Tst_pirTest/StreamInfDotProduct_4/log/gentst.log,../gen/Tst_pirTest/StreamInfDotProduct_4/log/maketst.log,../gen/Tst_pirTest/StreamInfDotProduct_4/log/runtst.log,True,,,,,,,,,,,False,False,False,100,,,,,,,,False,,,,,,,,,,,,,,,,,,,,"[[31merror[0m] failed bash iroute.sh
",13.255678023,,,,,,False,False,,,,,False
d49f9ee,2019-06-27 13:31:37,StreamInfKmeans_0,pirTest,Tst,1000000000.0,../gen/Tst_pirTest/StreamInfKmeans_0/log/mappir.log,../gen/Tst_pirTest/StreamInfKmeans_0/log/runpir.log,../gen/Tst_pirTest/StreamInfKmeans_0/log/genpsim.log,../gen/Tst_pirTest/StreamInfKmeans_0/log/gentrace.log,../gen/Tst_pirTest/StreamInfKmeans_0/log/runpsim.log,../gen/Tst_pirTest/StreamInfKmeans_0/log/runpsim.sh,../gen/Tst_pirTest/StreamInfKmeans_0/log/runproute.log,../gen/Tst_pirTest/StreamInfKmeans_0/log/runproute.sh,../gen/Tst_pirTest/StreamInfKmeans_0/plastisim/summary.csv,../gen/Tst_pirTest/StreamInfKmeans_0/pir/AccelMain.scala,../gen/Tst_pirTest/StreamInfKmeans_0/log/,../gen/Tst_pirTest/StreamInfKmeans_0/log/gentst.log,../gen/Tst_pirTest/StreamInfKmeans_0/log/maketst.log,../gen/Tst_pirTest/StreamInfKmeans_0/log/runtst.log,True,,,,,,,,,,,False,False,False,100,,,,,,,,False,,,,,,,,,,,,,,,,,,,,,,,,,,,False,False,,,,,False
d49f9ee,2019-06-27 13:31:37,StreamInfKmeans_1,pirTest,Tst,1000000000.0,../gen/Tst_pirTest/StreamInfKmeans_1/log/mappir.log,../gen/Tst_pirTest/StreamInfKmeans_1/log/runpir.log,../gen/Tst_pirTest/StreamInfKmeans_1/log/genpsim.log,../gen/Tst_pirTest/StreamInfKmeans_1/log/gentrace.log,../gen/Tst_pirTest/StreamInfKmeans_1/log/runpsim.log,../gen/Tst_pirTest/StreamInfKmeans_1/log/runpsim.sh,../gen/Tst_pirTest/StreamInfKmeans_1/log/runproute.log,../gen/Tst_pirTest/StreamInfKmeans_1/log/runproute.sh,../gen/Tst_pirTest/StreamInfKmeans_1/plastisim/summary.csv,../gen/Tst_pirTest/StreamInfKmeans_1/pir/AccelMain.scala,../gen/Tst_pirTest/StreamInfKmeans_1/log/,../gen/Tst_pirTest/StreamInfKmeans_1/log/gentst.log,../gen/Tst_pirTest/StreamInfKmeans_1/log/maketst.log,../gen/Tst_pirTest/StreamInfKmeans_1/log/runtst.log,True,,,,,,,,,,,False,False,False,100,,,,,,,,False,,,,,,,,,,,,,,,,,,,,"[[31merror[0m] failed bash iroute.sh
",12.619108007,,,,,,False,False,,,,,False
d49f9ee,2019-06-27 13:31:37,StreamInfKmeans_2,pirTest,Tst,1000000000.0,../gen/Tst_pirTest/StreamInfKmeans_2/log/mappir.log,../gen/Tst_pirTest/StreamInfKmeans_2/log/runpir.log,../gen/Tst_pirTest/StreamInfKmeans_2/log/genpsim.log,../gen/Tst_pirTest/StreamInfKmeans_2/log/gentrace.log,../gen/Tst_pirTest/StreamInfKmeans_2/log/runpsim.log,../gen/Tst_pirTest/StreamInfKmeans_2/log/runpsim.sh,../gen/Tst_pirTest/StreamInfKmeans_2/log/runproute.log,../gen/Tst_pirTest/StreamInfKmeans_2/log/runproute.sh,../gen/Tst_pirTest/StreamInfKmeans_2/plastisim/summary.csv,../gen/Tst_pirTest/StreamInfKmeans_2/pir/AccelMain.scala,../gen/Tst_pirTest/StreamInfKmeans_2/log/,../gen/Tst_pirTest/StreamInfKmeans_2/log/gentst.log,../gen/Tst_pirTest/StreamInfKmeans_2/log/maketst.log,../gen/Tst_pirTest/StreamInfKmeans_2/log/runtst.log,True,,,,,,,,,,,False,False,False,100,,,,,,,,False,,,,,,,,,,,,,,,,,,,,"[[31merror[0m] failed bash iroute.sh
",16.687187141,,,,,,False,False,,,,,False
d49f9ee,2019-06-27 13:31:37,StreamInfKmeans_3,pirTest,Tst,1000000000.0,../gen/Tst_pirTest/StreamInfKmeans_3/log/mappir.log,../gen/Tst_pirTest/StreamInfKmeans_3/log/runpir.log,../gen/Tst_pirTest/StreamInfKmeans_3/log/genpsim.log,../gen/Tst_pirTest/StreamInfKmeans_3/log/gentrace.log,../gen/Tst_pirTest/StreamInfKmeans_3/log/runpsim.log,../gen/Tst_pirTest/StreamInfKmeans_3/log/runpsim.sh,../gen/Tst_pirTest/StreamInfKmeans_3/log/runproute.log,../gen/Tst_pirTest/StreamInfKmeans_3/log/runproute.sh,../gen/Tst_pirTest/StreamInfKmeans_3/plastisim/summary.csv,../gen/Tst_pirTest/StreamInfKmeans_3/pir/AccelMain.scala,../gen/Tst_pirTest/StreamInfKmeans_3/log/,../gen/Tst_pirTest/StreamInfKmeans_3/log/gentst.log,../gen/Tst_pirTest/StreamInfKmeans_3/log/maketst.log,../gen/Tst_pirTest/StreamInfKmeans_3/log/runtst.log,True,,,,,,,,,,,False,False,False,100,,,,,,,,False,,,,,,,,,,,,,,,,,,,,"[[31merror[0m] failed bash iroute.sh
",27.253248569,,,,,,False,False,,,,,False
d49f9ee,2019-06-27 13:31:37,StreamInfKmeans_4,pirTest,Tst,1000000000.0,../gen/Tst_pirTest/StreamInfKmeans_4/log/mappir.log,../gen/Tst_pirTest/StreamInfKmeans_4/log/runpir.log,../gen/Tst_pirTest/StreamInfKmeans_4/log/genpsim.log,../gen/Tst_pirTest/StreamInfKmeans_4/log/gentrace.log,../gen/Tst_pirTest/StreamInfKmeans_4/log/runpsim.log,../gen/Tst_pirTest/StreamInfKmeans_4/log/runpsim.sh,../gen/Tst_pirTest/StreamInfKmeans_4/log/runproute.log,../gen/Tst_pirTest/StreamInfKmeans_4/log/runproute.sh,../gen/Tst_pirTest/StreamInfKmeans_4/plastisim/summary.csv,../gen/Tst_pirTest/StreamInfKmeans_4/pir/AccelMain.scala,../gen/Tst_pirTest/StreamInfKmeans_4/log/,../gen/Tst_pirTest/StreamInfKmeans_4/log/gentst.log,../gen/Tst_pirTest/StreamInfKmeans_4/log/maketst.log,../gen/Tst_pirTest/StreamInfKmeans_4/log/runtst.log,True,,,,,,,,,,,False,False,False,100,,,,,,,,False,,,,,,,,,,,,,,,,,,,,,,,,,,,False,False,,,,,False
d49f9ee,2019-06-27 13:31:37,StreamInfKmeans_6,pirTest,Tst,1000000000.0,../gen/Tst_pirTest/StreamInfKmeans_6/log/mappir.log,../gen/Tst_pirTest/StreamInfKmeans_6/log/runpir.log,../gen/Tst_pirTest/StreamInfKmeans_6/log/genpsim.log,../gen/Tst_pirTest/StreamInfKmeans_6/log/gentrace.log,../gen/Tst_pirTest/StreamInfKmeans_6/log/runpsim.log,../gen/Tst_pirTest/StreamInfKmeans_6/log/runpsim.sh,../gen/Tst_pirTest/StreamInfKmeans_6/log/runproute.log,../gen/Tst_pirTest/StreamInfKmeans_6/log/runproute.sh,../gen/Tst_pirTest/StreamInfKmeans_6/plastisim/summary.csv,../gen/Tst_pirTest/StreamInfKmeans_6/pir/AccelMain.scala,../gen/Tst_pirTest/StreamInfKmeans_6/log/,../gen/Tst_pirTest/StreamInfKmeans_6/log/gentst.log,../gen/Tst_pirTest/StreamInfKmeans_6/log/maketst.log,../gen/Tst_pirTest/StreamInfKmeans_6/log/runtst.log,True,,,,,,,,,,,False,False,False,100,,,,,,,,False,,,,,,,,,,,,,,,,,,,,"[[31merror[0m] failed bash iroute.sh
",18.999061356,,,,,,False,False,,,,,False
d49f9ee,2019-06-27 13:31:37,StreamInfKmeans_7,pirTest,Tst,1000000000.0,../gen/Tst_pirTest/StreamInfKmeans_7/log/mappir.log,../gen/Tst_pirTest/StreamInfKmeans_7/log/runpir.log,../gen/Tst_pirTest/StreamInfKmeans_7/log/genpsim.log,../gen/Tst_pirTest/StreamInfKmeans_7/log/gentrace.log,../gen/Tst_pirTest/StreamInfKmeans_7/log/runpsim.log,../gen/Tst_pirTest/StreamInfKmeans_7/log/runpsim.sh,../gen/Tst_pirTest/StreamInfKmeans_7/log/runproute.log,../gen/Tst_pirTest/StreamInfKmeans_7/log/runproute.sh,../gen/Tst_pirTest/StreamInfKmeans_7/plastisim/summary.csv,../gen/Tst_pirTest/StreamInfKmeans_7/pir/AccelMain.scala,../gen/Tst_pirTest/StreamInfKmeans_7/log/,../gen/Tst_pirTest/StreamInfKmeans_7/log/gentst.log,../gen/Tst_pirTest/StreamInfKmeans_7/log/maketst.log,../gen/Tst_pirTest/StreamInfKmeans_7/log/runtst.log,True,,,,,,,,,,,False,False,False,100,,,,,,,,False,,,,,,,,,,,,,,,,,,,,"[[31merror[0m] failed bash iroute.sh
",40.936439189,,,,,,False,False,,,,,False
d49f9ee,2019-06-27 13:31:37,StreamInfNN_0,pirTest,Tst,1000000000.0,../gen/Tst_pirTest/StreamInfNN_0/log/mappir.log,../gen/Tst_pirTest/StreamInfNN_0/log/runpir.log,../gen/Tst_pirTest/StreamInfNN_0/log/genpsim.log,../gen/Tst_pirTest/StreamInfNN_0/log/gentrace.log,../gen/Tst_pirTest/StreamInfNN_0/log/runpsim.log,../gen/Tst_pirTest/StreamInfNN_0/log/runpsim.sh,../gen/Tst_pirTest/StreamInfNN_0/log/runproute.log,../gen/Tst_pirTest/StreamInfNN_0/log/runproute.sh,../gen/Tst_pirTest/StreamInfNN_0/plastisim/summary.csv,../gen/Tst_pirTest/StreamInfNN_0/pir/AccelMain.scala,../gen/Tst_pirTest/StreamInfNN_0/log/,../gen/Tst_pirTest/StreamInfNN_0/log/gentst.log,../gen/Tst_pirTest/StreamInfNN_0/log/maketst.log,../gen/Tst_pirTest/StreamInfNN_0/log/runtst.log,True,,,,,,,,,,,False,False,False,100,,,,,,,,False,,,,,,,,,,,,,,,,,,,,"[[31merror[0m] failed bash iroute.sh
",12.217654965,,,,,,False,False,,,,,False
d49f9ee,2019-06-27 13:31:37,StreamInfNN_1,pirTest,Tst,1000000000.0,../gen/Tst_pirTest/StreamInfNN_1/log/mappir.log,../gen/Tst_pirTest/StreamInfNN_1/log/runpir.log,../gen/Tst_pirTest/StreamInfNN_1/log/genpsim.log,../gen/Tst_pirTest/StreamInfNN_1/log/gentrace.log,../gen/Tst_pirTest/StreamInfNN_1/log/runpsim.log,../gen/Tst_pirTest/StreamInfNN_1/log/runpsim.sh,../gen/Tst_pirTest/StreamInfNN_1/log/runproute.log,../gen/Tst_pirTest/StreamInfNN_1/log/runproute.sh,../gen/Tst_pirTest/StreamInfNN_1/plastisim/summary.csv,../gen/Tst_pirTest/StreamInfNN_1/pir/AccelMain.scala,../gen/Tst_pirTest/StreamInfNN_1/log/,../gen/Tst_pirTest/StreamInfNN_1/log/gentst.log,../gen/Tst_pirTest/StreamInfNN_1/log/maketst.log,../gen/Tst_pirTest/StreamInfNN_1/log/runtst.log,True,,,,,,,,,,,False,False,False,100,,,,,,,,False,,,,,,,,,,,,,,,,,,,,"[[31merror[0m] failed bash iroute.sh
",17.23258348,,,,,,False,False,,,,,False
d49f9ee,2019-06-27 13:31:37,StreamInfNN_2,pirTest,Tst,1000000000.0,../gen/Tst_pirTest/StreamInfNN_2/log/mappir.log,../gen/Tst_pirTest/StreamInfNN_2/log/runpir.log,../gen/Tst_pirTest/StreamInfNN_2/log/genpsim.log,../gen/Tst_pirTest/StreamInfNN_2/log/gentrace.log,../gen/Tst_pirTest/StreamInfNN_2/log/runpsim.log,../gen/Tst_pirTest/StreamInfNN_2/log/runpsim.sh,../gen/Tst_pirTest/StreamInfNN_2/log/runproute.log,../gen/Tst_pirTest/StreamInfNN_2/log/runproute.sh,../gen/Tst_pirTest/StreamInfNN_2/plastisim/summary.csv,../gen/Tst_pirTest/StreamInfNN_2/pir/AccelMain.scala,../gen/Tst_pirTest/StreamInfNN_2/log/,../gen/Tst_pirTest/StreamInfNN_2/log/gentst.log,../gen/Tst_pirTest/StreamInfNN_2/log/maketst.log,../gen/Tst_pirTest/StreamInfNN_2/log/runtst.log,True,,,,,,,,,,,False,False,False,100,,,,,,,,False,,,,,,,,,,,,,,,,,,,,,,,,,,,False,False,,,,,False
d49f9ee,2019-06-27 13:31:37,StreamInfNN_3,pirTest,Tst,1000000000.0,../gen/Tst_pirTest/StreamInfNN_3/log/mappir.log,../gen/Tst_pirTest/StreamInfNN_3/log/runpir.log,../gen/Tst_pirTest/StreamInfNN_3/log/genpsim.log,../gen/Tst_pirTest/StreamInfNN_3/log/gentrace.log,../gen/Tst_pirTest/StreamInfNN_3/log/runpsim.log,../gen/Tst_pirTest/StreamInfNN_3/log/runpsim.sh,../gen/Tst_pirTest/StreamInfNN_3/log/runproute.log,../gen/Tst_pirTest/StreamInfNN_3/log/runproute.sh,../gen/Tst_pirTest/StreamInfNN_3/plastisim/summary.csv,../gen/Tst_pirTest/StreamInfNN_3/pir/AccelMain.scala,../gen/Tst_pirTest/StreamInfNN_3/log/,../gen/Tst_pirTest/StreamInfNN_3/log/gentst.log,../gen/Tst_pirTest/StreamInfNN_3/log/maketst.log,../gen/Tst_pirTest/StreamInfNN_3/log/runtst.log,True,,,,,,,,,,,False,False,False,100,,,,,,,,False,,,,,,,,,,,,,,,,,,,,"[[31merror[0m] failed bash iroute.sh
",13.829196634,,,,,,False,False,,,,,False
d49f9ee,2019-06-27 13:31:37,StreamInfNN_4,pirTest,Tst,1000000000.0,../gen/Tst_pirTest/StreamInfNN_4/log/mappir.log,../gen/Tst_pirTest/StreamInfNN_4/log/runpir.log,../gen/Tst_pirTest/StreamInfNN_4/log/genpsim.log,../gen/Tst_pirTest/StreamInfNN_4/log/gentrace.log,../gen/Tst_pirTest/StreamInfNN_4/log/runpsim.log,../gen/Tst_pirTest/StreamInfNN_4/log/runpsim.sh,../gen/Tst_pirTest/StreamInfNN_4/log/runproute.log,../gen/Tst_pirTest/StreamInfNN_4/log/runproute.sh,../gen/Tst_pirTest/StreamInfNN_4/plastisim/summary.csv,../gen/Tst_pirTest/StreamInfNN_4/pir/AccelMain.scala,../gen/Tst_pirTest/StreamInfNN_4/log/,../gen/Tst_pirTest/StreamInfNN_4/log/gentst.log,../gen/Tst_pirTest/StreamInfNN_4/log/maketst.log,../gen/Tst_pirTest/StreamInfNN_4/log/runtst.log,True,,,,,,,,,,,False,False,False,100,,,,,,,,False,,,,,,,,,,,,,,,,,,,,"[[31merror[0m] failed bash iroute.sh
",27.059565557,,,,,,False,False,,,,,False
d49f9ee,2019-06-27 13:31:37,StreamInfNN_5,pirTest,Tst,1000000000.0,../gen/Tst_pirTest/StreamInfNN_5/log/mappir.log,../gen/Tst_pirTest/StreamInfNN_5/log/runpir.log,../gen/Tst_pirTest/StreamInfNN_5/log/genpsim.log,../gen/Tst_pirTest/StreamInfNN_5/log/gentrace.log,../gen/Tst_pirTest/StreamInfNN_5/log/runpsim.log,../gen/Tst_pirTest/StreamInfNN_5/log/runpsim.sh,../gen/Tst_pirTest/StreamInfNN_5/log/runproute.log,../gen/Tst_pirTest/StreamInfNN_5/log/runproute.sh,../gen/Tst_pirTest/StreamInfNN_5/plastisim/summary.csv,../gen/Tst_pirTest/StreamInfNN_5/pir/AccelMain.scala,../gen/Tst_pirTest/StreamInfNN_5/log/,../gen/Tst_pirTest/StreamInfNN_5/log/gentst.log,../gen/Tst_pirTest/StreamInfNN_5/log/maketst.log,../gen/Tst_pirTest/StreamInfNN_5/log/runtst.log,True,,,,,,,,,,,False,False,False,100,,,,,,,,False,,,,,,,,,,,,,,,,,,,,"[[31merror[0m] failed bash iroute.sh
",19.708435483,,,,,,False,False,,,,,False
d49f9ee,2019-06-27 13:31:37,StreamInfNN_6,pirTest,Tst,1000000000.0,../gen/Tst_pirTest/StreamInfNN_6/log/mappir.log,../gen/Tst_pirTest/StreamInfNN_6/log/runpir.log,../gen/Tst_pirTest/StreamInfNN_6/log/genpsim.log,../gen/Tst_pirTest/StreamInfNN_6/log/gentrace.log,../gen/Tst_pirTest/StreamInfNN_6/log/runpsim.log,../gen/Tst_pirTest/StreamInfNN_6/log/runpsim.sh,../gen/Tst_pirTest/StreamInfNN_6/log/runproute.log,../gen/Tst_pirTest/StreamInfNN_6/log/runproute.sh,../gen/Tst_pirTest/StreamInfNN_6/plastisim/summary.csv,../gen/Tst_pirTest/StreamInfNN_6/pir/AccelMain.scala,../gen/Tst_pirTest/StreamInfNN_6/log/,../gen/Tst_pirTest/StreamInfNN_6/log/gentst.log,../gen/Tst_pirTest/StreamInfNN_6/log/maketst.log,../gen/Tst_pirTest/StreamInfNN_6/log/runtst.log,True,,,,,,,,,,,False,False,False,100,,,,,,,,False,,,,,,,,,,,,,,,,,,,,"[[31merror[0m] failed bash iroute.sh
",26.961685131,,,,,,False,False,,,,,False
d49f9ee,2019-06-27 13:31:37,StreamInfSVM_0,pirTest,Tst,1000000000.0,../gen/Tst_pirTest/StreamInfSVM_0/log/mappir.log,../gen/Tst_pirTest/StreamInfSVM_0/log/runpir.log,../gen/Tst_pirTest/StreamInfSVM_0/log/genpsim.log,../gen/Tst_pirTest/StreamInfSVM_0/log/gentrace.log,../gen/Tst_pirTest/StreamInfSVM_0/log/runpsim.log,../gen/Tst_pirTest/StreamInfSVM_0/log/runpsim.sh,../gen/Tst_pirTest/StreamInfSVM_0/log/runproute.log,../gen/Tst_pirTest/StreamInfSVM_0/log/runproute.sh,../gen/Tst_pirTest/StreamInfSVM_0/plastisim/summary.csv,../gen/Tst_pirTest/StreamInfSVM_0/pir/AccelMain.scala,../gen/Tst_pirTest/StreamInfSVM_0/log/,../gen/Tst_pirTest/StreamInfSVM_0/log/gentst.log,../gen/Tst_pirTest/StreamInfSVM_0/log/maketst.log,../gen/Tst_pirTest/StreamInfSVM_0/log/runtst.log,True,,,,,,,,,,,False,False,False,100,,,,,,,,False,,,,,,,,,,,,,,,,,,,,"[[31merror[0m] failed bash iroute.sh
",25.040387476,,,,,,False,False,,,,,False
d49f9ee,2019-06-27 13:31:37,StreamInfSVM_1,pirTest,Tst,1000000000.0,../gen/Tst_pirTest/StreamInfSVM_1/log/mappir.log,../gen/Tst_pirTest/StreamInfSVM_1/log/runpir.log,../gen/Tst_pirTest/StreamInfSVM_1/log/genpsim.log,../gen/Tst_pirTest/StreamInfSVM_1/log/gentrace.log,../gen/Tst_pirTest/StreamInfSVM_1/log/runpsim.log,../gen/Tst_pirTest/StreamInfSVM_1/log/runpsim.sh,../gen/Tst_pirTest/StreamInfSVM_1/log/runproute.log,../gen/Tst_pirTest/StreamInfSVM_1/log/runproute.sh,../gen/Tst_pirTest/StreamInfSVM_1/plastisim/summary.csv,../gen/Tst_pirTest/StreamInfSVM_1/pir/AccelMain.scala,../gen/Tst_pirTest/StreamInfSVM_1/log/,../gen/Tst_pirTest/StreamInfSVM_1/log/gentst.log,../gen/Tst_pirTest/StreamInfSVM_1/log/maketst.log,../gen/Tst_pirTest/StreamInfSVM_1/log/runtst.log,True,,,,,,,,,,,False,False,False,100,,,,,,,,False,,,,,,,,,,,,,,,,,,,,"[[31merror[0m] failed bash iroute.sh
",15.045988042,,,,,,False,False,,,,,False
d49f9ee,2019-06-27 13:31:37,StreamInfSVM_3,pirTest,Tst,1000000000.0,../gen/Tst_pirTest/StreamInfSVM_3/log/mappir.log,../gen/Tst_pirTest/StreamInfSVM_3/log/runpir.log,../gen/Tst_pirTest/StreamInfSVM_3/log/genpsim.log,../gen/Tst_pirTest/StreamInfSVM_3/log/gentrace.log,../gen/Tst_pirTest/StreamInfSVM_3/log/runpsim.log,../gen/Tst_pirTest/StreamInfSVM_3/log/runpsim.sh,../gen/Tst_pirTest/StreamInfSVM_3/log/runproute.log,../gen/Tst_pirTest/StreamInfSVM_3/log/runproute.sh,../gen/Tst_pirTest/StreamInfSVM_3/plastisim/summary.csv,../gen/Tst_pirTest/StreamInfSVM_3/pir/AccelMain.scala,../gen/Tst_pirTest/StreamInfSVM_3/log/,../gen/Tst_pirTest/StreamInfSVM_3/log/gentst.log,../gen/Tst_pirTest/StreamInfSVM_3/log/maketst.log,../gen/Tst_pirTest/StreamInfSVM_3/log/runtst.log,True,,,,,,,,,,,False,False,False,100,,,,,,,,False,,,,,,,,,,,,,,,,,,,,"[[31merror[0m] failed bash iroute.sh
",11.580048681,,,,,,False,False,,,,,False
d49f9ee,2019-06-27 13:31:37,StreamInfSVM_4,pirTest,Tst,1000000000.0,../gen/Tst_pirTest/StreamInfSVM_4/log/mappir.log,../gen/Tst_pirTest/StreamInfSVM_4/log/runpir.log,../gen/Tst_pirTest/StreamInfSVM_4/log/genpsim.log,../gen/Tst_pirTest/StreamInfSVM_4/log/gentrace.log,../gen/Tst_pirTest/StreamInfSVM_4/log/runpsim.log,../gen/Tst_pirTest/StreamInfSVM_4/log/runpsim.sh,../gen/Tst_pirTest/StreamInfSVM_4/log/runproute.log,../gen/Tst_pirTest/StreamInfSVM_4/log/runproute.sh,../gen/Tst_pirTest/StreamInfSVM_4/plastisim/summary.csv,../gen/Tst_pirTest/StreamInfSVM_4/pir/AccelMain.scala,../gen/Tst_pirTest/StreamInfSVM_4/log/,../gen/Tst_pirTest/StreamInfSVM_4/log/gentst.log,../gen/Tst_pirTest/StreamInfSVM_4/log/maketst.log,../gen/Tst_pirTest/StreamInfSVM_4/log/runtst.log,True,,,,,,,,,,,False,False,False,100,,,,,,,,False,,,,,,,,,,,,,,,,,,,,"[[31merror[0m] failed bash iroute.sh
",15.029983535,,,,,,False,False,,,,,False
d49f9ee,2019-06-27 13:31:37,StreamInfSVM_5,pirTest,Tst,1000000000.0,../gen/Tst_pirTest/StreamInfSVM_5/log/mappir.log,../gen/Tst_pirTest/StreamInfSVM_5/log/runpir.log,../gen/Tst_pirTest/StreamInfSVM_5/log/genpsim.log,../gen/Tst_pirTest/StreamInfSVM_5/log/gentrace.log,../gen/Tst_pirTest/StreamInfSVM_5/log/runpsim.log,../gen/Tst_pirTest/StreamInfSVM_5/log/runpsim.sh,../gen/Tst_pirTest/StreamInfSVM_5/log/runproute.log,../gen/Tst_pirTest/StreamInfSVM_5/log/runproute.sh,../gen/Tst_pirTest/StreamInfSVM_5/plastisim/summary.csv,../gen/Tst_pirTest/StreamInfSVM_5/pir/AccelMain.scala,../gen/Tst_pirTest/StreamInfSVM_5/log/,../gen/Tst_pirTest/StreamInfSVM_5/log/gentst.log,../gen/Tst_pirTest/StreamInfSVM_5/log/maketst.log,../gen/Tst_pirTest/StreamInfSVM_5/log/runtst.log,True,,,,,,,,,,,False,False,False,100,,,,,,,,False,,,,,,,,,,,,,,,,,,,,"[[31merror[0m] failed bash iroute.sh
",33.542631218,,,,,,False,False,,,,,False
d49f9ee,2019-06-27 13:31:37,StreamSumFields_0,pirTest,Tst,1000000000.0,../gen/Tst_pirTest/StreamSumFields_0/log/mappir.log,../gen/Tst_pirTest/StreamSumFields_0/log/runpir.log,../gen/Tst_pirTest/StreamSumFields_0/log/genpsim.log,../gen/Tst_pirTest/StreamSumFields_0/log/gentrace.log,../gen/Tst_pirTest/StreamSumFields_0/log/runpsim.log,../gen/Tst_pirTest/StreamSumFields_0/log/runpsim.sh,../gen/Tst_pirTest/StreamSumFields_0/log/runproute.log,../gen/Tst_pirTest/StreamSumFields_0/log/runproute.sh,../gen/Tst_pirTest/StreamSumFields_0/plastisim/summary.csv,../gen/Tst_pirTest/StreamSumFields_0/pir/AccelMain.scala,../gen/Tst_pirTest/StreamSumFields_0/log/,../gen/Tst_pirTest/StreamSumFields_0/log/gentst.log,../gen/Tst_pirTest/StreamSumFields_0/log/maketst.log,../gen/Tst_pirTest/StreamSumFields_0/log/runtst.log,True,,,,,,,,,,,False,False,False,100,,,,,,,,False,,,,,,,,,,,,,,,,,,,,"[[31merror[0m] failed bash iroute.sh
",10.011529473,,,,,,False,False,,,,,False
d49f9ee,2019-06-27 13:31:37,StreamSumFields_1,pirTest,Tst,1000000000.0,../gen/Tst_pirTest/StreamSumFields_1/log/mappir.log,../gen/Tst_pirTest/StreamSumFields_1/log/runpir.log,../gen/Tst_pirTest/StreamSumFields_1/log/genpsim.log,../gen/Tst_pirTest/StreamSumFields_1/log/gentrace.log,../gen/Tst_pirTest/StreamSumFields_1/log/runpsim.log,../gen/Tst_pirTest/StreamSumFields_1/log/runpsim.sh,../gen/Tst_pirTest/StreamSumFields_1/log/runproute.log,../gen/Tst_pirTest/StreamSumFields_1/log/runproute.sh,../gen/Tst_pirTest/StreamSumFields_1/plastisim/summary.csv,../gen/Tst_pirTest/StreamSumFields_1/pir/AccelMain.scala,../gen/Tst_pirTest/StreamSumFields_1/log/,../gen/Tst_pirTest/StreamSumFields_1/log/gentst.log,../gen/Tst_pirTest/StreamSumFields_1/log/maketst.log,../gen/Tst_pirTest/StreamSumFields_1/log/runtst.log,True,,,,,,,,,,,False,False,False,100,,,,,,,,False,,,,,,,,,,,,,,,,,,,,,,,,,,,False,False,,,,,False
d49f9ee,2019-06-27 13:31:37,StreamTrainKmeans_0,pirTest,Tst,1000000000.0,../gen/Tst_pirTest/StreamTrainKmeans_0/log/mappir.log,../gen/Tst_pirTest/StreamTrainKmeans_0/log/runpir.log,../gen/Tst_pirTest/StreamTrainKmeans_0/log/genpsim.log,../gen/Tst_pirTest/StreamTrainKmeans_0/log/gentrace.log,../gen/Tst_pirTest/StreamTrainKmeans_0/log/runpsim.log,../gen/Tst_pirTest/StreamTrainKmeans_0/log/runpsim.sh,../gen/Tst_pirTest/StreamTrainKmeans_0/log/runproute.log,../gen/Tst_pirTest/StreamTrainKmeans_0/log/runproute.sh,../gen/Tst_pirTest/StreamTrainKmeans_0/plastisim/summary.csv,../gen/Tst_pirTest/StreamTrainKmeans_0/pir/AccelMain.scala,../gen/Tst_pirTest/StreamTrainKmeans_0/log/,../gen/Tst_pirTest/StreamTrainKmeans_0/log/gentst.log,../gen/Tst_pirTest/StreamTrainKmeans_0/log/maketst.log,../gen/Tst_pirTest/StreamTrainKmeans_0/log/runtst.log,True,,,,,,,,,,,False,False,False,100,,,,,,,,False,,,,,,,,,,,,,,,,,,,,"[[31merror[0m] failed bash iroute.sh
",16.05142779,,,,,,False,False,,,,,False
d49f9ee,2019-06-27 13:31:37,SumSquare_0,pirTest,Tst,1000000000.0,../gen/Tst_pirTest/SumSquare_0/log/mappir.log,../gen/Tst_pirTest/SumSquare_0/log/runpir.log,../gen/Tst_pirTest/SumSquare_0/log/genpsim.log,../gen/Tst_pirTest/SumSquare_0/log/gentrace.log,../gen/Tst_pirTest/SumSquare_0/log/runpsim.log,../gen/Tst_pirTest/SumSquare_0/log/runpsim.sh,../gen/Tst_pirTest/SumSquare_0/log/runproute.log,../gen/Tst_pirTest/SumSquare_0/log/runproute.sh,../gen/Tst_pirTest/SumSquare_0/plastisim/summary.csv,../gen/Tst_pirTest/SumSquare_0/pir/AccelMain.scala,../gen/Tst_pirTest/SumSquare_0/log/,../gen/Tst_pirTest/SumSquare_0/log/gentst.log,../gen/Tst_pirTest/SumSquare_0/log/maketst.log,../gen/Tst_pirTest/SumSquare_0/log/runtst.log,True,,,,,,,,,,,False,False,False,100,,,,,,,,False,,,,,,,,,,,,,,,,,,,,"[[31merror[0m] failed bash iroute.sh
",6.926914792,,,,,,False,False,,,,,False
d49f9ee,2019-06-27 13:31:37,SumSquare_1,pirTest,Tst,1000000000.0,../gen/Tst_pirTest/SumSquare_1/log/mappir.log,../gen/Tst_pirTest/SumSquare_1/log/runpir.log,../gen/Tst_pirTest/SumSquare_1/log/genpsim.log,../gen/Tst_pirTest/SumSquare_1/log/gentrace.log,../gen/Tst_pirTest/SumSquare_1/log/runpsim.log,../gen/Tst_pirTest/SumSquare_1/log/runpsim.sh,../gen/Tst_pirTest/SumSquare_1/log/runproute.log,../gen/Tst_pirTest/SumSquare_1/log/runproute.sh,../gen/Tst_pirTest/SumSquare_1/plastisim/summary.csv,../gen/Tst_pirTest/SumSquare_1/pir/AccelMain.scala,../gen/Tst_pirTest/SumSquare_1/log/,../gen/Tst_pirTest/SumSquare_1/log/gentst.log,../gen/Tst_pirTest/SumSquare_1/log/maketst.log,../gen/Tst_pirTest/SumSquare_1/log/runtst.log,True,,,,,,,,,,,False,False,False,100,,,,,,,,False,,,,,,,,,,,,,,,,,,,,"[[31merror[0m] failed bash iroute.sh
",7.913029316,,,,,,False,False,,,,,False
d49f9ee,2019-06-27 13:31:37,SumSquare_2,pirTest,Tst,1000000000.0,../gen/Tst_pirTest/SumSquare_2/log/mappir.log,../gen/Tst_pirTest/SumSquare_2/log/runpir.log,../gen/Tst_pirTest/SumSquare_2/log/genpsim.log,../gen/Tst_pirTest/SumSquare_2/log/gentrace.log,../gen/Tst_pirTest/SumSquare_2/log/runpsim.log,../gen/Tst_pirTest/SumSquare_2/log/runpsim.sh,../gen/Tst_pirTest/SumSquare_2/log/runproute.log,../gen/Tst_pirTest/SumSquare_2/log/runproute.sh,../gen/Tst_pirTest/SumSquare_2/plastisim/summary.csv,../gen/Tst_pirTest/SumSquare_2/pir/AccelMain.scala,../gen/Tst_pirTest/SumSquare_2/log/,../gen/Tst_pirTest/SumSquare_2/log/gentst.log,../gen/Tst_pirTest/SumSquare_2/log/maketst.log,../gen/Tst_pirTest/SumSquare_2/log/runtst.log,True,,,,,,,,,,,False,False,False,100,,,,,,,,False,,,,,,,,,,,,,,,,,,,,"[[31merror[0m] failed bash iroute.sh
",6.969165432,,,,,,False,False,,,,,False
d49f9ee,2019-06-27 13:31:37,SumSquare_3,pirTest,Tst,1000000000.0,../gen/Tst_pirTest/SumSquare_3/log/mappir.log,../gen/Tst_pirTest/SumSquare_3/log/runpir.log,../gen/Tst_pirTest/SumSquare_3/log/genpsim.log,../gen/Tst_pirTest/SumSquare_3/log/gentrace.log,../gen/Tst_pirTest/SumSquare_3/log/runpsim.log,../gen/Tst_pirTest/SumSquare_3/log/runpsim.sh,../gen/Tst_pirTest/SumSquare_3/log/runproute.log,../gen/Tst_pirTest/SumSquare_3/log/runproute.sh,../gen/Tst_pirTest/SumSquare_3/plastisim/summary.csv,../gen/Tst_pirTest/SumSquare_3/pir/AccelMain.scala,../gen/Tst_pirTest/SumSquare_3/log/,../gen/Tst_pirTest/SumSquare_3/log/gentst.log,../gen/Tst_pirTest/SumSquare_3/log/maketst.log,../gen/Tst_pirTest/SumSquare_3/log/runtst.log,True,,,,,,,,,,,False,False,False,100,,,,,,,,False,,,,,,,,,,,,,,,,,,,,"[[31merror[0m] failed bash iroute.sh
",4.933608986,,,,,,False,False,,,,,False
d49f9ee,2019-06-27 13:31:37,SumSquare_5,pirTest,Tst,1000000000.0,../gen/Tst_pirTest/SumSquare_5/log/mappir.log,../gen/Tst_pirTest/SumSquare_5/log/runpir.log,../gen/Tst_pirTest/SumSquare_5/log/genpsim.log,../gen/Tst_pirTest/SumSquare_5/log/gentrace.log,../gen/Tst_pirTest/SumSquare_5/log/runpsim.log,../gen/Tst_pirTest/SumSquare_5/log/runpsim.sh,../gen/Tst_pirTest/SumSquare_5/log/runproute.log,../gen/Tst_pirTest/SumSquare_5/log/runproute.sh,../gen/Tst_pirTest/SumSquare_5/plastisim/summary.csv,../gen/Tst_pirTest/SumSquare_5/pir/AccelMain.scala,../gen/Tst_pirTest/SumSquare_5/log/,../gen/Tst_pirTest/SumSquare_5/log/gentst.log,../gen/Tst_pirTest/SumSquare_5/log/maketst.log,../gen/Tst_pirTest/SumSquare_5/log/runtst.log,True,,,,,,,,,,,False,False,False,100,,,,,,,,False,,,,,,,,,,,,,,,,,,,,"[[31merror[0m] failed bash iroute.sh
",7.131652613,,,,,,False,False,,,,,False
d49f9ee,2019-06-27 13:31:37,TPCHQ6_0,pirTest,Tst,1000000000.0,../gen/Tst_pirTest/TPCHQ6_0/log/mappir.log,../gen/Tst_pirTest/TPCHQ6_0/log/runpir.log,../gen/Tst_pirTest/TPCHQ6_0/log/genpsim.log,../gen/Tst_pirTest/TPCHQ6_0/log/gentrace.log,../gen/Tst_pirTest/TPCHQ6_0/log/runpsim.log,../gen/Tst_pirTest/TPCHQ6_0/log/runpsim.sh,../gen/Tst_pirTest/TPCHQ6_0/log/runproute.log,../gen/Tst_pirTest/TPCHQ6_0/log/runproute.sh,../gen/Tst_pirTest/TPCHQ6_0/plastisim/summary.csv,../gen/Tst_pirTest/TPCHQ6_0/pir/AccelMain.scala,../gen/Tst_pirTest/TPCHQ6_0/log/,../gen/Tst_pirTest/TPCHQ6_0/log/gentst.log,../gen/Tst_pirTest/TPCHQ6_0/log/maketst.log,../gen/Tst_pirTest/TPCHQ6_0/log/runtst.log,True,,,,,,,,,,,False,False,False,100,,,,,,,,False,,,,,,,,,,,,,,,,,,,,"[[31merror[0m] failed bash iroute.sh
",15.089018115,,,,,,False,False,,,,,False
d49f9ee,2019-06-27 13:31:37,TPCHQ6_1,pirTest,Tst,1000000000.0,../gen/Tst_pirTest/TPCHQ6_1/log/mappir.log,../gen/Tst_pirTest/TPCHQ6_1/log/runpir.log,../gen/Tst_pirTest/TPCHQ6_1/log/genpsim.log,../gen/Tst_pirTest/TPCHQ6_1/log/gentrace.log,../gen/Tst_pirTest/TPCHQ6_1/log/runpsim.log,../gen/Tst_pirTest/TPCHQ6_1/log/runpsim.sh,../gen/Tst_pirTest/TPCHQ6_1/log/runproute.log,../gen/Tst_pirTest/TPCHQ6_1/log/runproute.sh,../gen/Tst_pirTest/TPCHQ6_1/plastisim/summary.csv,../gen/Tst_pirTest/TPCHQ6_1/pir/AccelMain.scala,../gen/Tst_pirTest/TPCHQ6_1/log/,../gen/Tst_pirTest/TPCHQ6_1/log/gentst.log,../gen/Tst_pirTest/TPCHQ6_1/log/maketst.log,../gen/Tst_pirTest/TPCHQ6_1/log/runtst.log,True,,,,,,,,,,,False,False,False,100,,,,,,,,False,,,,,,,,,,,,,,,,,,,,"[[31merror[0m] failed bash iroute.sh
",29.047484954,,,,,,False,False,,,,,False
d49f9ee,2019-06-27 13:31:37,TPCHQ6_2,pirTest,Tst,1000000000.0,../gen/Tst_pirTest/TPCHQ6_2/log/mappir.log,../gen/Tst_pirTest/TPCHQ6_2/log/runpir.log,../gen/Tst_pirTest/TPCHQ6_2/log/genpsim.log,../gen/Tst_pirTest/TPCHQ6_2/log/gentrace.log,../gen/Tst_pirTest/TPCHQ6_2/log/runpsim.log,../gen/Tst_pirTest/TPCHQ6_2/log/runpsim.sh,../gen/Tst_pirTest/TPCHQ6_2/log/runproute.log,../gen/Tst_pirTest/TPCHQ6_2/log/runproute.sh,../gen/Tst_pirTest/TPCHQ6_2/plastisim/summary.csv,../gen/Tst_pirTest/TPCHQ6_2/pir/AccelMain.scala,../gen/Tst_pirTest/TPCHQ6_2/log/,../gen/Tst_pirTest/TPCHQ6_2/log/gentst.log,../gen/Tst_pirTest/TPCHQ6_2/log/maketst.log,../gen/Tst_pirTest/TPCHQ6_2/log/runtst.log,True,,,,,,,,,,,False,False,False,100,,,,,,,,False,,,,,,,,,,,,,,,,,,,,"[[31merror[0m] failed bash iroute.sh
",36.257210451,,,,,,False,False,,,,,False
d49f9ee,2019-06-27 13:31:37,TPCHQ6_3,pirTest,Tst,1000000000.0,../gen/Tst_pirTest/TPCHQ6_3/log/mappir.log,../gen/Tst_pirTest/TPCHQ6_3/log/runpir.log,../gen/Tst_pirTest/TPCHQ6_3/log/genpsim.log,../gen/Tst_pirTest/TPCHQ6_3/log/gentrace.log,../gen/Tst_pirTest/TPCHQ6_3/log/runpsim.log,../gen/Tst_pirTest/TPCHQ6_3/log/runpsim.sh,../gen/Tst_pirTest/TPCHQ6_3/log/runproute.log,../gen/Tst_pirTest/TPCHQ6_3/log/runproute.sh,../gen/Tst_pirTest/TPCHQ6_3/plastisim/summary.csv,../gen/Tst_pirTest/TPCHQ6_3/pir/AccelMain.scala,../gen/Tst_pirTest/TPCHQ6_3/log/,../gen/Tst_pirTest/TPCHQ6_3/log/gentst.log,../gen/Tst_pirTest/TPCHQ6_3/log/maketst.log,../gen/Tst_pirTest/TPCHQ6_3/log/runtst.log,True,,,,,,,,,,,False,False,False,100,,,,,,,,False,,,,,,,,,,,,,,,,,,,,"[[31merror[0m] failed bash iroute.sh
",19.439368081,,,,,,False,False,,,,,False
d49f9ee,2019-06-27 13:31:37,TPCHQ6_4,pirTest,Tst,1000000000.0,../gen/Tst_pirTest/TPCHQ6_4/log/mappir.log,../gen/Tst_pirTest/TPCHQ6_4/log/runpir.log,../gen/Tst_pirTest/TPCHQ6_4/log/genpsim.log,../gen/Tst_pirTest/TPCHQ6_4/log/gentrace.log,../gen/Tst_pirTest/TPCHQ6_4/log/runpsim.log,../gen/Tst_pirTest/TPCHQ6_4/log/runpsim.sh,../gen/Tst_pirTest/TPCHQ6_4/log/runproute.log,../gen/Tst_pirTest/TPCHQ6_4/log/runproute.sh,../gen/Tst_pirTest/TPCHQ6_4/plastisim/summary.csv,../gen/Tst_pirTest/TPCHQ6_4/pir/AccelMain.scala,../gen/Tst_pirTest/TPCHQ6_4/log/,../gen/Tst_pirTest/TPCHQ6_4/log/gentst.log,../gen/Tst_pirTest/TPCHQ6_4/log/maketst.log,../gen/Tst_pirTest/TPCHQ6_4/log/runtst.log,True,,,,,,,,,,,False,False,False,100,,,,,,,,False,,,,,,,,,,,,,,,,,,,,,,,,,,,False,False,,,,,False
d49f9ee,2019-06-27 13:31:37,VecTest,pirTest,Tst,1000000000.0,../gen/Tst_pirTest/VecTest/log/mappir.log,../gen/Tst_pirTest/VecTest/log/runpir.log,../gen/Tst_pirTest/VecTest/log/genpsim.log,../gen/Tst_pirTest/VecTest/log/gentrace.log,../gen/Tst_pirTest/VecTest/log/runpsim.log,../gen/Tst_pirTest/VecTest/log/runpsim.sh,../gen/Tst_pirTest/VecTest/log/runproute.log,../gen/Tst_pirTest/VecTest/log/runproute.sh,../gen/Tst_pirTest/VecTest/plastisim/summary.csv,../gen/Tst_pirTest/VecTest/pir/AccelMain.scala,../gen/Tst_pirTest/VecTest/log/,../gen/Tst_pirTest/VecTest/log/gentst.log,../gen/Tst_pirTest/VecTest/log/maketst.log,../gen/Tst_pirTest/VecTest/log/runtst.log,True,,,,,,,,,,,False,False,False,100,,,,,,,,False,,,,,,,,,,,,,,,,,,,,"[[31merror[0m] failed bash iroute.sh
",16.969402809,,,,,,False,False,,,,,False
