spatial_sha,pir_sha,time,app,project,backend,freq,runproute,proutesh,prouteSummary,AccelMain,logpath,gentst,maketst,runp2p,runhybrid,genpir,genpir_err,gentst_err,gentst_time,gentst_notFit,gentst_MC,gentst_DAG,gentst_PMU,gentst_PCU,gentst_row,gentst_col,proutesh_algo,proutesh_pattern,proutesh_slink,proutesh_vlink,proutesh_prtime,proutesh_vcLimit,runproute_err,runproute_time,DynHopsVec,DynHopsScal,StatHopsVec,StatHopsScal,Score,NetVC,TotPkts,LinkLim,InjectLim,EjectLim,LongRoute,Q0Pct,Q0Lim,maketst_err,maketst_time,runp2p_cycle,runp2p_err,runp2p_pass,runp2p_deadlock,runp2p_complete,runp2p_dram_power,runp2p_rbw,runp2p_wbw,runp2p_time,runhybrid_cycle,runhybrid_err,runhybrid_pass,runhybrid_deadlock,runhybrid_complete,runhybrid_dram_power,runhybrid_rbw,runhybrid_wbw,runhybrid_time,succeeded
d7dd6ac3,d287e728,2019-07-16 14:12:21,BankEnable_0,pirTest,Tst,1000000000.0,../gen/Tst_pirTest/BankEnable_0/log/runproute.log,../gen/Tst_pirTest/BankEnable_0/log/runproute.sh,../gen/Tst_pirTest/BankEnable_0/plastisim/summary.csv,../gen/Tst_pirTest/BankEnable_0/pir/AccelMain.scala,../gen/Tst_pirTest/BankEnable_0/log/,../gen/Tst_pirTest/BankEnable_0/log/gentst.log,../gen/Tst_pirTest/BankEnable_0/log/maketst.log,../gen/Tst_pirTest/BankEnable_0/log/runp2p.log,../gen/Tst_pirTest/BankEnable_0/log/runhybrid.log,True,,,8.689415314,,,,,,18,18,,,,,,,,,,,,,,,,,,,,,,,0:28.24,107,,True,False,True,0.0,0.0,1.196,0:00.32,,,,False,False,,,,,False
d7dd6ac3,d287e728,2019-07-16 14:12:21,BlackScholes_0,pirTest,Tst,1000000000.0,../gen/Tst_pirTest/BlackScholes_0/log/runproute.log,../gen/Tst_pirTest/BlackScholes_0/log/runproute.sh,../gen/Tst_pirTest/BlackScholes_0/plastisim/summary.csv,../gen/Tst_pirTest/BlackScholes_0/pir/AccelMain.scala,../gen/Tst_pirTest/BlackScholes_0/log/,../gen/Tst_pirTest/BlackScholes_0/log/gentst.log,../gen/Tst_pirTest/BlackScholes_0/log/maketst.log,../gen/Tst_pirTest/BlackScholes_0/log/runp2p.log,../gen/Tst_pirTest/BlackScholes_0/log/runhybrid.log,True,,,24.670236956,,,,,,18,18,,,,,,,,,,,,,,,,,,,,,,,1:14.96,1698,,True,False,True,0.0,14.473,2.412,0:00.98,,,,False,False,,,,,False
d7dd6ac3,d287e728,2019-07-16 14:12:21,BlackScholes_1,pirTest,Tst,1000000000.0,../gen/Tst_pirTest/BlackScholes_1/log/runproute.log,../gen/Tst_pirTest/BlackScholes_1/log/runproute.sh,../gen/Tst_pirTest/BlackScholes_1/plastisim/summary.csv,../gen/Tst_pirTest/BlackScholes_1/pir/AccelMain.scala,../gen/Tst_pirTest/BlackScholes_1/log/,../gen/Tst_pirTest/BlackScholes_1/log/gentst.log,../gen/Tst_pirTest/BlackScholes_1/log/maketst.log,../gen/Tst_pirTest/BlackScholes_1/log/runp2p.log,../gen/Tst_pirTest/BlackScholes_1/log/runhybrid.log,True,,,24.845792968,,,,,,18,18,,,,,,,,,,,,,,,,,,,,,,,1:19.87,33356,,True,False,True,0.0,0.737,0.123,0:17.07,,,,False,False,,,,,False
d7dd6ac3,d287e728,2019-07-16 14:12:21,BreakTest,pirTest,Tst,1000000000.0,../gen/Tst_pirTest/BreakTest/log/runproute.log,../gen/Tst_pirTest/BreakTest/log/runproute.sh,../gen/Tst_pirTest/BreakTest/plastisim/summary.csv,../gen/Tst_pirTest/BreakTest/pir/AccelMain.scala,../gen/Tst_pirTest/BreakTest/log/,../gen/Tst_pirTest/BreakTest/log/gentst.log,../gen/Tst_pirTest/BreakTest/log/maketst.log,../gen/Tst_pirTest/BreakTest/log/runp2p.log,../gen/Tst_pirTest/BreakTest/log/runhybrid.log,True,,,5.760590436,,,,,,18,18,,,,,,,,,,,,,,,,,,,,,,,0:21.34,87,,True,False,True,0.0,0.0,0.0,0:00.23,,,,False,False,,,,,False
d7dd6ac3,d287e728,2019-07-16 14:12:21,BreakTest2,pirTest,Tst,1000000000.0,../gen/Tst_pirTest/BreakTest2/log/runproute.log,../gen/Tst_pirTest/BreakTest2/log/runproute.sh,../gen/Tst_pirTest/BreakTest2/plastisim/summary.csv,../gen/Tst_pirTest/BreakTest2/pir/AccelMain.scala,../gen/Tst_pirTest/BreakTest2/log/,../gen/Tst_pirTest/BreakTest2/log/gentst.log,../gen/Tst_pirTest/BreakTest2/log/maketst.log,../gen/Tst_pirTest/BreakTest2/log/runp2p.log,../gen/Tst_pirTest/BreakTest2/log/runhybrid.log,True,,,7.302845131,,,,,,18,18,,,,,,,,,,,,,,,,,,,,,,,0:23.79,23,,True,False,True,0.0,0.0,0.0,0:00.28,,,,False,False,,,,,False
d7dd6ac3,d287e728,2019-07-16 14:12:21,BroadcastTest,pirTest,Tst,1000000000.0,../gen/Tst_pirTest/BroadcastTest/log/runproute.log,../gen/Tst_pirTest/BroadcastTest/log/runproute.sh,../gen/Tst_pirTest/BroadcastTest/plastisim/summary.csv,../gen/Tst_pirTest/BroadcastTest/pir/AccelMain.scala,../gen/Tst_pirTest/BroadcastTest/log/,../gen/Tst_pirTest/BroadcastTest/log/gentst.log,../gen/Tst_pirTest/BroadcastTest/log/maketst.log,../gen/Tst_pirTest/BroadcastTest/log/runp2p.log,../gen/Tst_pirTest/BroadcastTest/log/runhybrid.log,True,,,13.495820768,,,,,,18,18,,,,,,,,,,,,,,,,,,,,,,,0:36.73,589,,True,False,True,0.0,0.217,6.954,0:00.34,,,,False,False,,,,,False
d7dd6ac3,d287e728,2019-07-16 14:12:21,DotProduct_0,pirTest,Tst,1000000000.0,../gen/Tst_pirTest/DotProduct_0/log/runproute.log,../gen/Tst_pirTest/DotProduct_0/log/runproute.sh,../gen/Tst_pirTest/DotProduct_0/plastisim/summary.csv,../gen/Tst_pirTest/DotProduct_0/pir/AccelMain.scala,../gen/Tst_pirTest/DotProduct_0/log/,../gen/Tst_pirTest/DotProduct_0/log/gentst.log,../gen/Tst_pirTest/DotProduct_0/log/maketst.log,../gen/Tst_pirTest/DotProduct_0/log/runp2p.log,../gen/Tst_pirTest/DotProduct_0/log/runhybrid.log,True,,,11.016969289,,,,,,18,18,,,,,,,,,,,,,,,,,,,,,,,0:29.17,311,,True,False,True,0.0,26.341,0.0,0:00.27,,,,False,False,,,,,False
d7dd6ac3,d287e728,2019-07-16 14:12:21,DotProduct_1,pirTest,Tst,1000000000.0,../gen/Tst_pirTest/DotProduct_1/log/runproute.log,../gen/Tst_pirTest/DotProduct_1/log/runproute.sh,../gen/Tst_pirTest/DotProduct_1/plastisim/summary.csv,../gen/Tst_pirTest/DotProduct_1/pir/AccelMain.scala,../gen/Tst_pirTest/DotProduct_1/log/,../gen/Tst_pirTest/DotProduct_1/log/gentst.log,../gen/Tst_pirTest/DotProduct_1/log/maketst.log,../gen/Tst_pirTest/DotProduct_1/log/runp2p.log,../gen/Tst_pirTest/DotProduct_1/log/runhybrid.log,True,,,10.335116478,,,,,,18,18,,,,,,,,,,,,,,,,,,,,,,,0:27.93,1136,,True,False,True,0.0,7.211,0.0,0:00.35,,,,False,False,,,,,False
d7dd6ac3,d287e728,2019-07-16 14:12:21,DotProduct_2,pirTest,Tst,1000000000.0,../gen/Tst_pirTest/DotProduct_2/log/runproute.log,../gen/Tst_pirTest/DotProduct_2/log/runproute.sh,../gen/Tst_pirTest/DotProduct_2/plastisim/summary.csv,../gen/Tst_pirTest/DotProduct_2/pir/AccelMain.scala,../gen/Tst_pirTest/DotProduct_2/log/,../gen/Tst_pirTest/DotProduct_2/log/gentst.log,../gen/Tst_pirTest/DotProduct_2/log/maketst.log,../gen/Tst_pirTest/DotProduct_2/log/runp2p.log,../gen/Tst_pirTest/DotProduct_2/log/runhybrid.log,True,,,12.815609353,,,,,,18,18,,,,,,,,,,,,,,,,,,,,,,,0:31.28,624,,True,False,True,0.0,13.128,0.0,0:00.42,,,,False,False,,,,,False
d7dd6ac3,d287e728,2019-07-16 14:12:21,DotProduct_3,pirTest,Tst,1000000000.0,../gen/Tst_pirTest/DotProduct_3/log/runproute.log,../gen/Tst_pirTest/DotProduct_3/log/runproute.sh,../gen/Tst_pirTest/DotProduct_3/plastisim/summary.csv,../gen/Tst_pirTest/DotProduct_3/pir/AccelMain.scala,../gen/Tst_pirTest/DotProduct_3/log/,../gen/Tst_pirTest/DotProduct_3/log/gentst.log,../gen/Tst_pirTest/DotProduct_3/log/maketst.log,../gen/Tst_pirTest/DotProduct_3/log/runp2p.log,../gen/Tst_pirTest/DotProduct_3/log/runhybrid.log,True,,,12.585579757,,,,,,18,18,,,,,,,,,,,,,,,,,,,,,,,0:27.99,244,,True,False,True,0.0,33.574,0.0,0:00.22,,,,False,False,,,,,False
d7dd6ac3,d287e728,2019-07-16 14:12:21,DotProduct_4,pirTest,Tst,1000000000.0,../gen/Tst_pirTest/DotProduct_4/log/runproute.log,../gen/Tst_pirTest/DotProduct_4/log/runproute.sh,../gen/Tst_pirTest/DotProduct_4/plastisim/summary.csv,../gen/Tst_pirTest/DotProduct_4/pir/AccelMain.scala,../gen/Tst_pirTest/DotProduct_4/log/,../gen/Tst_pirTest/DotProduct_4/log/gentst.log,../gen/Tst_pirTest/DotProduct_4/log/maketst.log,../gen/Tst_pirTest/DotProduct_4/log/runp2p.log,../gen/Tst_pirTest/DotProduct_4/log/runhybrid.log,True,,,36.757081844,,,,,,18,18,,,,,,,,,,,,,,,,,,,,,,,1:16.90,253,,True,False,True,0.0,32.379,0.0,0:00.40,,,,False,False,,,,,False
d7dd6ac3,d287e728,2019-07-16 14:12:21,DotProduct_5,pirTest,Tst,1000000000.0,../gen/Tst_pirTest/DotProduct_5/log/runproute.log,../gen/Tst_pirTest/DotProduct_5/log/runproute.sh,../gen/Tst_pirTest/DotProduct_5/plastisim/summary.csv,../gen/Tst_pirTest/DotProduct_5/pir/AccelMain.scala,../gen/Tst_pirTest/DotProduct_5/log/,../gen/Tst_pirTest/DotProduct_5/log/gentst.log,../gen/Tst_pirTest/DotProduct_5/log/maketst.log,../gen/Tst_pirTest/DotProduct_5/log/runp2p.log,../gen/Tst_pirTest/DotProduct_5/log/runhybrid.log,True,,,15.867720183,,,,,,18,18,,,,,,,,,,,,,,,,,,,,,,,0:30.83,275,,True,False,True,0.0,30.72,0.0,0:00.27,,,,False,False,,,,,False
d7dd6ac3,d287e728,2019-07-16 14:12:21,GDA_0,pirTest,Tst,1000000000.0,../gen/Tst_pirTest/GDA_0/log/runproute.log,../gen/Tst_pirTest/GDA_0/log/runproute.sh,../gen/Tst_pirTest/GDA_0/plastisim/summary.csv,../gen/Tst_pirTest/GDA_0/pir/AccelMain.scala,../gen/Tst_pirTest/GDA_0/log/,../gen/Tst_pirTest/GDA_0/log/gentst.log,../gen/Tst_pirTest/GDA_0/log/maketst.log,../gen/Tst_pirTest/GDA_0/log/runp2p.log,../gen/Tst_pirTest/GDA_0/log/runhybrid.log,True,,,21.000193927,,,,,,18,18,,,,,,,,,,,,,,,,,,,,,,,0:54.66,274356,,True,False,True,1.696,0.485,0.239,1:07.94,,,,False,False,,,,,False
d7dd6ac3,d287e728,2019-07-16 14:12:21,GDA_1,pirTest,Tst,1000000000.0,../gen/Tst_pirTest/GDA_1/log/runproute.log,../gen/Tst_pirTest/GDA_1/log/runproute.sh,../gen/Tst_pirTest/GDA_1/plastisim/summary.csv,../gen/Tst_pirTest/GDA_1/pir/AccelMain.scala,../gen/Tst_pirTest/GDA_1/log/,../gen/Tst_pirTest/GDA_1/log/gentst.log,../gen/Tst_pirTest/GDA_1/log/maketst.log,../gen/Tst_pirTest/GDA_1/log/runp2p.log,../gen/Tst_pirTest/GDA_1/log/runhybrid.log,True,,,19.311865864,,,,,,18,18,,,,,,,,,,,,,,,,,,,,,,,0:40.78,5996,,True,False,True,0.0,1.452,0.683,0:01.19,,,,False,False,,,,,False
d7dd6ac3,d287e728,2019-07-16 14:12:21,GDA_14,pirTest,Tst,1000000000.0,../gen/Tst_pirTest/GDA_14/log/runproute.log,../gen/Tst_pirTest/GDA_14/log/runproute.sh,../gen/Tst_pirTest/GDA_14/plastisim/summary.csv,../gen/Tst_pirTest/GDA_14/pir/AccelMain.scala,../gen/Tst_pirTest/GDA_14/log/,../gen/Tst_pirTest/GDA_14/log/gentst.log,../gen/Tst_pirTest/GDA_14/log/maketst.log,../gen/Tst_pirTest/GDA_14/log/runp2p.log,../gen/Tst_pirTest/GDA_14/log/runhybrid.log,True,,,37.740505265,,,,,,18,18,,,,,,,,,,,,,,,,,,,,,,,1:05.17,400612,,True,False,True,1.615,0.332,0.164,2:51.41,,,,False,False,,,,,False
d7dd6ac3,d287e728,2019-07-16 14:12:21,GDA_2,pirTest,Tst,1000000000.0,../gen/Tst_pirTest/GDA_2/log/runproute.log,../gen/Tst_pirTest/GDA_2/log/runproute.sh,../gen/Tst_pirTest/GDA_2/plastisim/summary.csv,../gen/Tst_pirTest/GDA_2/pir/AccelMain.scala,../gen/Tst_pirTest/GDA_2/log/,../gen/Tst_pirTest/GDA_2/log/gentst.log,../gen/Tst_pirTest/GDA_2/log/maketst.log,../gen/Tst_pirTest/GDA_2/log/runp2p.log,../gen/Tst_pirTest/GDA_2/log/runhybrid.log,True,,,28.203972744,,,,,,18,18,,,,,,,,,,,,,,,,,,,,,,,1:09.68,3292,,True,False,True,0.0,2.644,1.244,0:01.59,,,,False,False,,,,,False
d7dd6ac3,d287e728,2019-07-16 14:12:21,GDA_3,pirTest,Tst,1000000000.0,../gen/Tst_pirTest/GDA_3/log/runproute.log,../gen/Tst_pirTest/GDA_3/log/runproute.sh,../gen/Tst_pirTest/GDA_3/plastisim/summary.csv,../gen/Tst_pirTest/GDA_3/pir/AccelMain.scala,../gen/Tst_pirTest/GDA_3/log/,../gen/Tst_pirTest/GDA_3/log/gentst.log,../gen/Tst_pirTest/GDA_3/log/maketst.log,../gen/Tst_pirTest/GDA_3/log/runp2p.log,../gen/Tst_pirTest/GDA_3/log/runhybrid.log,True,,,26.496890857,,,,,,18,18,,,,,,,,,,,,,,,,,,,,,,,1:05.78,13651,,True,False,True,0.0,0.638,0.3,0:04.35,,,,False,False,,,,,False
d7dd6ac3,d287e728,2019-07-16 14:12:21,GDA_4,pirTest,Tst,1000000000.0,../gen/Tst_pirTest/GDA_4/log/runproute.log,../gen/Tst_pirTest/GDA_4/log/runproute.sh,../gen/Tst_pirTest/GDA_4/plastisim/summary.csv,../gen/Tst_pirTest/GDA_4/pir/AccelMain.scala,../gen/Tst_pirTest/GDA_4/log/,../gen/Tst_pirTest/GDA_4/log/gentst.log,../gen/Tst_pirTest/GDA_4/log/maketst.log,../gen/Tst_pirTest/GDA_4/log/runp2p.log,../gen/Tst_pirTest/GDA_4/log/runhybrid.log,True,,,40.466860654,,,,,,18,18,,,,,,,,,,,,,,,,,,,,,,,1:20.04,6727,,True,False,True,0.0,1.294,0.609,0:03.05,,,,False,False,,,,,False
d7dd6ac3,d287e728,2019-07-16 14:12:21,GDA_5,pirTest,Tst,1000000000.0,../gen/Tst_pirTest/GDA_5/log/runproute.log,../gen/Tst_pirTest/GDA_5/log/runproute.sh,../gen/Tst_pirTest/GDA_5/plastisim/summary.csv,../gen/Tst_pirTest/GDA_5/pir/AccelMain.scala,../gen/Tst_pirTest/GDA_5/log/,../gen/Tst_pirTest/GDA_5/log/gentst.log,../gen/Tst_pirTest/GDA_5/log/maketst.log,../gen/Tst_pirTest/GDA_5/log/runp2p.log,../gen/Tst_pirTest/GDA_5/log/runhybrid.log,True,,,22.699284733,,,,,,18,18,,,,,,,,,,,,,,,,,,,,,,,0:40.71,26314,,True,False,True,0.0,0.331,0.156,0:05.11,,,,False,False,,,,,False
d7dd6ac3,d287e728,2019-07-16 14:12:21,GDA_6,pirTest,Tst,1000000000.0,../gen/Tst_pirTest/GDA_6/log/runproute.log,../gen/Tst_pirTest/GDA_6/log/runproute.sh,../gen/Tst_pirTest/GDA_6/plastisim/summary.csv,../gen/Tst_pirTest/GDA_6/pir/AccelMain.scala,../gen/Tst_pirTest/GDA_6/log/,../gen/Tst_pirTest/GDA_6/log/gentst.log,../gen/Tst_pirTest/GDA_6/log/maketst.log,../gen/Tst_pirTest/GDA_6/log/runp2p.log,../gen/Tst_pirTest/GDA_6/log/runhybrid.log,True,,,38.566797007,,,,,,18,18,,,,,,,,,,,,,,,,,,,,,,,1:42.24,794815,,True,False,True,1.497,0.167,0.082,8:28.58,,,,False,False,,,,,False
d7dd6ac3,d287e728,2019-07-16 14:12:21,GEMM_0,pirTest,Tst,1000000000.0,../gen/Tst_pirTest/GEMM_0/log/runproute.log,../gen/Tst_pirTest/GEMM_0/log/runproute.sh,../gen/Tst_pirTest/GEMM_0/plastisim/summary.csv,../gen/Tst_pirTest/GEMM_0/pir/AccelMain.scala,../gen/Tst_pirTest/GEMM_0/log/,../gen/Tst_pirTest/GEMM_0/log/gentst.log,../gen/Tst_pirTest/GEMM_0/log/maketst.log,../gen/Tst_pirTest/GEMM_0/log/runp2p.log,../gen/Tst_pirTest/GEMM_0/log/runhybrid.log,True,,,18.695876949,,,,,,18,18,,,,,,,,,,,,,,,,,,,,,,,0:32.90,132602,,True,False,True,4.07,1.977,0.494,0:14.99,,,,False,False,,,,,False
d7dd6ac3,d287e728,2019-07-16 14:12:21,GEMM_1,pirTest,Tst,1000000000.0,../gen/Tst_pirTest/GEMM_1/log/runproute.log,../gen/Tst_pirTest/GEMM_1/log/runproute.sh,../gen/Tst_pirTest/GEMM_1/plastisim/summary.csv,../gen/Tst_pirTest/GEMM_1/pir/AccelMain.scala,../gen/Tst_pirTest/GEMM_1/log/,../gen/Tst_pirTest/GEMM_1/log/gentst.log,../gen/Tst_pirTest/GEMM_1/log/maketst.log,../gen/Tst_pirTest/GEMM_1/log/runp2p.log,../gen/Tst_pirTest/GEMM_1/log/runhybrid.log,True,,,17.204045944,,,,,,18,18,,,,,,,,,,,,,,,,,,,,,,,0:38.94,265438,,True,False,True,1.819,0.247,0.062,0:30.33,,,,False,False,,,,,False
d7dd6ac3,d287e728,2019-07-16 14:12:21,GEMM_10,pirTest,Tst,1000000000.0,../gen/Tst_pirTest/GEMM_10/log/runproute.log,../gen/Tst_pirTest/GEMM_10/log/runproute.sh,../gen/Tst_pirTest/GEMM_10/plastisim/summary.csv,../gen/Tst_pirTest/GEMM_10/pir/AccelMain.scala,../gen/Tst_pirTest/GEMM_10/log/,../gen/Tst_pirTest/GEMM_10/log/gentst.log,../gen/Tst_pirTest/GEMM_10/log/maketst.log,../gen/Tst_pirTest/GEMM_10/log/runp2p.log,../gen/Tst_pirTest/GEMM_10/log/runhybrid.log,True,,,29.214252139,,,,,,18,18,,,,,,,,,,,,,,,,,,,,,,,0:46.07,9634,,True,False,True,0.0,1.701,0.425,0:03.20,,,,False,False,,,,,False
d7dd6ac3,d287e728,2019-07-16 14:12:21,GEMM_11,pirTest,Tst,1000000000.0,../gen/Tst_pirTest/GEMM_11/log/runproute.log,../gen/Tst_pirTest/GEMM_11/log/runproute.sh,../gen/Tst_pirTest/GEMM_11/plastisim/summary.csv,../gen/Tst_pirTest/GEMM_11/pir/AccelMain.scala,../gen/Tst_pirTest/GEMM_11/log/,../gen/Tst_pirTest/GEMM_11/log/gentst.log,../gen/Tst_pirTest/GEMM_11/log/maketst.log,../gen/Tst_pirTest/GEMM_11/log/runp2p.log,../gen/Tst_pirTest/GEMM_11/log/runhybrid.log,True,,,33.70404745,,,,,,18,18,,,,,,,,,,,,,,,,,,,,,,,0:52.50,9895,,True,False,True,0.0,1.656,0.414,0:03.66,,,,False,False,,,,,False
d7dd6ac3,d287e728,2019-07-16 14:12:21,GEMM_12,pirTest,Tst,1000000000.0,../gen/Tst_pirTest/GEMM_12/log/runproute.log,../gen/Tst_pirTest/GEMM_12/log/runproute.sh,../gen/Tst_pirTest/GEMM_12/plastisim/summary.csv,../gen/Tst_pirTest/GEMM_12/pir/AccelMain.scala,../gen/Tst_pirTest/GEMM_12/log/,../gen/Tst_pirTest/GEMM_12/log/gentst.log,../gen/Tst_pirTest/GEMM_12/log/maketst.log,../gen/Tst_pirTest/GEMM_12/log/runp2p.log,../gen/Tst_pirTest/GEMM_12/log/runhybrid.log,True,,,27.835598046,,,,,,18,18,,,,,,,,,,,,,,,,,,,,,,,0:37.57,9900,,True,False,True,0.0,1.655,0.414,0:02.63,,,,False,False,,,,,False
d7dd6ac3,d287e728,2019-07-16 14:12:21,GEMM_13,pirTest,Tst,1000000000.0,../gen/Tst_pirTest/GEMM_13/log/runproute.log,../gen/Tst_pirTest/GEMM_13/log/runproute.sh,../gen/Tst_pirTest/GEMM_13/plastisim/summary.csv,../gen/Tst_pirTest/GEMM_13/pir/AccelMain.scala,../gen/Tst_pirTest/GEMM_13/log/,../gen/Tst_pirTest/GEMM_13/log/gentst.log,../gen/Tst_pirTest/GEMM_13/log/maketst.log,../gen/Tst_pirTest/GEMM_13/log/runp2p.log,../gen/Tst_pirTest/GEMM_13/log/runhybrid.log,True,,,35.130849629,,,,,,18,18,,,,,,,,,,,,,,,,,,,,,,,1:14.96,9119,,True,False,True,0.0,1.797,0.449,0:05.65,,,,False,False,,,,,False
d7dd6ac3,d287e728,2019-07-16 14:12:21,GEMM_14,pirTest,Tst,1000000000.0,../gen/Tst_pirTest/GEMM_14/log/runproute.log,../gen/Tst_pirTest/GEMM_14/log/runproute.sh,../gen/Tst_pirTest/GEMM_14/plastisim/summary.csv,../gen/Tst_pirTest/GEMM_14/pir/AccelMain.scala,../gen/Tst_pirTest/GEMM_14/log/,../gen/Tst_pirTest/GEMM_14/log/gentst.log,../gen/Tst_pirTest/GEMM_14/log/maketst.log,../gen/Tst_pirTest/GEMM_14/log/runp2p.log,../gen/Tst_pirTest/GEMM_14/log/runhybrid.log,True,,,38.750283577,,,,,,18,18,,,,,,,,,,,,,,,,,,,,,,,1:01.29,9379,,True,False,True,0.0,1.747,0.437,0:03.42,,,,False,False,,,,,False
d7dd6ac3,d287e728,2019-07-16 14:12:21,GEMM_15,pirTest,Tst,1000000000.0,../gen/Tst_pirTest/GEMM_15/log/runproute.log,../gen/Tst_pirTest/GEMM_15/log/runproute.sh,../gen/Tst_pirTest/GEMM_15/plastisim/summary.csv,../gen/Tst_pirTest/GEMM_15/pir/AccelMain.scala,../gen/Tst_pirTest/GEMM_15/log/,../gen/Tst_pirTest/GEMM_15/log/gentst.log,../gen/Tst_pirTest/GEMM_15/log/maketst.log,../gen/Tst_pirTest/GEMM_15/log/runp2p.log,../gen/Tst_pirTest/GEMM_15/log/runhybrid.log,True,,,43.001721498,,,,,,18,18,,,,,,,,,,,,,,,,,,,,,,,0:49.75,6394,,True,False,True,0.0,2.562,0.641,0:02.82,,,,False,False,,,,,False
d7dd6ac3,d287e728,2019-07-16 14:12:21,GEMM_16,pirTest,Tst,1000000000.0,../gen/Tst_pirTest/GEMM_16/log/runproute.log,../gen/Tst_pirTest/GEMM_16/log/runproute.sh,../gen/Tst_pirTest/GEMM_16/plastisim/summary.csv,../gen/Tst_pirTest/GEMM_16/pir/AccelMain.scala,../gen/Tst_pirTest/GEMM_16/log/,../gen/Tst_pirTest/GEMM_16/log/gentst.log,../gen/Tst_pirTest/GEMM_16/log/maketst.log,../gen/Tst_pirTest/GEMM_16/log/runp2p.log,../gen/Tst_pirTest/GEMM_16/log/runhybrid.log,True,,,62.448192361,,,,,,18,18,,,,,,,,,,,,,,,,,,,,,,,1:57.79,5027,,True,False,True,0.0,3.259,0.815,0:04.02,,,,False,False,,,,,False
d7dd6ac3,d287e728,2019-07-16 14:12:21,GEMM_17,pirTest,Tst,1000000000.0,../gen/Tst_pirTest/GEMM_17/log/runproute.log,../gen/Tst_pirTest/GEMM_17/log/runproute.sh,../gen/Tst_pirTest/GEMM_17/plastisim/summary.csv,../gen/Tst_pirTest/GEMM_17/pir/AccelMain.scala,../gen/Tst_pirTest/GEMM_17/log/,../gen/Tst_pirTest/GEMM_17/log/gentst.log,../gen/Tst_pirTest/GEMM_17/log/maketst.log,../gen/Tst_pirTest/GEMM_17/log/runp2p.log,../gen/Tst_pirTest/GEMM_17/log/runhybrid.log,True,,,56.106021514,,,,,,18,18,,,,,,,,,,,,,,,,,,,,,,,2:00.66,5905,,True,False,True,0.0,11.098,2.775,0:06.18,,,,False,False,,,,,False
d7dd6ac3,d287e728,2019-07-16 14:12:21,GEMM_18,pirTest,Tst,1000000000.0,../gen/Tst_pirTest/GEMM_18/log/runproute.log,../gen/Tst_pirTest/GEMM_18/log/runproute.sh,../gen/Tst_pirTest/GEMM_18/plastisim/summary.csv,../gen/Tst_pirTest/GEMM_18/pir/AccelMain.scala,../gen/Tst_pirTest/GEMM_18/log/,../gen/Tst_pirTest/GEMM_18/log/gentst.log,../gen/Tst_pirTest/GEMM_18/log/maketst.log,../gen/Tst_pirTest/GEMM_18/log/runp2p.log,../gen/Tst_pirTest/GEMM_18/log/runhybrid.log,True,,,76.805964662,,,,,,18,18,,,,,,,,,,,,,,,,,,,,,,,2:35.46,3192,,True,False,True,0.0,20.531,5.133,0:04.03,,,,False,False,,,,,False
d7dd6ac3,d287e728,2019-07-16 14:12:21,GEMM_19,pirTest,Tst,1000000000.0,../gen/Tst_pirTest/GEMM_19/log/runproute.log,../gen/Tst_pirTest/GEMM_19/log/runproute.sh,../gen/Tst_pirTest/GEMM_19/plastisim/summary.csv,../gen/Tst_pirTest/GEMM_19/pir/AccelMain.scala,../gen/Tst_pirTest/GEMM_19/log/,../gen/Tst_pirTest/GEMM_19/log/gentst.log,../gen/Tst_pirTest/GEMM_19/log/maketst.log,../gen/Tst_pirTest/GEMM_19/log/runp2p.log,../gen/Tst_pirTest/GEMM_19/log/runhybrid.log,True,,,28.033423562,,,,,,18,18,,,,,,,,,,,,,,,,,,,,,,,0:53.54,,"Assertion fail:
",True,False,False,0.0,9.091,0.0,0:02.96,,,,False,False,,,,,False
d7dd6ac3,d287e728,2019-07-16 14:12:21,GEMM_2,pirTest,Tst,1000000000.0,../gen/Tst_pirTest/GEMM_2/log/runproute.log,../gen/Tst_pirTest/GEMM_2/log/runproute.sh,../gen/Tst_pirTest/GEMM_2/plastisim/summary.csv,../gen/Tst_pirTest/GEMM_2/pir/AccelMain.scala,../gen/Tst_pirTest/GEMM_2/log/,../gen/Tst_pirTest/GEMM_2/log/gentst.log,../gen/Tst_pirTest/GEMM_2/log/maketst.log,../gen/Tst_pirTest/GEMM_2/log/runp2p.log,../gen/Tst_pirTest/GEMM_2/log/runhybrid.log,True,,,27.825047253,,,,,,18,18,,,,,,,,,,,,,,,,,,,,,,,0:55.05,67086,,True,False,True,0.0,3.908,0.977,0:22.26,,,,False,False,,,,,False
d7dd6ac3,d287e728,2019-07-16 14:12:21,GEMM_3,pirTest,Tst,1000000000.0,../gen/Tst_pirTest/GEMM_3/log/runproute.log,../gen/Tst_pirTest/GEMM_3/log/runproute.sh,../gen/Tst_pirTest/GEMM_3/plastisim/summary.csv,../gen/Tst_pirTest/GEMM_3/pir/AccelMain.scala,../gen/Tst_pirTest/GEMM_3/log/,../gen/Tst_pirTest/GEMM_3/log/gentst.log,../gen/Tst_pirTest/GEMM_3/log/maketst.log,../gen/Tst_pirTest/GEMM_3/log/runp2p.log,../gen/Tst_pirTest/GEMM_3/log/runhybrid.log,True,,,28.36211378,,,,,,18,18,,,,,,,,,,,,,,,,,,,,,,,0:50.02,70678,,True,False,True,0.0,3.709,0.927,0:18.68,,,,False,False,,,,,False
d7dd6ac3,d287e728,2019-07-16 14:12:21,GEMM_4,pirTest,Tst,1000000000.0,../gen/Tst_pirTest/GEMM_4/log/runproute.log,../gen/Tst_pirTest/GEMM_4/log/runproute.sh,../gen/Tst_pirTest/GEMM_4/plastisim/summary.csv,../gen/Tst_pirTest/GEMM_4/pir/AccelMain.scala,../gen/Tst_pirTest/GEMM_4/log/,../gen/Tst_pirTest/GEMM_4/log/gentst.log,../gen/Tst_pirTest/GEMM_4/log/maketst.log,../gen/Tst_pirTest/GEMM_4/log/runp2p.log,../gen/Tst_pirTest/GEMM_4/log/runhybrid.log,True,,,25.808632548,,,,,,18,18,,,,,,,,,,,,,,,,,,,,,,,0:49.13,75302,,True,False,True,0.0,3.481,0.87,0:19.63,,,,False,False,,,,,False
d7dd6ac3,d287e728,2019-07-16 14:12:21,GEMM_6,pirTest,Tst,1000000000.0,../gen/Tst_pirTest/GEMM_6/log/runproute.log,../gen/Tst_pirTest/GEMM_6/log/runproute.sh,../gen/Tst_pirTest/GEMM_6/plastisim/summary.csv,../gen/Tst_pirTest/GEMM_6/pir/AccelMain.scala,../gen/Tst_pirTest/GEMM_6/log/,../gen/Tst_pirTest/GEMM_6/log/gentst.log,../gen/Tst_pirTest/GEMM_6/log/maketst.log,../gen/Tst_pirTest/GEMM_6/log/runp2p.log,../gen/Tst_pirTest/GEMM_6/log/runhybrid.log,True,,,67.412454011,,,,,,18,18,,,,,,,,,,,,,,,,,,,,,,,1:43.33,40785,,True,False,True,0.0,6.427,1.607,0:44.07,,,,False,False,,,,,False
d7dd6ac3,d287e728,2019-07-16 14:12:21,GEMM_7,pirTest,Tst,1000000000.0,../gen/Tst_pirTest/GEMM_7/log/runproute.log,../gen/Tst_pirTest/GEMM_7/log/runproute.sh,../gen/Tst_pirTest/GEMM_7/plastisim/summary.csv,../gen/Tst_pirTest/GEMM_7/pir/AccelMain.scala,../gen/Tst_pirTest/GEMM_7/log/,../gen/Tst_pirTest/GEMM_7/log/gentst.log,../gen/Tst_pirTest/GEMM_7/log/maketst.log,../gen/Tst_pirTest/GEMM_7/log/runp2p.log,../gen/Tst_pirTest/GEMM_7/log/runhybrid.log,True,,,24.203353015,,,,,,18,18,,,,,,,,,,,,,,,,,,,,,,,0:35.12,17319,,True,False,True,0.0,0.946,0.237,0:02.50,,,,False,False,,,,,False
d7dd6ac3,d287e728,2019-07-16 14:12:21,GEMM_8,pirTest,Tst,1000000000.0,../gen/Tst_pirTest/GEMM_8/log/runproute.log,../gen/Tst_pirTest/GEMM_8/log/runproute.sh,../gen/Tst_pirTest/GEMM_8/plastisim/summary.csv,../gen/Tst_pirTest/GEMM_8/pir/AccelMain.scala,../gen/Tst_pirTest/GEMM_8/log/,../gen/Tst_pirTest/GEMM_8/log/gentst.log,../gen/Tst_pirTest/GEMM_8/log/maketst.log,../gen/Tst_pirTest/GEMM_8/log/runp2p.log,../gen/Tst_pirTest/GEMM_8/log/runhybrid.log,True,,,23.378332819,,,,,,18,18,,,,,,,,,,,,,,,,,,,,,,,0:45.92,2357,,True,False,True,0.0,6.951,1.738,0:00.88,,,,False,False,,,,,False
d7dd6ac3,d287e728,2019-07-16 14:12:21,GEMM_9,pirTest,Tst,1000000000.0,../gen/Tst_pirTest/GEMM_9/log/runproute.log,../gen/Tst_pirTest/GEMM_9/log/runproute.sh,../gen/Tst_pirTest/GEMM_9/plastisim/summary.csv,../gen/Tst_pirTest/GEMM_9/pir/AccelMain.scala,../gen/Tst_pirTest/GEMM_9/log/,../gen/Tst_pirTest/GEMM_9/log/gentst.log,../gen/Tst_pirTest/GEMM_9/log/maketst.log,../gen/Tst_pirTest/GEMM_9/log/runp2p.log,../gen/Tst_pirTest/GEMM_9/log/runhybrid.log,True,,,24.903372276,,,,,,18,18,,,,,,,,,,,,,,,,,,,,,,,0:40.00,8785,,True,False,True,0.0,7.46,1.865,0:02.33,,,,False,False,,,,,False
d7dd6ac3,d287e728,2019-07-16 14:12:21,Kmeans_0,pirTest,Tst,1000000000.0,../gen/Tst_pirTest/Kmeans_0/log/runproute.log,../gen/Tst_pirTest/Kmeans_0/log/runproute.sh,../gen/Tst_pirTest/Kmeans_0/plastisim/summary.csv,../gen/Tst_pirTest/Kmeans_0/pir/AccelMain.scala,../gen/Tst_pirTest/Kmeans_0/log/,../gen/Tst_pirTest/Kmeans_0/log/gentst.log,../gen/Tst_pirTest/Kmeans_0/log/maketst.log,../gen/Tst_pirTest/Kmeans_0/log/runp2p.log,../gen/Tst_pirTest/Kmeans_0/log/runhybrid.log,True,,,24.967821597,,,,,,18,18,,,,,,,,,,,,,,,,,,,,,,,0:51.67,145817,,True,False,True,1.945,1.011,0.112,0:39.81,,,,False,False,,,,,False
d7dd6ac3,d287e728,2019-07-16 14:12:21,Kmeans_1,pirTest,Tst,1000000000.0,../gen/Tst_pirTest/Kmeans_1/log/runproute.log,../gen/Tst_pirTest/Kmeans_1/log/runproute.sh,../gen/Tst_pirTest/Kmeans_1/plastisim/summary.csv,../gen/Tst_pirTest/Kmeans_1/pir/AccelMain.scala,../gen/Tst_pirTest/Kmeans_1/log/,../gen/Tst_pirTest/Kmeans_1/log/gentst.log,../gen/Tst_pirTest/Kmeans_1/log/maketst.log,../gen/Tst_pirTest/Kmeans_1/log/runp2p.log,../gen/Tst_pirTest/Kmeans_1/log/runhybrid.log,True,,,24.086819525,,,,,,18,18,,,,,,,,,,,,,,,,,,,,,,,0:45.68,2169961,,True,False,True,1.526,0.068,0.008,7:44.05,,,,False,False,,,,,False
d7dd6ac3,d287e728,2019-07-16 14:12:21,Kmeans_2,pirTest,Tst,1000000000.0,../gen/Tst_pirTest/Kmeans_2/log/runproute.log,../gen/Tst_pirTest/Kmeans_2/log/runproute.sh,../gen/Tst_pirTest/Kmeans_2/plastisim/summary.csv,../gen/Tst_pirTest/Kmeans_2/pir/AccelMain.scala,../gen/Tst_pirTest/Kmeans_2/log/,../gen/Tst_pirTest/Kmeans_2/log/gentst.log,../gen/Tst_pirTest/Kmeans_2/log/maketst.log,../gen/Tst_pirTest/Kmeans_2/log/runp2p.log,../gen/Tst_pirTest/Kmeans_2/log/runhybrid.log,True,,,41.083792497,,,,,,18,18,,,,,,,,,,,,,,,,,,,,,,,1:17.95,74925,,True,False,True,0.0,1.968,0.219,0:37.43,,,,False,False,,,,,False
d7dd6ac3,d287e728,2019-07-16 14:12:21,Kmeans_3,pirTest,Tst,1000000000.0,../gen/Tst_pirTest/Kmeans_3/log/runproute.log,../gen/Tst_pirTest/Kmeans_3/log/runproute.sh,../gen/Tst_pirTest/Kmeans_3/plastisim/summary.csv,../gen/Tst_pirTest/Kmeans_3/pir/AccelMain.scala,../gen/Tst_pirTest/Kmeans_3/log/,../gen/Tst_pirTest/Kmeans_3/log/gentst.log,../gen/Tst_pirTest/Kmeans_3/log/maketst.log,../gen/Tst_pirTest/Kmeans_3/log/runp2p.log,../gen/Tst_pirTest/Kmeans_3/log/runhybrid.log,True,,,39.372141475,,,,,,18,18,,,,,,,,,,,,,,,,,,,,,,,1:36.10,146020,,True,False,True,1.943,1.01,0.112,1:26.61,,,,False,False,,,,,False
d7dd6ac3,d287e728,2019-07-16 14:12:21,Kmeans_4,pirTest,Tst,1000000000.0,../gen/Tst_pirTest/Kmeans_4/log/runproute.log,../gen/Tst_pirTest/Kmeans_4/log/runproute.sh,../gen/Tst_pirTest/Kmeans_4/plastisim/summary.csv,../gen/Tst_pirTest/Kmeans_4/pir/AccelMain.scala,../gen/Tst_pirTest/Kmeans_4/log/,../gen/Tst_pirTest/Kmeans_4/log/gentst.log,../gen/Tst_pirTest/Kmeans_4/log/maketst.log,../gen/Tst_pirTest/Kmeans_4/log/runp2p.log,../gen/Tst_pirTest/Kmeans_4/log/runhybrid.log,True,,,47.544503677,,,,,,18,18,,,,,,,,,,,,,,,,,,,,,,,2:06.03,184492,,True,False,True,1.54,0.799,0.089,2:31.69,,,,False,False,,,,,False
d7dd6ac3,d287e728,2019-07-16 14:12:21,Kmeans_5,pirTest,Tst,1000000000.0,../gen/Tst_pirTest/Kmeans_5/log/runproute.log,../gen/Tst_pirTest/Kmeans_5/log/runproute.sh,../gen/Tst_pirTest/Kmeans_5/plastisim/summary.csv,../gen/Tst_pirTest/Kmeans_5/pir/AccelMain.scala,../gen/Tst_pirTest/Kmeans_5/log/,../gen/Tst_pirTest/Kmeans_5/log/gentst.log,../gen/Tst_pirTest/Kmeans_5/log/maketst.log,../gen/Tst_pirTest/Kmeans_5/log/runp2p.log,../gen/Tst_pirTest/Kmeans_5/log/runhybrid.log,True,,,62.321517152,,,,,,18,18,,,,,,,,,,,,,,,,,,,,,,,1:31.31,75127,,True,False,True,0.0,1.963,0.218,0:52.08,,,,False,False,,,,,False
d7dd6ac3,d287e728,2019-07-16 14:12:21,Kmeans_6,pirTest,Tst,1000000000.0,../gen/Tst_pirTest/Kmeans_6/log/runproute.log,../gen/Tst_pirTest/Kmeans_6/log/runproute.sh,../gen/Tst_pirTest/Kmeans_6/plastisim/summary.csv,../gen/Tst_pirTest/Kmeans_6/pir/AccelMain.scala,../gen/Tst_pirTest/Kmeans_6/log/,../gen/Tst_pirTest/Kmeans_6/log/gentst.log,../gen/Tst_pirTest/Kmeans_6/log/maketst.log,../gen/Tst_pirTest/Kmeans_6/log/runp2p.log,../gen/Tst_pirTest/Kmeans_6/log/runhybrid.log,True,,,54.679128451,,,,,,18,18,,,,,,,,,,,,,,,,,,,,,,,2:18.25,145806,,True,False,True,1.946,1.011,0.112,2:13.08,,,,False,False,,,,,False
d7dd6ac3,d287e728,2019-07-16 14:12:21,Kmeans_7,pirTest,Tst,1000000000.0,../gen/Tst_pirTest/Kmeans_7/log/runproute.log,../gen/Tst_pirTest/Kmeans_7/log/runproute.sh,../gen/Tst_pirTest/Kmeans_7/plastisim/summary.csv,../gen/Tst_pirTest/Kmeans_7/pir/AccelMain.scala,../gen/Tst_pirTest/Kmeans_7/log/,../gen/Tst_pirTest/Kmeans_7/log/gentst.log,../gen/Tst_pirTest/Kmeans_7/log/maketst.log,../gen/Tst_pirTest/Kmeans_7/log/runp2p.log,../gen/Tst_pirTest/Kmeans_7/log/runhybrid.log,True,,,63.38202321,,,,,,18,18,,,,,,,,,,,,,,,,,,,,,,,1:53.33,94399,,True,False,True,0.0,1.562,0.174,1:10.65,,,,False,False,,,,,False
d7dd6ac3,d287e728,2019-07-16 14:12:21,Kmeans_8,pirTest,Tst,1000000000.0,../gen/Tst_pirTest/Kmeans_8/log/runproute.log,../gen/Tst_pirTest/Kmeans_8/log/runproute.sh,../gen/Tst_pirTest/Kmeans_8/plastisim/summary.csv,../gen/Tst_pirTest/Kmeans_8/pir/AccelMain.scala,../gen/Tst_pirTest/Kmeans_8/log/,../gen/Tst_pirTest/Kmeans_8/log/gentst.log,../gen/Tst_pirTest/Kmeans_8/log/maketst.log,../gen/Tst_pirTest/Kmeans_8/log/runp2p.log,../gen/Tst_pirTest/Kmeans_8/log/runhybrid.log,True,,,80.193434175,,,,,,18,18,,,,,,,,,,,,,,,,,,,,,,,3:18.13,74912,,True,False,True,0.0,1.968,0.219,1:44.92,,,,False,False,,,,,False
d7dd6ac3,d287e728,2019-07-16 14:12:21,LUTTest_0,pirTest,Tst,1000000000.0,../gen/Tst_pirTest/LUTTest_0/log/runproute.log,../gen/Tst_pirTest/LUTTest_0/log/runproute.sh,../gen/Tst_pirTest/LUTTest_0/plastisim/summary.csv,../gen/Tst_pirTest/LUTTest_0/pir/AccelMain.scala,../gen/Tst_pirTest/LUTTest_0/log/,../gen/Tst_pirTest/LUTTest_0/log/gentst.log,../gen/Tst_pirTest/LUTTest_0/log/maketst.log,../gen/Tst_pirTest/LUTTest_0/log/runp2p.log,../gen/Tst_pirTest/LUTTest_0/log/runhybrid.log,True,,,8.324073871,,,,,,18,18,,,,,,,,,,,,,,,,,,,,,,,0:24.70,53,,True,False,True,0.0,0.0,0.0,0:00.26,,,,False,False,,,,,False
d7dd6ac3,d287e728,2019-07-16 14:12:21,LUTTest_1,pirTest,Tst,1000000000.0,../gen/Tst_pirTest/LUTTest_1/log/runproute.log,../gen/Tst_pirTest/LUTTest_1/log/runproute.sh,../gen/Tst_pirTest/LUTTest_1/plastisim/summary.csv,../gen/Tst_pirTest/LUTTest_1/pir/AccelMain.scala,../gen/Tst_pirTest/LUTTest_1/log/,../gen/Tst_pirTest/LUTTest_1/log/gentst.log,../gen/Tst_pirTest/LUTTest_1/log/maketst.log,../gen/Tst_pirTest/LUTTest_1/log/runp2p.log,../gen/Tst_pirTest/LUTTest_1/log/runhybrid.log,True,,,8.28728932,,,,,,18,18,,,,,,,,,,,,,,,,,,,,,,,0:24.27,158,,True,False,True,0.0,0.0,0.0,0:00.27,,,,False,False,,,,,False
d7dd6ac3,d287e728,2019-07-16 14:12:21,LUTTest_2,pirTest,Tst,1000000000.0,../gen/Tst_pirTest/LUTTest_2/log/runproute.log,../gen/Tst_pirTest/LUTTest_2/log/runproute.sh,../gen/Tst_pirTest/LUTTest_2/plastisim/summary.csv,../gen/Tst_pirTest/LUTTest_2/pir/AccelMain.scala,../gen/Tst_pirTest/LUTTest_2/log/,../gen/Tst_pirTest/LUTTest_2/log/gentst.log,../gen/Tst_pirTest/LUTTest_2/log/maketst.log,../gen/Tst_pirTest/LUTTest_2/log/runp2p.log,../gen/Tst_pirTest/LUTTest_2/log/runhybrid.log,True,,,10.053322598,,,,,,18,18,,,,,,,,,,,,,,,,,,,,,,,0:26.09,101,,True,False,True,0.0,0.0,0.0,0:00.31,,,,False,False,,,,,False
d7dd6ac3,d287e728,2019-07-16 14:12:21,LUTTest_3,pirTest,Tst,1000000000.0,../gen/Tst_pirTest/LUTTest_3/log/runproute.log,../gen/Tst_pirTest/LUTTest_3/log/runproute.sh,../gen/Tst_pirTest/LUTTest_3/plastisim/summary.csv,../gen/Tst_pirTest/LUTTest_3/pir/AccelMain.scala,../gen/Tst_pirTest/LUTTest_3/log/,../gen/Tst_pirTest/LUTTest_3/log/gentst.log,../gen/Tst_pirTest/LUTTest_3/log/maketst.log,../gen/Tst_pirTest/LUTTest_3/log/runp2p.log,../gen/Tst_pirTest/LUTTest_3/log/runhybrid.log,True,,,11.355502665,,,,,,18,18,,,,,,,,,,,,,,,,,,,,,,,0:30.14,46,,True,False,True,0.0,0.0,0.0,0:00.25,,,,False,False,,,,,False
d7dd6ac3,d287e728,2019-07-16 14:12:21,LUTTest_4,pirTest,Tst,1000000000.0,../gen/Tst_pirTest/LUTTest_4/log/runproute.log,../gen/Tst_pirTest/LUTTest_4/log/runproute.sh,../gen/Tst_pirTest/LUTTest_4/plastisim/summary.csv,../gen/Tst_pirTest/LUTTest_4/pir/AccelMain.scala,../gen/Tst_pirTest/LUTTest_4/log/,../gen/Tst_pirTest/LUTTest_4/log/gentst.log,../gen/Tst_pirTest/LUTTest_4/log/maketst.log,../gen/Tst_pirTest/LUTTest_4/log/runp2p.log,../gen/Tst_pirTest/LUTTest_4/log/runhybrid.log,True,,,5.445675932,,,,,,18,18,,,,,,,,,,,,,,,,,,,,,,,0:17.59,19,,True,False,True,0.0,0.0,0.0,0:00.25,,,,False,False,,,,,False
d7dd6ac3,d287e728,2019-07-16 14:12:21,LogReg_0,pirTest,Tst,1000000000.0,../gen/Tst_pirTest/LogReg_0/log/runproute.log,../gen/Tst_pirTest/LogReg_0/log/runproute.sh,../gen/Tst_pirTest/LogReg_0/plastisim/summary.csv,../gen/Tst_pirTest/LogReg_0/pir/AccelMain.scala,../gen/Tst_pirTest/LogReg_0/log/,../gen/Tst_pirTest/LogReg_0/log/gentst.log,../gen/Tst_pirTest/LogReg_0/log/maketst.log,../gen/Tst_pirTest/LogReg_0/log/runp2p.log,../gen/Tst_pirTest/LogReg_0/log/runhybrid.log,True,,,19.915486282,,,,,,18,18,,,,,,,,,,,,,,,,,,,,,,,0:41.00,12229,,True,False,True,0.0,5.537,0.01,0:02.36,,,,False,False,,,,,False
d7dd6ac3,d287e728,2019-07-16 14:12:21,LogReg_1,pirTest,Tst,1000000000.0,../gen/Tst_pirTest/LogReg_1/log/runproute.log,../gen/Tst_pirTest/LogReg_1/log/runproute.sh,../gen/Tst_pirTest/LogReg_1/plastisim/summary.csv,../gen/Tst_pirTest/LogReg_1/pir/AccelMain.scala,../gen/Tst_pirTest/LogReg_1/log/,../gen/Tst_pirTest/LogReg_1/log/gentst.log,../gen/Tst_pirTest/LogReg_1/log/maketst.log,../gen/Tst_pirTest/LogReg_1/log/runp2p.log,../gen/Tst_pirTest/LogReg_1/log/runhybrid.log,True,,,33.465293129,,,,,,18,18,,,,,,,,,,,,,,,,,,,,,,,1:08.26,6352,,True,False,True,0.0,10.66,0.02,0:02.95,,,,False,False,,,,,False
d7dd6ac3,d287e728,2019-07-16 14:12:21,LogReg_2,pirTest,Tst,1000000000.0,../gen/Tst_pirTest/LogReg_2/log/runproute.log,../gen/Tst_pirTest/LogReg_2/log/runproute.sh,../gen/Tst_pirTest/LogReg_2/plastisim/summary.csv,../gen/Tst_pirTest/LogReg_2/pir/AccelMain.scala,../gen/Tst_pirTest/LogReg_2/log/,../gen/Tst_pirTest/LogReg_2/log/gentst.log,../gen/Tst_pirTest/LogReg_2/log/maketst.log,../gen/Tst_pirTest/LogReg_2/log/runp2p.log,../gen/Tst_pirTest/LogReg_2/log/runhybrid.log,True,,,28.218646086,,,,,,18,18,,,,,,,,,,,,,,,,,,,,,,,0:50.69,6381,,True,False,True,0.0,10.612,0.02,0:02.10,,,,False,False,,,,,False
d7dd6ac3,d287e728,2019-07-16 14:12:21,LogReg_3,pirTest,Tst,1000000000.0,../gen/Tst_pirTest/LogReg_3/log/runproute.log,../gen/Tst_pirTest/LogReg_3/log/runproute.sh,../gen/Tst_pirTest/LogReg_3/plastisim/summary.csv,../gen/Tst_pirTest/LogReg_3/pir/AccelMain.scala,../gen/Tst_pirTest/LogReg_3/log/,../gen/Tst_pirTest/LogReg_3/log/gentst.log,../gen/Tst_pirTest/LogReg_3/log/maketst.log,../gen/Tst_pirTest/LogReg_3/log/runp2p.log,../gen/Tst_pirTest/LogReg_3/log/runhybrid.log,True,,,65.798983149,,,,,,18,18,,,,,,,,,,,,,,,,,,,,,,,1:55.65,3448,,True,False,True,0.0,19.638,0.037,0:03.66,,,,False,False,,,,,False
d7dd6ac3,d287e728,2019-07-16 14:12:21,LogReg_4,pirTest,Tst,1000000000.0,../gen/Tst_pirTest/LogReg_4/log/runproute.log,../gen/Tst_pirTest/LogReg_4/log/runproute.sh,../gen/Tst_pirTest/LogReg_4/plastisim/summary.csv,../gen/Tst_pirTest/LogReg_4/pir/AccelMain.scala,../gen/Tst_pirTest/LogReg_4/log/,../gen/Tst_pirTest/LogReg_4/log/gentst.log,../gen/Tst_pirTest/LogReg_4/log/maketst.log,../gen/Tst_pirTest/LogReg_4/log/runp2p.log,../gen/Tst_pirTest/LogReg_4/log/runhybrid.log,True,,,110.528030869,,,,,,18,18,,,,,,,,,,,,,,,,,,,,,,,3:45.72,1945,,True,False,True,0.0,34.813,0.066,0:04.14,,,,False,False,,,,,False
d7dd6ac3,d287e728,2019-07-16 14:12:21,LogReg_5,pirTest,Tst,1000000000.0,../gen/Tst_pirTest/LogReg_5/log/runproute.log,../gen/Tst_pirTest/LogReg_5/log/runproute.sh,../gen/Tst_pirTest/LogReg_5/plastisim/summary.csv,../gen/Tst_pirTest/LogReg_5/pir/AccelMain.scala,../gen/Tst_pirTest/LogReg_5/log/,../gen/Tst_pirTest/LogReg_5/log/gentst.log,../gen/Tst_pirTest/LogReg_5/log/maketst.log,../gen/Tst_pirTest/LogReg_5/log/runp2p.log,../gen/Tst_pirTest/LogReg_5/log/runhybrid.log,True,,,123.614259357,,,,,,18,18,,,,,,,,,,,,,,,,,,,,,,,3:50.36,2114,,True,False,True,0.0,32.03,0.061,0:04.42,,,,False,False,,,,,False
d7dd6ac3,d287e728,2019-07-16 14:12:21,OuterProduct_0,pirTest,Tst,1000000000.0,../gen/Tst_pirTest/OuterProduct_0/log/runproute.log,../gen/Tst_pirTest/OuterProduct_0/log/runproute.sh,../gen/Tst_pirTest/OuterProduct_0/plastisim/summary.csv,../gen/Tst_pirTest/OuterProduct_0/pir/AccelMain.scala,../gen/Tst_pirTest/OuterProduct_0/log/,../gen/Tst_pirTest/OuterProduct_0/log/gentst.log,../gen/Tst_pirTest/OuterProduct_0/log/maketst.log,../gen/Tst_pirTest/OuterProduct_0/log/runp2p.log,../gen/Tst_pirTest/OuterProduct_0/log/runhybrid.log,True,,,10.190067086,,,,,,18,18,,,,,,,,,,,,,,,,,,,,,,,0:33.55,18590,,True,False,True,0.0,0.275,14.101,0:01.95,,,,False,False,,,,,False
d7dd6ac3,d287e728,2019-07-16 14:12:21,OuterProduct_1,pirTest,Tst,1000000000.0,../gen/Tst_pirTest/OuterProduct_1/log/runproute.log,../gen/Tst_pirTest/OuterProduct_1/log/runproute.sh,../gen/Tst_pirTest/OuterProduct_1/plastisim/summary.csv,../gen/Tst_pirTest/OuterProduct_1/pir/AccelMain.scala,../gen/Tst_pirTest/OuterProduct_1/log/,../gen/Tst_pirTest/OuterProduct_1/log/gentst.log,../gen/Tst_pirTest/OuterProduct_1/log/maketst.log,../gen/Tst_pirTest/OuterProduct_1/log/runp2p.log,../gen/Tst_pirTest/OuterProduct_1/log/runhybrid.log,True,,,13.345107831,,,,,,18,18,,,,,,,,,,,,,,,,,,,,,,,0:35.02,65860,,True,False,True,0.0,0.078,3.98,0:05.50,,,,False,False,,,,,False
d7dd6ac3,d287e728,2019-07-16 14:12:21,OuterProduct_2,pirTest,Tst,1000000000.0,../gen/Tst_pirTest/OuterProduct_2/log/runproute.log,../gen/Tst_pirTest/OuterProduct_2/log/runproute.sh,../gen/Tst_pirTest/OuterProduct_2/plastisim/summary.csv,../gen/Tst_pirTest/OuterProduct_2/pir/AccelMain.scala,../gen/Tst_pirTest/OuterProduct_2/log/,../gen/Tst_pirTest/OuterProduct_2/log/gentst.log,../gen/Tst_pirTest/OuterProduct_2/log/maketst.log,../gen/Tst_pirTest/OuterProduct_2/log/runp2p.log,../gen/Tst_pirTest/OuterProduct_2/log/runhybrid.log,True,,,16.948303263,,,,,,18,18,,,,,,,,,,,,,,,,,,,,,,,0:36.70,33092,,True,False,True,0.0,0.155,7.922,0:05.06,,,,False,False,,,,,False
d7dd6ac3,d287e728,2019-07-16 14:12:21,OuterProduct_3,pirTest,Tst,1000000000.0,../gen/Tst_pirTest/OuterProduct_3/log/runproute.log,../gen/Tst_pirTest/OuterProduct_3/log/runproute.sh,../gen/Tst_pirTest/OuterProduct_3/plastisim/summary.csv,../gen/Tst_pirTest/OuterProduct_3/pir/AccelMain.scala,../gen/Tst_pirTest/OuterProduct_3/log/,../gen/Tst_pirTest/OuterProduct_3/log/gentst.log,../gen/Tst_pirTest/OuterProduct_3/log/maketst.log,../gen/Tst_pirTest/OuterProduct_3/log/runp2p.log,../gen/Tst_pirTest/OuterProduct_3/log/runhybrid.log,True,,,20.585556201,,,,,,18,18,,,,,,,,,,,,,,,,,,,,,,,0:42.78,33097,,True,False,True,0.0,0.155,7.92,0:06.51,,,,False,False,,,,,False
d7dd6ac3,d287e728,2019-07-16 14:12:21,OuterProduct_4,pirTest,Tst,1000000000.0,../gen/Tst_pirTest/OuterProduct_4/log/runproute.log,../gen/Tst_pirTest/OuterProduct_4/log/runproute.sh,../gen/Tst_pirTest/OuterProduct_4/plastisim/summary.csv,../gen/Tst_pirTest/OuterProduct_4/pir/AccelMain.scala,../gen/Tst_pirTest/OuterProduct_4/log/,../gen/Tst_pirTest/OuterProduct_4/log/gentst.log,../gen/Tst_pirTest/OuterProduct_4/log/maketst.log,../gen/Tst_pirTest/OuterProduct_4/log/runp2p.log,../gen/Tst_pirTest/OuterProduct_4/log/runhybrid.log,True,,,32.178678314,,,,,,18,18,,,,,,,,,,,,,,,,,,,,,,,1:02.18,16714,,True,False,True,0.0,0.306,15.684,0:07.19,,,,False,False,,,,,False
d7dd6ac3,d287e728,2019-07-16 14:12:21,OuterProduct_5,pirTest,Tst,1000000000.0,../gen/Tst_pirTest/OuterProduct_5/log/runproute.log,../gen/Tst_pirTest/OuterProduct_5/log/runproute.sh,../gen/Tst_pirTest/OuterProduct_5/plastisim/summary.csv,../gen/Tst_pirTest/OuterProduct_5/pir/AccelMain.scala,../gen/Tst_pirTest/OuterProduct_5/log/,../gen/Tst_pirTest/OuterProduct_5/log/gentst.log,../gen/Tst_pirTest/OuterProduct_5/log/maketst.log,../gen/Tst_pirTest/OuterProduct_5/log/runp2p.log,../gen/Tst_pirTest/OuterProduct_5/log/runhybrid.log,True,,,29.949222324,,,,,,18,18,,,,,,,,,,,,,,,,,,,,,,,1:04.72,9222,,True,False,True,0.0,0.555,28.426,0:03.58,,,,False,False,,,,,False
d7dd6ac3,d287e728,2019-07-16 14:12:21,OuterProduct_6,pirTest,Tst,1000000000.0,../gen/Tst_pirTest/OuterProduct_6/log/runproute.log,../gen/Tst_pirTest/OuterProduct_6/log/runproute.sh,../gen/Tst_pirTest/OuterProduct_6/plastisim/summary.csv,../gen/Tst_pirTest/OuterProduct_6/pir/AccelMain.scala,../gen/Tst_pirTest/OuterProduct_6/log/,../gen/Tst_pirTest/OuterProduct_6/log/gentst.log,../gen/Tst_pirTest/OuterProduct_6/log/maketst.log,../gen/Tst_pirTest/OuterProduct_6/log/runp2p.log,../gen/Tst_pirTest/OuterProduct_6/log/runhybrid.log,True,,,13.124806174,,,,,,18,18,,,,,,,,,,,,,,,,,,,,,,,0:37.72,18655,,True,False,True,0.0,0.274,14.052,0:02.27,,,,False,False,,,,,False
d7dd6ac3,d287e728,2019-07-16 14:12:21,OuterProduct_7,pirTest,Tst,1000000000.0,../gen/Tst_pirTest/OuterProduct_7/log/runproute.log,../gen/Tst_pirTest/OuterProduct_7/log/runproute.sh,../gen/Tst_pirTest/OuterProduct_7/plastisim/summary.csv,../gen/Tst_pirTest/OuterProduct_7/pir/AccelMain.scala,../gen/Tst_pirTest/OuterProduct_7/log/,../gen/Tst_pirTest/OuterProduct_7/log/gentst.log,../gen/Tst_pirTest/OuterProduct_7/log/maketst.log,../gen/Tst_pirTest/OuterProduct_7/log/runp2p.log,../gen/Tst_pirTest/OuterProduct_7/log/runhybrid.log,True,,,16.803010391,,,,,,18,18,,,,,,,,,,,,,,,,,,,,,,,0:47.41,9631,,True,False,True,0.0,0.532,27.219,0:02.42,,,,False,False,,,,,False
d7dd6ac3,d287e728,2019-07-16 14:12:21,OuterProduct_8,pirTest,Tst,1000000000.0,../gen/Tst_pirTest/OuterProduct_8/log/runproute.log,../gen/Tst_pirTest/OuterProduct_8/log/runproute.sh,../gen/Tst_pirTest/OuterProduct_8/plastisim/summary.csv,../gen/Tst_pirTest/OuterProduct_8/pir/AccelMain.scala,../gen/Tst_pirTest/OuterProduct_8/log/,../gen/Tst_pirTest/OuterProduct_8/log/gentst.log,../gen/Tst_pirTest/OuterProduct_8/log/maketst.log,../gen/Tst_pirTest/OuterProduct_8/log/runp2p.log,../gen/Tst_pirTest/OuterProduct_8/log/runhybrid.log,True,,,20.422873184,,,,,,18,18,,,,,,,,,,,,,,,,,,,,,,,0:40.10,9568,,True,False,True,0.0,0.535,27.398,0:02.10,,,,False,False,,,,,False
d7dd6ac3,d287e728,2019-07-16 14:12:21,SGD_0,pirTest,Tst,1000000000.0,../gen/Tst_pirTest/SGD_0/log/runproute.log,../gen/Tst_pirTest/SGD_0/log/runproute.sh,../gen/Tst_pirTest/SGD_0/plastisim/summary.csv,../gen/Tst_pirTest/SGD_0/pir/AccelMain.scala,../gen/Tst_pirTest/SGD_0/log/,../gen/Tst_pirTest/SGD_0/log/gentst.log,../gen/Tst_pirTest/SGD_0/log/maketst.log,../gen/Tst_pirTest/SGD_0/log/runp2p.log,../gen/Tst_pirTest/SGD_0/log/runhybrid.log,True,,,18.835306906,,,,,,18,18,,,,,,,,,,,,,,,,,,,,,,,0:38.46,15219,,True,False,True,0.0,2.22,0.008,0:02.82,,,,False,False,,,,,False
d7dd6ac3,d287e728,2019-07-16 14:12:21,SGD_1,pirTest,Tst,1000000000.0,../gen/Tst_pirTest/SGD_1/log/runproute.log,../gen/Tst_pirTest/SGD_1/log/runproute.sh,../gen/Tst_pirTest/SGD_1/plastisim/summary.csv,../gen/Tst_pirTest/SGD_1/pir/AccelMain.scala,../gen/Tst_pirTest/SGD_1/log/,../gen/Tst_pirTest/SGD_1/log/gentst.log,../gen/Tst_pirTest/SGD_1/log/maketst.log,../gen/Tst_pirTest/SGD_1/log/runp2p.log,../gen/Tst_pirTest/SGD_1/log/runhybrid.log,True,,,26.436863131,,,,,,18,18,,,,,,,,,,,,,,,,,,,,,,,1:02.12,8243,,True,False,True,0.0,4.099,0.016,0:02.77,,,,False,False,,,,,False
d7dd6ac3,d287e728,2019-07-16 14:12:21,SGD_2,pirTest,Tst,1000000000.0,../gen/Tst_pirTest/SGD_2/log/runproute.log,../gen/Tst_pirTest/SGD_2/log/runproute.sh,../gen/Tst_pirTest/SGD_2/plastisim/summary.csv,../gen/Tst_pirTest/SGD_2/pir/AccelMain.scala,../gen/Tst_pirTest/SGD_2/log/,../gen/Tst_pirTest/SGD_2/log/gentst.log,../gen/Tst_pirTest/SGD_2/log/maketst.log,../gen/Tst_pirTest/SGD_2/log/runp2p.log,../gen/Tst_pirTest/SGD_2/log/runhybrid.log,True,,,28.162369464,,,,,,18,18,,,,,,,,,,,,,,,,,,,,,,,0:59.59,15096,,True,False,True,0.0,2.238,0.008,0:05.17,,,,False,False,,,,,False
d7dd6ac3,d287e728,2019-07-16 14:12:21,SGD_3,pirTest,Tst,1000000000.0,../gen/Tst_pirTest/SGD_3/log/runproute.log,../gen/Tst_pirTest/SGD_3/log/runproute.sh,../gen/Tst_pirTest/SGD_3/plastisim/summary.csv,../gen/Tst_pirTest/SGD_3/pir/AccelMain.scala,../gen/Tst_pirTest/SGD_3/log/,../gen/Tst_pirTest/SGD_3/log/gentst.log,../gen/Tst_pirTest/SGD_3/log/maketst.log,../gen/Tst_pirTest/SGD_3/log/runp2p.log,../gen/Tst_pirTest/SGD_3/log/runhybrid.log,True,,,29.496773342,,,,,,18,18,,,,,,,,,,,,,,,,,,,,,,,1:06.91,8072,,True,False,True,0.0,4.186,0.016,0:03.65,,,,False,False,,,,,False
d7dd6ac3,d287e728,2019-07-16 14:12:21,SimpleDotProduct_0,pirTest,Tst,1000000000.0,../gen/Tst_pirTest/SimpleDotProduct_0/log/runproute.log,../gen/Tst_pirTest/SimpleDotProduct_0/log/runproute.sh,../gen/Tst_pirTest/SimpleDotProduct_0/plastisim/summary.csv,../gen/Tst_pirTest/SimpleDotProduct_0/pir/AccelMain.scala,../gen/Tst_pirTest/SimpleDotProduct_0/log/,../gen/Tst_pirTest/SimpleDotProduct_0/log/gentst.log,../gen/Tst_pirTest/SimpleDotProduct_0/log/maketst.log,../gen/Tst_pirTest/SimpleDotProduct_0/log/runp2p.log,../gen/Tst_pirTest/SimpleDotProduct_0/log/runhybrid.log,True,,,6.924751474,,,,,,18,18,,,,,,,,,,,,,,,,,,,,,,,0:20.55,1089,,True,False,True,0.0,0.0,0.0,0:00.25,,,,False,False,,,,,False
d7dd6ac3,d287e728,2019-07-16 14:12:21,SimpleDotProduct_1,pirTest,Tst,1000000000.0,../gen/Tst_pirTest/SimpleDotProduct_1/log/runproute.log,../gen/Tst_pirTest/SimpleDotProduct_1/log/runproute.sh,../gen/Tst_pirTest/SimpleDotProduct_1/plastisim/summary.csv,../gen/Tst_pirTest/SimpleDotProduct_1/pir/AccelMain.scala,../gen/Tst_pirTest/SimpleDotProduct_1/log/,../gen/Tst_pirTest/SimpleDotProduct_1/log/gentst.log,../gen/Tst_pirTest/SimpleDotProduct_1/log/maketst.log,../gen/Tst_pirTest/SimpleDotProduct_1/log/runp2p.log,../gen/Tst_pirTest/SimpleDotProduct_1/log/runhybrid.log,True,,,10.006277272,,,,,,18,18,,,,,,,,,,,,,,,,,,,,,,,0:24.26,577,,True,False,True,0.0,0.0,0.0,0:00.31,,,,False,False,,,,,False
d7dd6ac3,d287e728,2019-07-16 14:12:21,StreamInOutStop,pirTest,Tst,1000000000.0,../gen/Tst_pirTest/StreamInOutStop/log/runproute.log,../gen/Tst_pirTest/StreamInOutStop/log/runproute.sh,../gen/Tst_pirTest/StreamInOutStop/plastisim/summary.csv,../gen/Tst_pirTest/StreamInOutStop/pir/AccelMain.scala,../gen/Tst_pirTest/StreamInOutStop/log/,../gen/Tst_pirTest/StreamInOutStop/log/gentst.log,../gen/Tst_pirTest/StreamInOutStop/log/maketst.log,../gen/Tst_pirTest/StreamInOutStop/log/runp2p.log,../gen/Tst_pirTest/StreamInOutStop/log/runhybrid.log,True,,,6.690087217,,,,,,18,18,,,,,,,,,,,,,,,,,,,,,,,0:23.43,32,,True,False,True,0.0,0.0,0.0,0:00.28,,,,False,False,,,,,False
d7dd6ac3,d287e728,2019-07-16 14:12:21,StreamInfDotProduct_0,pirTest,Tst,1000000000.0,../gen/Tst_pirTest/StreamInfDotProduct_0/log/runproute.log,../gen/Tst_pirTest/StreamInfDotProduct_0/log/runproute.sh,../gen/Tst_pirTest/StreamInfDotProduct_0/plastisim/summary.csv,../gen/Tst_pirTest/StreamInfDotProduct_0/pir/AccelMain.scala,../gen/Tst_pirTest/StreamInfDotProduct_0/log/,../gen/Tst_pirTest/StreamInfDotProduct_0/log/gentst.log,../gen/Tst_pirTest/StreamInfDotProduct_0/log/maketst.log,../gen/Tst_pirTest/StreamInfDotProduct_0/log/runp2p.log,../gen/Tst_pirTest/StreamInfDotProduct_0/log/runhybrid.log,True,,,10.871923793,,,,,,18,18,,,,,,,,,,,,,,,,,,,,,,,0:27.81,177,,True,False,True,0.0,0.0,0.0,0:00.28,,,,False,False,,,,,False
d7dd6ac3,d287e728,2019-07-16 14:12:21,StreamInfDotProduct_1,pirTest,Tst,1000000000.0,../gen/Tst_pirTest/StreamInfDotProduct_1/log/runproute.log,../gen/Tst_pirTest/StreamInfDotProduct_1/log/runproute.sh,../gen/Tst_pirTest/StreamInfDotProduct_1/plastisim/summary.csv,../gen/Tst_pirTest/StreamInfDotProduct_1/pir/AccelMain.scala,../gen/Tst_pirTest/StreamInfDotProduct_1/log/,../gen/Tst_pirTest/StreamInfDotProduct_1/log/gentst.log,../gen/Tst_pirTest/StreamInfDotProduct_1/log/maketst.log,../gen/Tst_pirTest/StreamInfDotProduct_1/log/runp2p.log,../gen/Tst_pirTest/StreamInfDotProduct_1/log/runhybrid.log,True,,,12.858599314,,,,,,18,18,,,,,,,,,,,,,,,,,,,,,,,0:28.57,298,,True,False,True,0.0,0.0,0.0,0:00.26,,,,False,False,,,,,False
d7dd6ac3,d287e728,2019-07-16 14:12:21,StreamInfDotProduct_2,pirTest,Tst,1000000000.0,../gen/Tst_pirTest/StreamInfDotProduct_2/log/runproute.log,../gen/Tst_pirTest/StreamInfDotProduct_2/log/runproute.sh,../gen/Tst_pirTest/StreamInfDotProduct_2/plastisim/summary.csv,../gen/Tst_pirTest/StreamInfDotProduct_2/pir/AccelMain.scala,../gen/Tst_pirTest/StreamInfDotProduct_2/log/,../gen/Tst_pirTest/StreamInfDotProduct_2/log/gentst.log,../gen/Tst_pirTest/StreamInfDotProduct_2/log/maketst.log,../gen/Tst_pirTest/StreamInfDotProduct_2/log/runp2p.log,../gen/Tst_pirTest/StreamInfDotProduct_2/log/runhybrid.log,True,,,10.635127316,,,,,,18,18,,,,,,,,,,,,,,,,,,,,,,,0:28.88,181,,True,False,True,0.0,0.0,0.0,0:00.25,,,,False,False,,,,,False
d7dd6ac3,d287e728,2019-07-16 14:12:21,StreamInfDotProduct_3,pirTest,Tst,1000000000.0,../gen/Tst_pirTest/StreamInfDotProduct_3/log/runproute.log,../gen/Tst_pirTest/StreamInfDotProduct_3/log/runproute.sh,../gen/Tst_pirTest/StreamInfDotProduct_3/plastisim/summary.csv,../gen/Tst_pirTest/StreamInfDotProduct_3/pir/AccelMain.scala,../gen/Tst_pirTest/StreamInfDotProduct_3/log/,../gen/Tst_pirTest/StreamInfDotProduct_3/log/gentst.log,../gen/Tst_pirTest/StreamInfDotProduct_3/log/maketst.log,../gen/Tst_pirTest/StreamInfDotProduct_3/log/runp2p.log,../gen/Tst_pirTest/StreamInfDotProduct_3/log/runhybrid.log,True,,,16.059718539,,,,,,18,18,,,,,,,,,,,,,,,,,,,,,,,0:36.70,309,,True,False,True,0.0,0.0,0.0,0:00.28,,,,False,False,,,,,False
d7dd6ac3,d287e728,2019-07-16 14:12:21,StreamInfDotProduct_4,pirTest,Tst,1000000000.0,../gen/Tst_pirTest/StreamInfDotProduct_4/log/runproute.log,../gen/Tst_pirTest/StreamInfDotProduct_4/log/runproute.sh,../gen/Tst_pirTest/StreamInfDotProduct_4/plastisim/summary.csv,../gen/Tst_pirTest/StreamInfDotProduct_4/pir/AccelMain.scala,../gen/Tst_pirTest/StreamInfDotProduct_4/log/,../gen/Tst_pirTest/StreamInfDotProduct_4/log/gentst.log,../gen/Tst_pirTest/StreamInfDotProduct_4/log/maketst.log,../gen/Tst_pirTest/StreamInfDotProduct_4/log/runp2p.log,../gen/Tst_pirTest/StreamInfDotProduct_4/log/runhybrid.log,True,,,16.466881552,,,,,,18,18,,,,,,,,,,,,,,,,,,,,,,,0:38.69,188,,True,False,True,0.0,0.0,0.0,0:00.31,,,,False,False,,,,,False
d7dd6ac3,d287e728,2019-07-16 14:12:21,StreamInfKmeans_0,pirTest,Tst,1000000000.0,../gen/Tst_pirTest/StreamInfKmeans_0/log/runproute.log,../gen/Tst_pirTest/StreamInfKmeans_0/log/runproute.sh,../gen/Tst_pirTest/StreamInfKmeans_0/plastisim/summary.csv,../gen/Tst_pirTest/StreamInfKmeans_0/pir/AccelMain.scala,../gen/Tst_pirTest/StreamInfKmeans_0/log/,../gen/Tst_pirTest/StreamInfKmeans_0/log/gentst.log,../gen/Tst_pirTest/StreamInfKmeans_0/log/maketst.log,../gen/Tst_pirTest/StreamInfKmeans_0/log/runp2p.log,../gen/Tst_pirTest/StreamInfKmeans_0/log/runhybrid.log,True,,,12.729398745,,,,,,18,18,,,,,,,,,,,,,,,,,,,,,,,0:33.70,1133,,True,False,True,0.0,0.0,0.0,0:00.38,,,,False,False,,,,,False
d7dd6ac3,d287e728,2019-07-16 14:12:21,StreamInfKmeans_1,pirTest,Tst,1000000000.0,../gen/Tst_pirTest/StreamInfKmeans_1/log/runproute.log,../gen/Tst_pirTest/StreamInfKmeans_1/log/runproute.sh,../gen/Tst_pirTest/StreamInfKmeans_1/plastisim/summary.csv,../gen/Tst_pirTest/StreamInfKmeans_1/pir/AccelMain.scala,../gen/Tst_pirTest/StreamInfKmeans_1/log/,../gen/Tst_pirTest/StreamInfKmeans_1/log/gentst.log,../gen/Tst_pirTest/StreamInfKmeans_1/log/maketst.log,../gen/Tst_pirTest/StreamInfKmeans_1/log/runp2p.log,../gen/Tst_pirTest/StreamInfKmeans_1/log/runhybrid.log,True,,,19.137084267,,,,,,18,18,,,,,,,,,,,,,,,,,,,,,,,0:41.55,639,,True,False,True,0.0,0.0,0.0,0:00.35,,,,False,False,,,,,False
d7dd6ac3,d287e728,2019-07-16 14:12:21,StreamInfKmeans_2,pirTest,Tst,1000000000.0,../gen/Tst_pirTest/StreamInfKmeans_2/log/runproute.log,../gen/Tst_pirTest/StreamInfKmeans_2/log/runproute.sh,../gen/Tst_pirTest/StreamInfKmeans_2/plastisim/summary.csv,../gen/Tst_pirTest/StreamInfKmeans_2/pir/AccelMain.scala,../gen/Tst_pirTest/StreamInfKmeans_2/log/,../gen/Tst_pirTest/StreamInfKmeans_2/log/gentst.log,../gen/Tst_pirTest/StreamInfKmeans_2/log/maketst.log,../gen/Tst_pirTest/StreamInfKmeans_2/log/runp2p.log,../gen/Tst_pirTest/StreamInfKmeans_2/log/runhybrid.log,True,,,18.027820438,,,,,,18,18,,,,,,,,,,,,,,,,,,,,,,,0:40.55,1137,,True,False,True,0.0,0.0,0.0,0:00.43,,,,False,False,,,,,False
d7dd6ac3,d287e728,2019-07-16 14:12:21,StreamInfKmeans_3,pirTest,Tst,1000000000.0,../gen/Tst_pirTest/StreamInfKmeans_3/log/runproute.log,../gen/Tst_pirTest/StreamInfKmeans_3/log/runproute.sh,../gen/Tst_pirTest/StreamInfKmeans_3/plastisim/summary.csv,../gen/Tst_pirTest/StreamInfKmeans_3/pir/AccelMain.scala,../gen/Tst_pirTest/StreamInfKmeans_3/log/,../gen/Tst_pirTest/StreamInfKmeans_3/log/gentst.log,../gen/Tst_pirTest/StreamInfKmeans_3/log/maketst.log,../gen/Tst_pirTest/StreamInfKmeans_3/log/runp2p.log,../gen/Tst_pirTest/StreamInfKmeans_3/log/runhybrid.log,True,,,14.446840104,,,,,,18,18,,,,,,,,,,,,,,,,,,,,,,,0:34.94,2159,,True,False,True,0.0,0.0,0.0,0:00.45,,,,False,False,,,,,False
d7dd6ac3,d287e728,2019-07-16 14:12:21,StreamInfKmeans_4,pirTest,Tst,1000000000.0,../gen/Tst_pirTest/StreamInfKmeans_4/log/runproute.log,../gen/Tst_pirTest/StreamInfKmeans_4/log/runproute.sh,../gen/Tst_pirTest/StreamInfKmeans_4/plastisim/summary.csv,../gen/Tst_pirTest/StreamInfKmeans_4/pir/AccelMain.scala,../gen/Tst_pirTest/StreamInfKmeans_4/log/,../gen/Tst_pirTest/StreamInfKmeans_4/log/gentst.log,../gen/Tst_pirTest/StreamInfKmeans_4/log/maketst.log,../gen/Tst_pirTest/StreamInfKmeans_4/log/runp2p.log,../gen/Tst_pirTest/StreamInfKmeans_4/log/runhybrid.log,True,,,18.737613615,,,,,,18,18,,,,,,,,,,,,,,,,,,,,,,,0:42.83,1274,,True,False,True,0.0,0.0,0.0,0:00.44,,,,False,False,,,,,False
d7dd6ac3,d287e728,2019-07-16 14:12:21,StreamInfKmeans_6,pirTest,Tst,1000000000.0,../gen/Tst_pirTest/StreamInfKmeans_6/log/runproute.log,../gen/Tst_pirTest/StreamInfKmeans_6/log/runproute.sh,../gen/Tst_pirTest/StreamInfKmeans_6/plastisim/summary.csv,../gen/Tst_pirTest/StreamInfKmeans_6/pir/AccelMain.scala,../gen/Tst_pirTest/StreamInfKmeans_6/log/,../gen/Tst_pirTest/StreamInfKmeans_6/log/gentst.log,../gen/Tst_pirTest/StreamInfKmeans_6/log/maketst.log,../gen/Tst_pirTest/StreamInfKmeans_6/log/runp2p.log,../gen/Tst_pirTest/StreamInfKmeans_6/log/runhybrid.log,True,,,24.308118098,,,,,,18,18,,,,,,,,,,,,,,,,,,,,,,,0:47.24,1135,,True,False,True,0.0,0.0,0.0,0:00.57,,,,False,False,,,,,False
d7dd6ac3,d287e728,2019-07-16 14:12:21,StreamInfKmeans_7,pirTest,Tst,1000000000.0,../gen/Tst_pirTest/StreamInfKmeans_7/log/runproute.log,../gen/Tst_pirTest/StreamInfKmeans_7/log/runproute.sh,../gen/Tst_pirTest/StreamInfKmeans_7/plastisim/summary.csv,../gen/Tst_pirTest/StreamInfKmeans_7/pir/AccelMain.scala,../gen/Tst_pirTest/StreamInfKmeans_7/log/,../gen/Tst_pirTest/StreamInfKmeans_7/log/gentst.log,../gen/Tst_pirTest/StreamInfKmeans_7/log/maketst.log,../gen/Tst_pirTest/StreamInfKmeans_7/log/runp2p.log,../gen/Tst_pirTest/StreamInfKmeans_7/log/runhybrid.log,True,,,39.408927949,,,,,,18,18,,,,,,,,,,,,,,,,,,,,,,,1:22.44,641,,True,False,True,0.0,0.0,0.0,0:00.71,,,,False,False,,,,,False
d7dd6ac3,d287e728,2019-07-16 14:12:21,StreamInfLogReg_0,pirTest,Tst,1000000000.0,../gen/Tst_pirTest/StreamInfLogReg_0/log/runproute.log,../gen/Tst_pirTest/StreamInfLogReg_0/log/runproute.sh,../gen/Tst_pirTest/StreamInfLogReg_0/plastisim/summary.csv,../gen/Tst_pirTest/StreamInfLogReg_0/pir/AccelMain.scala,../gen/Tst_pirTest/StreamInfLogReg_0/log/,../gen/Tst_pirTest/StreamInfLogReg_0/log/gentst.log,../gen/Tst_pirTest/StreamInfLogReg_0/log/maketst.log,../gen/Tst_pirTest/StreamInfLogReg_0/log/runp2p.log,../gen/Tst_pirTest/StreamInfLogReg_0/log/runhybrid.log,True,,,9.895962793,,,,,,18,18,,,,,,,,,,,,,,,,,,,,,,,0:28.41,186,,True,False,True,0.0,0.0,0.0,0:00.34,,,,False,False,,,,,False
d7dd6ac3,d287e728,2019-07-16 14:12:21,StreamInfLogReg_1,pirTest,Tst,1000000000.0,../gen/Tst_pirTest/StreamInfLogReg_1/log/runproute.log,../gen/Tst_pirTest/StreamInfLogReg_1/log/runproute.sh,../gen/Tst_pirTest/StreamInfLogReg_1/plastisim/summary.csv,../gen/Tst_pirTest/StreamInfLogReg_1/pir/AccelMain.scala,../gen/Tst_pirTest/StreamInfLogReg_1/log/,../gen/Tst_pirTest/StreamInfLogReg_1/log/gentst.log,../gen/Tst_pirTest/StreamInfLogReg_1/log/maketst.log,../gen/Tst_pirTest/StreamInfLogReg_1/log/runp2p.log,../gen/Tst_pirTest/StreamInfLogReg_1/log/runhybrid.log,True,,,12.834243008,,,,,,18,18,,,,,,,,,,,,,,,,,,,,,,,0:30.73,304,,True,False,True,0.0,0.0,0.0,0:00.29,,,,False,False,,,,,False
d7dd6ac3,d287e728,2019-07-16 14:12:21,StreamInfLogReg_2,pirTest,Tst,1000000000.0,../gen/Tst_pirTest/StreamInfLogReg_2/log/runproute.log,../gen/Tst_pirTest/StreamInfLogReg_2/log/runproute.sh,../gen/Tst_pirTest/StreamInfLogReg_2/plastisim/summary.csv,../gen/Tst_pirTest/StreamInfLogReg_2/pir/AccelMain.scala,../gen/Tst_pirTest/StreamInfLogReg_2/log/,../gen/Tst_pirTest/StreamInfLogReg_2/log/gentst.log,../gen/Tst_pirTest/StreamInfLogReg_2/log/maketst.log,../gen/Tst_pirTest/StreamInfLogReg_2/log/runp2p.log,../gen/Tst_pirTest/StreamInfLogReg_2/log/runhybrid.log,True,,,12.09796598,,,,,,18,18,,,,,,,,,,,,,,,,,,,,,,,0:30.73,190,,True,False,True,0.0,0.0,0.0,0:00.29,,,,False,False,,,,,False
d7dd6ac3,d287e728,2019-07-16 14:12:21,StreamInfLogReg_3,pirTest,Tst,1000000000.0,../gen/Tst_pirTest/StreamInfLogReg_3/log/runproute.log,../gen/Tst_pirTest/StreamInfLogReg_3/log/runproute.sh,../gen/Tst_pirTest/StreamInfLogReg_3/plastisim/summary.csv,../gen/Tst_pirTest/StreamInfLogReg_3/pir/AccelMain.scala,../gen/Tst_pirTest/StreamInfLogReg_3/log/,../gen/Tst_pirTest/StreamInfLogReg_3/log/gentst.log,../gen/Tst_pirTest/StreamInfLogReg_3/log/maketst.log,../gen/Tst_pirTest/StreamInfLogReg_3/log/runp2p.log,../gen/Tst_pirTest/StreamInfLogReg_3/log/runhybrid.log,True,,,13.568214446,,,,,,18,18,,,,,,,,,,,,,,,,,,,,,,,0:30.39,315,,True,False,True,0.0,0.0,0.0,0:00.23,,,,False,False,,,,,False
d7dd6ac3,d287e728,2019-07-16 14:12:21,StreamInfLogReg_4,pirTest,Tst,1000000000.0,../gen/Tst_pirTest/StreamInfLogReg_4/log/runproute.log,../gen/Tst_pirTest/StreamInfLogReg_4/log/runproute.sh,../gen/Tst_pirTest/StreamInfLogReg_4/plastisim/summary.csv,../gen/Tst_pirTest/StreamInfLogReg_4/pir/AccelMain.scala,../gen/Tst_pirTest/StreamInfLogReg_4/log/,../gen/Tst_pirTest/StreamInfLogReg_4/log/gentst.log,../gen/Tst_pirTest/StreamInfLogReg_4/log/maketst.log,../gen/Tst_pirTest/StreamInfLogReg_4/log/runp2p.log,../gen/Tst_pirTest/StreamInfLogReg_4/log/runhybrid.log,True,,,16.959630614,,,,,,18,18,,,,,,,,,,,,,,,,,,,,,,,0:36.92,194,,True,False,True,0.0,0.0,0.0,0:00.36,,,,False,False,,,,,False
d7dd6ac3,d287e728,2019-07-16 14:12:21,StreamInfLogReg_5,pirTest,Tst,1000000000.0,../gen/Tst_pirTest/StreamInfLogReg_5/log/runproute.log,../gen/Tst_pirTest/StreamInfLogReg_5/log/runproute.sh,../gen/Tst_pirTest/StreamInfLogReg_5/plastisim/summary.csv,../gen/Tst_pirTest/StreamInfLogReg_5/pir/AccelMain.scala,../gen/Tst_pirTest/StreamInfLogReg_5/log/,../gen/Tst_pirTest/StreamInfLogReg_5/log/gentst.log,../gen/Tst_pirTest/StreamInfLogReg_5/log/maketst.log,../gen/Tst_pirTest/StreamInfLogReg_5/log/runp2p.log,../gen/Tst_pirTest/StreamInfLogReg_5/log/runhybrid.log,True,,,15.61384211,,,,,,18,18,,,,,,,,,,,,,,,,,,,,,,,0:34.93,194,,True,False,True,0.0,0.0,0.0,0:00.31,,,,False,False,,,,,False
d7dd6ac3,d287e728,2019-07-16 14:12:21,StreamInfNN_0,pirTest,Tst,1000000000.0,../gen/Tst_pirTest/StreamInfNN_0/log/runproute.log,../gen/Tst_pirTest/StreamInfNN_0/log/runproute.sh,../gen/Tst_pirTest/StreamInfNN_0/plastisim/summary.csv,../gen/Tst_pirTest/StreamInfNN_0/pir/AccelMain.scala,../gen/Tst_pirTest/StreamInfNN_0/log/,../gen/Tst_pirTest/StreamInfNN_0/log/gentst.log,../gen/Tst_pirTest/StreamInfNN_0/log/maketst.log,../gen/Tst_pirTest/StreamInfNN_0/log/runp2p.log,../gen/Tst_pirTest/StreamInfNN_0/log/runhybrid.log,True,,,13.582275285,,,,,,18,18,,,,,,,,,,,,,,,,,,,,,,,0:34.48,4240,,True,False,True,0.0,0.0,0.0,0:00.67,,,,False,False,,,,,False
d7dd6ac3,d287e728,2019-07-16 14:12:21,StreamInfNN_1,pirTest,Tst,1000000000.0,../gen/Tst_pirTest/StreamInfNN_1/log/runproute.log,../gen/Tst_pirTest/StreamInfNN_1/log/runproute.sh,../gen/Tst_pirTest/StreamInfNN_1/plastisim/summary.csv,../gen/Tst_pirTest/StreamInfNN_1/pir/AccelMain.scala,../gen/Tst_pirTest/StreamInfNN_1/log/,../gen/Tst_pirTest/StreamInfNN_1/log/gentst.log,../gen/Tst_pirTest/StreamInfNN_1/log/maketst.log,../gen/Tst_pirTest/StreamInfNN_1/log/runp2p.log,../gen/Tst_pirTest/StreamInfNN_1/log/runhybrid.log,True,,,20.367304623,,,,,,18,18,,,,,,,,,,,,,,,,,,,,,,,0:43.28,2210,,True,False,True,0.0,0.0,0.0,0:00.74,,,,False,False,,,,,False
d7dd6ac3,d287e728,2019-07-16 14:12:21,StreamInfNN_2,pirTest,Tst,1000000000.0,../gen/Tst_pirTest/StreamInfNN_2/log/runproute.log,../gen/Tst_pirTest/StreamInfNN_2/log/runproute.sh,../gen/Tst_pirTest/StreamInfNN_2/plastisim/summary.csv,../gen/Tst_pirTest/StreamInfNN_2/pir/AccelMain.scala,../gen/Tst_pirTest/StreamInfNN_2/log/,../gen/Tst_pirTest/StreamInfNN_2/log/gentst.log,../gen/Tst_pirTest/StreamInfNN_2/log/maketst.log,../gen/Tst_pirTest/StreamInfNN_2/log/runp2p.log,../gen/Tst_pirTest/StreamInfNN_2/log/runhybrid.log,True,,,14.735110313,,,,,,18,18,,,,,,,,,,,,,,,,,,,,,,,0:28.87,57545,,True,False,True,0.0,0.0,0.0,0:04.60,,,,False,False,,,,,False
d7dd6ac3,d287e728,2019-07-16 14:12:21,StreamInfNN_3,pirTest,Tst,1000000000.0,../gen/Tst_pirTest/StreamInfNN_3/log/runproute.log,../gen/Tst_pirTest/StreamInfNN_3/log/runproute.sh,../gen/Tst_pirTest/StreamInfNN_3/plastisim/summary.csv,../gen/Tst_pirTest/StreamInfNN_3/pir/AccelMain.scala,../gen/Tst_pirTest/StreamInfNN_3/log/,../gen/Tst_pirTest/StreamInfNN_3/log/gentst.log,../gen/Tst_pirTest/StreamInfNN_3/log/maketst.log,../gen/Tst_pirTest/StreamInfNN_3/log/runp2p.log,../gen/Tst_pirTest/StreamInfNN_3/log/runhybrid.log,True,,,22.819726023,,,,,,18,18,,,,,,,,,,,,,,,,,,,,,,,0:45.97,28833,,True,False,True,0.0,0.0,0.0,0:06.22,,,,False,False,,,,,False
d7dd6ac3,d287e728,2019-07-16 14:12:21,StreamInfNN_4,pirTest,Tst,1000000000.0,../gen/Tst_pirTest/StreamInfNN_4/log/runproute.log,../gen/Tst_pirTest/StreamInfNN_4/log/runproute.sh,../gen/Tst_pirTest/StreamInfNN_4/plastisim/summary.csv,../gen/Tst_pirTest/StreamInfNN_4/pir/AccelMain.scala,../gen/Tst_pirTest/StreamInfNN_4/log/,../gen/Tst_pirTest/StreamInfNN_4/log/gentst.log,../gen/Tst_pirTest/StreamInfNN_4/log/maketst.log,../gen/Tst_pirTest/StreamInfNN_4/log/runp2p.log,../gen/Tst_pirTest/StreamInfNN_4/log/runhybrid.log,True,,,36.791967344,,,,,,18,18,,,,,,,,,,,,,,,,,,,,,,,1:01.25,14508,,True,False,True,0.0,0.0,0.0,0:07.27,,,,False,False,,,,,False
d7dd6ac3,d287e728,2019-07-16 14:12:21,StreamInfNN_5,pirTest,Tst,1000000000.0,../gen/Tst_pirTest/StreamInfNN_5/log/runproute.log,../gen/Tst_pirTest/StreamInfNN_5/log/runproute.sh,../gen/Tst_pirTest/StreamInfNN_5/plastisim/summary.csv,../gen/Tst_pirTest/StreamInfNN_5/pir/AccelMain.scala,../gen/Tst_pirTest/StreamInfNN_5/log/,../gen/Tst_pirTest/StreamInfNN_5/log/gentst.log,../gen/Tst_pirTest/StreamInfNN_5/log/maketst.log,../gen/Tst_pirTest/StreamInfNN_5/log/runp2p.log,../gen/Tst_pirTest/StreamInfNN_5/log/runhybrid.log,True,,,18.24246654,,,,,,18,18,,,,,,,,,,,,,,,,,,,,,,,0:39.92,358,,True,False,True,0.0,0.0,0.0,0:00.29,,,,False,False,,,,,False
d7dd6ac3,d287e728,2019-07-16 14:12:21,StreamInfNN_6,pirTest,Tst,1000000000.0,../gen/Tst_pirTest/StreamInfNN_6/log/runproute.log,../gen/Tst_pirTest/StreamInfNN_6/log/runproute.sh,../gen/Tst_pirTest/StreamInfNN_6/plastisim/summary.csv,../gen/Tst_pirTest/StreamInfNN_6/pir/AccelMain.scala,../gen/Tst_pirTest/StreamInfNN_6/log/,../gen/Tst_pirTest/StreamInfNN_6/log/gentst.log,../gen/Tst_pirTest/StreamInfNN_6/log/maketst.log,../gen/Tst_pirTest/StreamInfNN_6/log/runp2p.log,../gen/Tst_pirTest/StreamInfNN_6/log/runhybrid.log,True,,,13.327369288,,,,,,18,18,,,,,,,,,,,,,,,,,,,,,,,0:27.30,4249,,True,False,True,0.0,0.0,0.0,0:00.62,,,,False,False,,,,,False
d7dd6ac3,d287e728,2019-07-16 14:12:21,StreamInfSVM_0,pirTest,Tst,1000000000.0,../gen/Tst_pirTest/StreamInfSVM_0/log/runproute.log,../gen/Tst_pirTest/StreamInfSVM_0/log/runproute.sh,../gen/Tst_pirTest/StreamInfSVM_0/plastisim/summary.csv,../gen/Tst_pirTest/StreamInfSVM_0/pir/AccelMain.scala,../gen/Tst_pirTest/StreamInfSVM_0/log/,../gen/Tst_pirTest/StreamInfSVM_0/log/gentst.log,../gen/Tst_pirTest/StreamInfSVM_0/log/maketst.log,../gen/Tst_pirTest/StreamInfSVM_0/log/runp2p.log,../gen/Tst_pirTest/StreamInfSVM_0/log/runhybrid.log,True,,,12.979040646,,,,,,18,18,,,,,,,,,,,,,,,,,,,,,,,0:33.96,3658,,True,False,True,0.0,0.0,0.0,0:00.52,,,,False,False,,,,,False
d7dd6ac3,d287e728,2019-07-16 14:12:21,StreamInfSVM_1,pirTest,Tst,1000000000.0,../gen/Tst_pirTest/StreamInfSVM_1/log/runproute.log,../gen/Tst_pirTest/StreamInfSVM_1/log/runproute.sh,../gen/Tst_pirTest/StreamInfSVM_1/plastisim/summary.csv,../gen/Tst_pirTest/StreamInfSVM_1/pir/AccelMain.scala,../gen/Tst_pirTest/StreamInfSVM_1/log/,../gen/Tst_pirTest/StreamInfSVM_1/log/gentst.log,../gen/Tst_pirTest/StreamInfSVM_1/log/maketst.log,../gen/Tst_pirTest/StreamInfSVM_1/log/runp2p.log,../gen/Tst_pirTest/StreamInfSVM_1/log/runhybrid.log,True,,,16.465436802,,,,,,18,18,,,,,,,,,,,,,,,,,,,,,,,0:39.21,1881,,True,False,True,0.0,0.0,0.0,0:00.67,,,,False,False,,,,,False
d7dd6ac3,d287e728,2019-07-16 14:12:21,StreamInfSVM_3,pirTest,Tst,1000000000.0,../gen/Tst_pirTest/StreamInfSVM_3/log/runproute.log,../gen/Tst_pirTest/StreamInfSVM_3/log/runproute.sh,../gen/Tst_pirTest/StreamInfSVM_3/plastisim/summary.csv,../gen/Tst_pirTest/StreamInfSVM_3/pir/AccelMain.scala,../gen/Tst_pirTest/StreamInfSVM_3/log/,../gen/Tst_pirTest/StreamInfSVM_3/log/gentst.log,../gen/Tst_pirTest/StreamInfSVM_3/log/maketst.log,../gen/Tst_pirTest/StreamInfSVM_3/log/runp2p.log,../gen/Tst_pirTest/StreamInfSVM_3/log/runhybrid.log,True,,,13.933450866,,,,,,18,18,,,,,,,,,,,,,,,,,,,,,,,0:33.16,3659,,True,False,True,0.0,0.0,0.0,0:00.64,,,,False,False,,,,,False
d7dd6ac3,d287e728,2019-07-16 14:12:21,StreamInfSVM_4,pirTest,Tst,1000000000.0,../gen/Tst_pirTest/StreamInfSVM_4/log/runproute.log,../gen/Tst_pirTest/StreamInfSVM_4/log/runproute.sh,../gen/Tst_pirTest/StreamInfSVM_4/plastisim/summary.csv,../gen/Tst_pirTest/StreamInfSVM_4/pir/AccelMain.scala,../gen/Tst_pirTest/StreamInfSVM_4/log/,../gen/Tst_pirTest/StreamInfSVM_4/log/gentst.log,../gen/Tst_pirTest/StreamInfSVM_4/log/maketst.log,../gen/Tst_pirTest/StreamInfSVM_4/log/runp2p.log,../gen/Tst_pirTest/StreamInfSVM_4/log/runhybrid.log,True,,,18.035846169,,,,,,18,18,,,,,,,,,,,,,,,,,,,,,,,0:38.60,1891,,True,False,True,0.0,0.0,0.0,0:00.57,,,,False,False,,,,,False
d7dd6ac3,d287e728,2019-07-16 14:12:21,StreamInfSVM_5,pirTest,Tst,1000000000.0,../gen/Tst_pirTest/StreamInfSVM_5/log/runproute.log,../gen/Tst_pirTest/StreamInfSVM_5/log/runproute.sh,../gen/Tst_pirTest/StreamInfSVM_5/plastisim/summary.csv,../gen/Tst_pirTest/StreamInfSVM_5/pir/AccelMain.scala,../gen/Tst_pirTest/StreamInfSVM_5/log/,../gen/Tst_pirTest/StreamInfSVM_5/log/gentst.log,../gen/Tst_pirTest/StreamInfSVM_5/log/maketst.log,../gen/Tst_pirTest/StreamInfSVM_5/log/runp2p.log,../gen/Tst_pirTest/StreamInfSVM_5/log/runhybrid.log,True,,,20.842269156,,,,,,18,18,,,,,,,,,,,,,,,,,,,,,,,0:43.01,981,,True,False,True,0.0,0.0,0.0,0:00.49,,,,False,False,,,,,False
d7dd6ac3,d287e728,2019-07-16 14:12:21,StreamSumFields_0,pirTest,Tst,1000000000.0,../gen/Tst_pirTest/StreamSumFields_0/log/runproute.log,../gen/Tst_pirTest/StreamSumFields_0/log/runproute.sh,../gen/Tst_pirTest/StreamSumFields_0/plastisim/summary.csv,../gen/Tst_pirTest/StreamSumFields_0/pir/AccelMain.scala,../gen/Tst_pirTest/StreamSumFields_0/log/,../gen/Tst_pirTest/StreamSumFields_0/log/gentst.log,../gen/Tst_pirTest/StreamSumFields_0/log/maketst.log,../gen/Tst_pirTest/StreamSumFields_0/log/runp2p.log,../gen/Tst_pirTest/StreamSumFields_0/log/runhybrid.log,True,,,11.178045238,,,,,,18,18,,,,,,,,,,,,,,,,,,,,,,,0:27.60,177,,True,False,True,0.0,0.0,0.0,0:00.31,,,,False,False,,,,,False
d7dd6ac3,d287e728,2019-07-16 14:12:21,StreamSumFields_1,pirTest,Tst,1000000000.0,../gen/Tst_pirTest/StreamSumFields_1/log/runproute.log,../gen/Tst_pirTest/StreamSumFields_1/log/runproute.sh,../gen/Tst_pirTest/StreamSumFields_1/plastisim/summary.csv,../gen/Tst_pirTest/StreamSumFields_1/pir/AccelMain.scala,../gen/Tst_pirTest/StreamSumFields_1/log/,../gen/Tst_pirTest/StreamSumFields_1/log/gentst.log,../gen/Tst_pirTest/StreamSumFields_1/log/maketst.log,../gen/Tst_pirTest/StreamSumFields_1/log/runp2p.log,../gen/Tst_pirTest/StreamSumFields_1/log/runhybrid.log,True,,,12.998739955,,,,,,18,18,,,,,,,,,,,,,,,,,,,,,,,0:30.86,298,,True,False,True,0.0,0.0,0.0,0:00.32,,,,False,False,,,,,False
d7dd6ac3,d287e728,2019-07-16 14:12:21,StreamTrainLogReg_0,pirTest,Tst,1000000000.0,../gen/Tst_pirTest/StreamTrainLogReg_0/log/runproute.log,../gen/Tst_pirTest/StreamTrainLogReg_0/log/runproute.sh,../gen/Tst_pirTest/StreamTrainLogReg_0/plastisim/summary.csv,../gen/Tst_pirTest/StreamTrainLogReg_0/pir/AccelMain.scala,../gen/Tst_pirTest/StreamTrainLogReg_0/log/,../gen/Tst_pirTest/StreamTrainLogReg_0/log/gentst.log,../gen/Tst_pirTest/StreamTrainLogReg_0/log/maketst.log,../gen/Tst_pirTest/StreamTrainLogReg_0/log/runp2p.log,../gen/Tst_pirTest/StreamTrainLogReg_0/log/runhybrid.log,True,,,,,,,,,,,,,,,,,,,,,,,,,,,,,,,,,,,,,False,False,,,,,,,,False,False,,,,,False
d7dd6ac3,d287e728,2019-07-16 14:12:21,StreamTrainTest_0,pirTest,Tst,1000000000.0,../gen/Tst_pirTest/StreamTrainTest_0/log/runproute.log,../gen/Tst_pirTest/StreamTrainTest_0/log/runproute.sh,../gen/Tst_pirTest/StreamTrainTest_0/plastisim/summary.csv,../gen/Tst_pirTest/StreamTrainTest_0/pir/AccelMain.scala,../gen/Tst_pirTest/StreamTrainTest_0/log/,../gen/Tst_pirTest/StreamTrainTest_0/log/gentst.log,../gen/Tst_pirTest/StreamTrainTest_0/log/maketst.log,../gen/Tst_pirTest/StreamTrainTest_0/log/runp2p.log,../gen/Tst_pirTest/StreamTrainTest_0/log/runhybrid.log,True,,,14.267622502,,,,,,18,18,,,,,,,,,,,,,,,,,,,,,,,0:36.56,2151,,True,False,True,0.0,0.476,0.476,0:00.54,,,,False,False,,,,,False
d7dd6ac3,d287e728,2019-07-16 14:12:21,SumSquare_0,pirTest,Tst,1000000000.0,../gen/Tst_pirTest/SumSquare_0/log/runproute.log,../gen/Tst_pirTest/SumSquare_0/log/runproute.sh,../gen/Tst_pirTest/SumSquare_0/plastisim/summary.csv,../gen/Tst_pirTest/SumSquare_0/pir/AccelMain.scala,../gen/Tst_pirTest/SumSquare_0/log/,../gen/Tst_pirTest/SumSquare_0/log/gentst.log,../gen/Tst_pirTest/SumSquare_0/log/maketst.log,../gen/Tst_pirTest/SumSquare_0/log/runp2p.log,../gen/Tst_pirTest/SumSquare_0/log/runhybrid.log,True,,,7.070308976,,,,,,18,18,,,,,,,,,,,,,,,,,,,,,,,0:20.44,237,,True,False,True,0.0,0.0,0.0,0:00.25,,,,False,False,,,,,False
d7dd6ac3,d287e728,2019-07-16 14:12:21,SumSquare_1,pirTest,Tst,1000000000.0,../gen/Tst_pirTest/SumSquare_1/log/runproute.log,../gen/Tst_pirTest/SumSquare_1/log/runproute.sh,../gen/Tst_pirTest/SumSquare_1/plastisim/summary.csv,../gen/Tst_pirTest/SumSquare_1/pir/AccelMain.scala,../gen/Tst_pirTest/SumSquare_1/log/,../gen/Tst_pirTest/SumSquare_1/log/gentst.log,../gen/Tst_pirTest/SumSquare_1/log/maketst.log,../gen/Tst_pirTest/SumSquare_1/log/runp2p.log,../gen/Tst_pirTest/SumSquare_1/log/runhybrid.log,True,,,7.669817054,,,,,,18,18,,,,,,,,,,,,,,,,,,,,,,,0:20.69,1042,,True,False,True,0.0,0.0,0.0,0:00.20,,,,False,False,,,,,False
d7dd6ac3,d287e728,2019-07-16 14:12:21,SumSquare_2,pirTest,Tst,1000000000.0,../gen/Tst_pirTest/SumSquare_2/log/runproute.log,../gen/Tst_pirTest/SumSquare_2/log/runproute.sh,../gen/Tst_pirTest/SumSquare_2/plastisim/summary.csv,../gen/Tst_pirTest/SumSquare_2/pir/AccelMain.scala,../gen/Tst_pirTest/SumSquare_2/log/,../gen/Tst_pirTest/SumSquare_2/log/gentst.log,../gen/Tst_pirTest/SumSquare_2/log/maketst.log,../gen/Tst_pirTest/SumSquare_2/log/runp2p.log,../gen/Tst_pirTest/SumSquare_2/log/runhybrid.log,True,,,6.43363144,,,,,,18,18,,,,,,,,,,,,,,,,,,,,,,,0:19.10,370,,True,False,True,0.0,0.0,0.0,0:00.26,,,,False,False,,,,,False
d7dd6ac3,d287e728,2019-07-16 14:12:21,SumSquare_3,pirTest,Tst,1000000000.0,../gen/Tst_pirTest/SumSquare_3/log/runproute.log,../gen/Tst_pirTest/SumSquare_3/log/runproute.sh,../gen/Tst_pirTest/SumSquare_3/plastisim/summary.csv,../gen/Tst_pirTest/SumSquare_3/pir/AccelMain.scala,../gen/Tst_pirTest/SumSquare_3/log/,../gen/Tst_pirTest/SumSquare_3/log/gentst.log,../gen/Tst_pirTest/SumSquare_3/log/maketst.log,../gen/Tst_pirTest/SumSquare_3/log/runp2p.log,../gen/Tst_pirTest/SumSquare_3/log/runhybrid.log,True,,,8.313164965,,,,,,18,18,,,,,,,,,,,,,,,,,,,,,,,0:22.91,530,,True,False,True,0.0,0.0,0.0,0:00.30,,,,False,False,,,,,False
d7dd6ac3,d287e728,2019-07-16 14:12:21,SumSquare_5,pirTest,Tst,1000000000.0,../gen/Tst_pirTest/SumSquare_5/log/runproute.log,../gen/Tst_pirTest/SumSquare_5/log/runproute.sh,../gen/Tst_pirTest/SumSquare_5/plastisim/summary.csv,../gen/Tst_pirTest/SumSquare_5/pir/AccelMain.scala,../gen/Tst_pirTest/SumSquare_5/log/,../gen/Tst_pirTest/SumSquare_5/log/gentst.log,../gen/Tst_pirTest/SumSquare_5/log/maketst.log,../gen/Tst_pirTest/SumSquare_5/log/runp2p.log,../gen/Tst_pirTest/SumSquare_5/log/runhybrid.log,True,,,7.662055862,,,,,,18,18,,,,,,,,,,,,,,,,,,,,,,,0:22.95,194,,True,False,True,0.0,0.0,0.0,0:00.29,,,,False,False,,,,,False
d7dd6ac3,d287e728,2019-07-16 14:12:21,TPCHQ6_0,pirTest,Tst,1000000000.0,../gen/Tst_pirTest/TPCHQ6_0/log/runproute.log,../gen/Tst_pirTest/TPCHQ6_0/log/runproute.sh,../gen/Tst_pirTest/TPCHQ6_0/plastisim/summary.csv,../gen/Tst_pirTest/TPCHQ6_0/pir/AccelMain.scala,../gen/Tst_pirTest/TPCHQ6_0/log/,../gen/Tst_pirTest/TPCHQ6_0/log/gentst.log,../gen/Tst_pirTest/TPCHQ6_0/log/maketst.log,../gen/Tst_pirTest/TPCHQ6_0/log/runp2p.log,../gen/Tst_pirTest/TPCHQ6_0/log/runhybrid.log,True,,,14.786508934,,,,,,18,18,,,,,,,,,,,,,,,,,,,,,,,0:36.26,425,,True,False,True,0.0,38.551,0.0,0:00.31,,,,False,False,,,,,False
d7dd6ac3,d287e728,2019-07-16 14:12:21,TPCHQ6_1,pirTest,Tst,1000000000.0,../gen/Tst_pirTest/TPCHQ6_1/log/runproute.log,../gen/Tst_pirTest/TPCHQ6_1/log/runproute.sh,../gen/Tst_pirTest/TPCHQ6_1/plastisim/summary.csv,../gen/Tst_pirTest/TPCHQ6_1/pir/AccelMain.scala,../gen/Tst_pirTest/TPCHQ6_1/log/,../gen/Tst_pirTest/TPCHQ6_1/log/gentst.log,../gen/Tst_pirTest/TPCHQ6_1/log/maketst.log,../gen/Tst_pirTest/TPCHQ6_1/log/runp2p.log,../gen/Tst_pirTest/TPCHQ6_1/log/runhybrid.log,True,,,14.195857549,,,,,,18,18,,,,,,,,,,,,,,,,,,,,,,,0:30.60,3906,,True,False,True,0.0,4.195,0.0,0:00.47,,,,False,False,,,,,False
d7dd6ac3,d287e728,2019-07-16 14:12:21,TPCHQ6_2,pirTest,Tst,1000000000.0,../gen/Tst_pirTest/TPCHQ6_2/log/runproute.log,../gen/Tst_pirTest/TPCHQ6_2/log/runproute.sh,../gen/Tst_pirTest/TPCHQ6_2/plastisim/summary.csv,../gen/Tst_pirTest/TPCHQ6_2/pir/AccelMain.scala,../gen/Tst_pirTest/TPCHQ6_2/log/,../gen/Tst_pirTest/TPCHQ6_2/log/gentst.log,../gen/Tst_pirTest/TPCHQ6_2/log/maketst.log,../gen/Tst_pirTest/TPCHQ6_2/log/runp2p.log,../gen/Tst_pirTest/TPCHQ6_2/log/runhybrid.log,True,,,20.376580495,,,,,,18,18,,,,,,,,,,,,,,,,,,,,,,,0:51.88,440,,True,False,True,0.0,37.236,0.0,0:00.44,,,,False,False,,,,,False
d7dd6ac3,d287e728,2019-07-16 14:12:21,TPCHQ6_3,pirTest,Tst,1000000000.0,../gen/Tst_pirTest/TPCHQ6_3/log/runproute.log,../gen/Tst_pirTest/TPCHQ6_3/log/runproute.sh,../gen/Tst_pirTest/TPCHQ6_3/plastisim/summary.csv,../gen/Tst_pirTest/TPCHQ6_3/pir/AccelMain.scala,../gen/Tst_pirTest/TPCHQ6_3/log/,../gen/Tst_pirTest/TPCHQ6_3/log/gentst.log,../gen/Tst_pirTest/TPCHQ6_3/log/maketst.log,../gen/Tst_pirTest/TPCHQ6_3/log/runp2p.log,../gen/Tst_pirTest/TPCHQ6_3/log/runhybrid.log,True,,,18.918044063,,,,,,18,18,,,,,,,,,,,,,,,,,,,,,,,0:33.68,2044,,True,False,True,0.0,8.016,0.0,0:00.52,,,,False,False,,,,,False
d7dd6ac3,d287e728,2019-07-16 14:12:21,TPCHQ6_4,pirTest,Tst,1000000000.0,../gen/Tst_pirTest/TPCHQ6_4/log/runproute.log,../gen/Tst_pirTest/TPCHQ6_4/log/runproute.sh,../gen/Tst_pirTest/TPCHQ6_4/plastisim/summary.csv,../gen/Tst_pirTest/TPCHQ6_4/pir/AccelMain.scala,../gen/Tst_pirTest/TPCHQ6_4/log/,../gen/Tst_pirTest/TPCHQ6_4/log/gentst.log,../gen/Tst_pirTest/TPCHQ6_4/log/maketst.log,../gen/Tst_pirTest/TPCHQ6_4/log/runp2p.log,../gen/Tst_pirTest/TPCHQ6_4/log/runhybrid.log,True,,,36.953811189,,,,,,18,18,,,,,,,,,,,,,,,,,,,,,,,1:24.55,425,,True,False,True,0.0,38.551,0.0,0:00.50,,,,False,False,,,,,False
d7dd6ac3,d287e728,2019-07-16 14:12:21,VecTest,pirTest,Tst,1000000000.0,../gen/Tst_pirTest/VecTest/log/runproute.log,../gen/Tst_pirTest/VecTest/log/runproute.sh,../gen/Tst_pirTest/VecTest/plastisim/summary.csv,../gen/Tst_pirTest/VecTest/pir/AccelMain.scala,../gen/Tst_pirTest/VecTest/log/,../gen/Tst_pirTest/VecTest/log/gentst.log,../gen/Tst_pirTest/VecTest/log/maketst.log,../gen/Tst_pirTest/VecTest/log/runp2p.log,../gen/Tst_pirTest/VecTest/log/runhybrid.log,True,,,14.577999152,,,,,,18,18,,,,,,,,,,,,,,,,,,,,,,,0:37.18,589,,True,False,True,0.0,0.217,6.954,0:00.31,,,,False,False,,,,,False
