spatial_sha,pir_sha,time,app,project,backend,freq,runproute,proutesh,prouteSummary,AccelMain,logpath,gentst,resreport,maketst,runp2p,runhybrid,genpir,genpir_err,gentst_err,gentst_time,notFit,row,col,MC,DAG,PMU,PCU,MC_Total,DAG_Total,PMU_Total,PCU_Total,algo,pattern,slink,vlink,prtime,vcLimit,runproute_err,runproute_time,DynHopsVec,DynHopsScal,StatHopsVec,StatHopsScal,Score,NetVC,TotPkts,LinkLim,InjectLim,EjectLim,LongRoute,Q0Pct,Q0Lim,maketst_err,maketst_time,runp2p_cycle,runp2p_err,runp2p_pass,runp2p_deadlock,runp2p_complete,runp2p_dram_power,runp2p_rbw,runp2p_wbw,runp2p_time,runhybrid_cycle,runhybrid_err,runhybrid_pass,runhybrid_deadlock,runhybrid_complete,runhybrid_dram_power,runhybrid_rbw,runhybrid_wbw,runhybrid_time,runp2p_success,runhybrid_success,succeeded
0c1a01dc,cab9ac93,2019-08-04 00:43:10,BankEnable_0,pirTest,Tst,1000000000.0,../gen/Tst_pirTest/BankEnable_0/log/runproute.log,../gen/Tst_pirTest/BankEnable_0/log/runproute.sh,../gen/Tst_pirTest/BankEnable_0/plastisim/summary.csv,../gen/Tst_pirTest/BankEnable_0/pir/AccelMain.scala,../gen/Tst_pirTest/BankEnable_0/log/,../gen/Tst_pirTest/BankEnable_0/log/gentst.log,../gen/Tst_pirTest/BankEnable_0/pir/out/resource.csv,../gen/Tst_pirTest/BankEnable_0/log/maketst.log,../gen/Tst_pirTest/BankEnable_0/log/runp2p.log,../gen/Tst_pirTest/BankEnable_0/log/runhybrid.log,True,,,5.101825597,,18,18,,,,,,,,,,,,,,,,,,,,,,,,,,,,,,,0:18.27,76,,True,False,True,,0.0,1.68421,0:00.03,,,,False,False,,,,,True,False,True
0c1a01dc,cab9ac93,2019-08-04 00:43:10,BlackScholes_0,pirTest,Tst,1000000000.0,../gen/Tst_pirTest/BlackScholes_0/log/runproute.log,../gen/Tst_pirTest/BlackScholes_0/log/runproute.sh,../gen/Tst_pirTest/BlackScholes_0/plastisim/summary.csv,../gen/Tst_pirTest/BlackScholes_0/pir/AccelMain.scala,../gen/Tst_pirTest/BlackScholes_0/log/,../gen/Tst_pirTest/BlackScholes_0/log/gentst.log,../gen/Tst_pirTest/BlackScholes_0/pir/out/resource.csv,../gen/Tst_pirTest/BlackScholes_0/log/maketst.log,../gen/Tst_pirTest/BlackScholes_0/log/runp2p.log,../gen/Tst_pirTest/BlackScholes_0/log/runhybrid.log,True,,,23.052743105,,18,18,,,,,,,,,,,,,,,,,,,,,,,,,,,,,,,1:33.23,1066,,True,False,True,,23.0544,3.8424,0:00.70,,,,False,False,,,,,True,False,True
0c1a01dc,cab9ac93,2019-08-04 00:43:10,BlackScholes_1,pirTest,Tst,1000000000.0,../gen/Tst_pirTest/BlackScholes_1/log/runproute.log,../gen/Tst_pirTest/BlackScholes_1/log/runproute.sh,../gen/Tst_pirTest/BlackScholes_1/plastisim/summary.csv,../gen/Tst_pirTest/BlackScholes_1/pir/AccelMain.scala,../gen/Tst_pirTest/BlackScholes_1/log/,../gen/Tst_pirTest/BlackScholes_1/log/gentst.log,../gen/Tst_pirTest/BlackScholes_1/pir/out/resource.csv,../gen/Tst_pirTest/BlackScholes_1/log/maketst.log,../gen/Tst_pirTest/BlackScholes_1/log/runp2p.log,../gen/Tst_pirTest/BlackScholes_1/log/runhybrid.log,True,,,19.544164173,,18,18,,,,,,,,,,,,,,,,,,,,,,,,,,,,,,,0:54.58,13894,,True,False,True,,1.76882,0.294804,0:03.62,,,,False,False,,,,,True,False,True
0c1a01dc,cab9ac93,2019-08-04 00:43:10,BreakTest,pirTest,Tst,1000000000.0,../gen/Tst_pirTest/BreakTest/log/runproute.log,../gen/Tst_pirTest/BreakTest/log/runproute.sh,../gen/Tst_pirTest/BreakTest/plastisim/summary.csv,../gen/Tst_pirTest/BreakTest/pir/AccelMain.scala,../gen/Tst_pirTest/BreakTest/log/,../gen/Tst_pirTest/BreakTest/log/gentst.log,../gen/Tst_pirTest/BreakTest/pir/out/resource.csv,../gen/Tst_pirTest/BreakTest/log/maketst.log,../gen/Tst_pirTest/BreakTest/log/runp2p.log,../gen/Tst_pirTest/BreakTest/log/runhybrid.log,True,,,6.41481569,,18,18,,,,,,,,,,,,,,,,,,,,,,,,,,,,,,,0:27.04,87,,True,False,True,,0.0,0.0,0:00.30,,,,False,False,,,,,True,False,True
0c1a01dc,cab9ac93,2019-08-04 00:43:10,BreakTest2,pirTest,Tst,1000000000.0,../gen/Tst_pirTest/BreakTest2/log/runproute.log,../gen/Tst_pirTest/BreakTest2/log/runproute.sh,../gen/Tst_pirTest/BreakTest2/plastisim/summary.csv,../gen/Tst_pirTest/BreakTest2/pir/AccelMain.scala,../gen/Tst_pirTest/BreakTest2/log/,../gen/Tst_pirTest/BreakTest2/log/gentst.log,../gen/Tst_pirTest/BreakTest2/pir/out/resource.csv,../gen/Tst_pirTest/BreakTest2/log/maketst.log,../gen/Tst_pirTest/BreakTest2/log/runp2p.log,../gen/Tst_pirTest/BreakTest2/log/runhybrid.log,True,,,7.167172577,,18,18,,,,,,,,,,,,,,,,,,,,,,,,,,,,,,,0:26.58,23,,True,False,True,,0.0,0.0,0:00.37,,,,False,False,,,,,True,False,True
0c1a01dc,cab9ac93,2019-08-04 00:43:10,BroadcastTest,pirTest,Tst,1000000000.0,../gen/Tst_pirTest/BroadcastTest/log/runproute.log,../gen/Tst_pirTest/BroadcastTest/log/runproute.sh,../gen/Tst_pirTest/BroadcastTest/plastisim/summary.csv,../gen/Tst_pirTest/BroadcastTest/pir/AccelMain.scala,../gen/Tst_pirTest/BroadcastTest/log/,../gen/Tst_pirTest/BroadcastTest/log/gentst.log,../gen/Tst_pirTest/BroadcastTest/pir/out/resource.csv,../gen/Tst_pirTest/BroadcastTest/log/maketst.log,../gen/Tst_pirTest/BroadcastTest/log/runp2p.log,../gen/Tst_pirTest/BroadcastTest/log/runhybrid.log,True,,,14.195132559,,18,18,,,,,,,,,,,,,,,,,,,,,,,,,,,,,,,0:38.11,294,,True,False,True,,0.435374,13.932,0:00.37,,,,False,False,,,,,True,False,True
0c1a01dc,cab9ac93,2019-08-04 00:43:10,DotProduct_0,pirTest,Tst,1000000000.0,../gen/Tst_pirTest/DotProduct_0/log/runproute.log,../gen/Tst_pirTest/DotProduct_0/log/runproute.sh,../gen/Tst_pirTest/DotProduct_0/plastisim/summary.csv,../gen/Tst_pirTest/DotProduct_0/pir/AccelMain.scala,../gen/Tst_pirTest/DotProduct_0/log/,../gen/Tst_pirTest/DotProduct_0/log/gentst.log,../gen/Tst_pirTest/DotProduct_0/pir/out/resource.csv,../gen/Tst_pirTest/DotProduct_0/log/maketst.log,../gen/Tst_pirTest/DotProduct_0/log/runp2p.log,../gen/Tst_pirTest/DotProduct_0/log/runhybrid.log,True,,,10.970561513,,18,18,,,,,,,,,,,,,,,,,,,,,,,,,,,,,,,0:31.63,299,,True,False,True,,27.398,0.0,0:00.30,,,,False,False,,,,,True,False,True
0c1a01dc,cab9ac93,2019-08-04 00:43:10,DotProduct_1,pirTest,Tst,1000000000.0,../gen/Tst_pirTest/DotProduct_1/log/runproute.log,../gen/Tst_pirTest/DotProduct_1/log/runproute.sh,../gen/Tst_pirTest/DotProduct_1/plastisim/summary.csv,../gen/Tst_pirTest/DotProduct_1/pir/AccelMain.scala,../gen/Tst_pirTest/DotProduct_1/log/,../gen/Tst_pirTest/DotProduct_1/log/gentst.log,../gen/Tst_pirTest/DotProduct_1/pir/out/resource.csv,../gen/Tst_pirTest/DotProduct_1/log/maketst.log,../gen/Tst_pirTest/DotProduct_1/log/runp2p.log,../gen/Tst_pirTest/DotProduct_1/log/runhybrid.log,True,,,10.04789254,,18,18,,,,,,,,,,,,,,,,,,,,,,,,,,,,,,,0:29.74,1131,,True,False,True,,7.24315,0.0,0:00.29,,,,False,False,,,,,True,False,True
0c1a01dc,cab9ac93,2019-08-04 00:43:10,DotProduct_2,pirTest,Tst,1000000000.0,../gen/Tst_pirTest/DotProduct_2/log/runproute.log,../gen/Tst_pirTest/DotProduct_2/log/runproute.sh,../gen/Tst_pirTest/DotProduct_2/plastisim/summary.csv,../gen/Tst_pirTest/DotProduct_2/pir/AccelMain.scala,../gen/Tst_pirTest/DotProduct_2/log/,../gen/Tst_pirTest/DotProduct_2/log/gentst.log,../gen/Tst_pirTest/DotProduct_2/pir/out/resource.csv,../gen/Tst_pirTest/DotProduct_2/log/maketst.log,../gen/Tst_pirTest/DotProduct_2/log/runp2p.log,../gen/Tst_pirTest/DotProduct_2/log/runhybrid.log,True,,,13.834290498,,18,18,,,,,,,,,,,,,,,,,,,,,,,,,,,,,,,0:37.06,624,,True,False,True,,13.1282,0.0,0:00.35,,,,False,False,,,,,True,False,True
0c1a01dc,cab9ac93,2019-08-04 00:43:10,DotProduct_3,pirTest,Tst,1000000000.0,../gen/Tst_pirTest/DotProduct_3/log/runproute.log,../gen/Tst_pirTest/DotProduct_3/log/runproute.sh,../gen/Tst_pirTest/DotProduct_3/plastisim/summary.csv,../gen/Tst_pirTest/DotProduct_3/pir/AccelMain.scala,../gen/Tst_pirTest/DotProduct_3/log/,../gen/Tst_pirTest/DotProduct_3/log/gentst.log,../gen/Tst_pirTest/DotProduct_3/pir/out/resource.csv,../gen/Tst_pirTest/DotProduct_3/log/maketst.log,../gen/Tst_pirTest/DotProduct_3/log/runp2p.log,../gen/Tst_pirTest/DotProduct_3/log/runhybrid.log,True,,,12.831611064,,18,18,,,,,,,,,,,,,,,,,,,,,,,,,,,,,,,0:34.95,234,,True,False,True,,35.0085,0.0,0:00.28,,,,False,False,,,,,True,False,True
0c1a01dc,cab9ac93,2019-08-04 00:43:10,DotProduct_4,pirTest,Tst,1000000000.0,../gen/Tst_pirTest/DotProduct_4/log/runproute.log,../gen/Tst_pirTest/DotProduct_4/log/runproute.sh,../gen/Tst_pirTest/DotProduct_4/plastisim/summary.csv,../gen/Tst_pirTest/DotProduct_4/pir/AccelMain.scala,../gen/Tst_pirTest/DotProduct_4/log/,../gen/Tst_pirTest/DotProduct_4/log/gentst.log,../gen/Tst_pirTest/DotProduct_4/pir/out/resource.csv,../gen/Tst_pirTest/DotProduct_4/log/maketst.log,../gen/Tst_pirTest/DotProduct_4/log/runp2p.log,../gen/Tst_pirTest/DotProduct_4/log/runhybrid.log,True,,,31.735997668,,18,18,,,,,,,,,,,,,,,,,,,,,,,,,,,,,,,0:52.49,252,,True,False,True,,32.5079,0.0,0:00.27,,,,False,False,,,,,True,False,True
0c1a01dc,cab9ac93,2019-08-04 00:43:10,DotProduct_5,pirTest,Tst,1000000000.0,../gen/Tst_pirTest/DotProduct_5/log/runproute.log,../gen/Tst_pirTest/DotProduct_5/log/runproute.sh,../gen/Tst_pirTest/DotProduct_5/plastisim/summary.csv,../gen/Tst_pirTest/DotProduct_5/pir/AccelMain.scala,../gen/Tst_pirTest/DotProduct_5/log/,../gen/Tst_pirTest/DotProduct_5/log/gentst.log,../gen/Tst_pirTest/DotProduct_5/pir/out/resource.csv,../gen/Tst_pirTest/DotProduct_5/log/maketst.log,../gen/Tst_pirTest/DotProduct_5/log/runp2p.log,../gen/Tst_pirTest/DotProduct_5/log/runhybrid.log,True,,,16.626330596,,18,18,,,,,,,,,,,,,,,,,,,,,,,,,,,,,,,0:43.91,239,,True,False,True,,35.3473,0.0,0:00.32,,,,False,False,,,,,True,False,True
0c1a01dc,cab9ac93,2019-08-04 00:43:10,GDA_0,pirTest,Tst,1000000000.0,../gen/Tst_pirTest/GDA_0/log/runproute.log,../gen/Tst_pirTest/GDA_0/log/runproute.sh,../gen/Tst_pirTest/GDA_0/plastisim/summary.csv,../gen/Tst_pirTest/GDA_0/pir/AccelMain.scala,../gen/Tst_pirTest/GDA_0/log/,../gen/Tst_pirTest/GDA_0/log/gentst.log,../gen/Tst_pirTest/GDA_0/pir/out/resource.csv,../gen/Tst_pirTest/GDA_0/log/maketst.log,../gen/Tst_pirTest/GDA_0/log/runp2p.log,../gen/Tst_pirTest/GDA_0/log/runhybrid.log,True,,,19.955358259,,18,18,,,,,,,,,,,,,,,,,,,,,,,,,,,,,,,0:55.49,270584,,True,False,True,,0.491973,0.242202,0:31.59,,,,False,False,,,,,True,False,True
0c1a01dc,cab9ac93,2019-08-04 00:43:10,GDA_1,pirTest,Tst,1000000000.0,../gen/Tst_pirTest/GDA_1/log/runproute.log,../gen/Tst_pirTest/GDA_1/log/runproute.sh,../gen/Tst_pirTest/GDA_1/plastisim/summary.csv,../gen/Tst_pirTest/GDA_1/pir/AccelMain.scala,../gen/Tst_pirTest/GDA_1/log/,../gen/Tst_pirTest/GDA_1/log/gentst.log,../gen/Tst_pirTest/GDA_1/pir/out/resource.csv,../gen/Tst_pirTest/GDA_1/log/maketst.log,../gen/Tst_pirTest/GDA_1/log/runp2p.log,../gen/Tst_pirTest/GDA_1/log/runhybrid.log,True,,,20.864064774,,18,18,,,,,,,,,,,,,,,,,,,,,,,,,,,,,,,0:58.07,5406,,True,False,True,,1.61006,0.757677,0:01.13,,,,False,False,,,,,True,False,True
0c1a01dc,cab9ac93,2019-08-04 00:43:10,GDA_14,pirTest,Tst,1000000000.0,../gen/Tst_pirTest/GDA_14/log/runproute.log,../gen/Tst_pirTest/GDA_14/log/runproute.sh,../gen/Tst_pirTest/GDA_14/plastisim/summary.csv,../gen/Tst_pirTest/GDA_14/pir/AccelMain.scala,../gen/Tst_pirTest/GDA_14/log/,../gen/Tst_pirTest/GDA_14/log/gentst.log,../gen/Tst_pirTest/GDA_14/pir/out/resource.csv,../gen/Tst_pirTest/GDA_14/log/maketst.log,../gen/Tst_pirTest/GDA_14/log/runp2p.log,../gen/Tst_pirTest/GDA_14/log/runhybrid.log,True,,,44.191436334,,18,18,,,,,,,,,,,,,,,,,,,,,,,,,,,,,,,1:07.81,137200,,True,False,True,,0.970262,0.477668,0:40.61,,,,False,False,,,,,True,False,True
0c1a01dc,cab9ac93,2019-08-04 00:43:10,GDA_2,pirTest,Tst,1000000000.0,../gen/Tst_pirTest/GDA_2/log/runproute.log,../gen/Tst_pirTest/GDA_2/log/runproute.sh,../gen/Tst_pirTest/GDA_2/plastisim/summary.csv,../gen/Tst_pirTest/GDA_2/pir/AccelMain.scala,../gen/Tst_pirTest/GDA_2/log/,../gen/Tst_pirTest/GDA_2/log/gentst.log,../gen/Tst_pirTest/GDA_2/pir/out/resource.csv,../gen/Tst_pirTest/GDA_2/log/maketst.log,../gen/Tst_pirTest/GDA_2/log/runp2p.log,../gen/Tst_pirTest/GDA_2/log/runhybrid.log,True,,,30.020418986,,18,18,,,,,,,,,,,,,,,,,,,,,,,,,,,,,,,1:15.29,2917,,True,False,True,,2.98389,1.40418,0:00.82,,,,False,False,,,,,True,False,True
0c1a01dc,cab9ac93,2019-08-04 00:43:10,GDA_3,pirTest,Tst,1000000000.0,../gen/Tst_pirTest/GDA_3/log/runproute.log,../gen/Tst_pirTest/GDA_3/log/runproute.sh,../gen/Tst_pirTest/GDA_3/plastisim/summary.csv,../gen/Tst_pirTest/GDA_3/pir/AccelMain.scala,../gen/Tst_pirTest/GDA_3/log/,../gen/Tst_pirTest/GDA_3/log/gentst.log,../gen/Tst_pirTest/GDA_3/pir/out/resource.csv,../gen/Tst_pirTest/GDA_3/log/maketst.log,../gen/Tst_pirTest/GDA_3/log/runp2p.log,../gen/Tst_pirTest/GDA_3/log/runhybrid.log,True,,,26.184737544,,18,18,,,,,,,,,,,,,,,,,,,,,,,,,,,,,,,1:04.96,5362,,True,False,True,,1.62327,0.763894,0:01.46,,,,False,False,,,,,True,False,True
0c1a01dc,cab9ac93,2019-08-04 00:43:10,GDA_4,pirTest,Tst,1000000000.0,../gen/Tst_pirTest/GDA_4/log/runproute.log,../gen/Tst_pirTest/GDA_4/log/runproute.sh,../gen/Tst_pirTest/GDA_4/plastisim/summary.csv,../gen/Tst_pirTest/GDA_4/pir/AccelMain.scala,../gen/Tst_pirTest/GDA_4/log/,../gen/Tst_pirTest/GDA_4/log/gentst.log,../gen/Tst_pirTest/GDA_4/pir/out/resource.csv,../gen/Tst_pirTest/GDA_4/log/maketst.log,../gen/Tst_pirTest/GDA_4/log/runp2p.log,../gen/Tst_pirTest/GDA_4/log/runhybrid.log,True,,,33.449248007,,18,18,,,,,,,,,,,,,,,,,,,,,,,,,,,,,,,0:58.36,2894,,True,False,True,,3.0076,1.41534,0:00.96,,,,False,False,,,,,True,False,True
0c1a01dc,cab9ac93,2019-08-04 00:43:10,GDA_5,pirTest,Tst,1000000000.0,../gen/Tst_pirTest/GDA_5/log/runproute.log,../gen/Tst_pirTest/GDA_5/log/runproute.sh,../gen/Tst_pirTest/GDA_5/plastisim/summary.csv,../gen/Tst_pirTest/GDA_5/pir/AccelMain.scala,../gen/Tst_pirTest/GDA_5/log/,../gen/Tst_pirTest/GDA_5/log/gentst.log,../gen/Tst_pirTest/GDA_5/pir/out/resource.csv,../gen/Tst_pirTest/GDA_5/log/maketst.log,../gen/Tst_pirTest/GDA_5/log/runp2p.log,../gen/Tst_pirTest/GDA_5/log/runhybrid.log,True,,,20.641118595,,18,18,,,,,,,,,,,,,,,,,,,,,,,,,,,,,,,0:40.48,9666,,True,False,True,,0.900476,0.423753,0:01.46,,,,False,False,,,,,True,False,True
0c1a01dc,cab9ac93,2019-08-04 00:43:10,GDA_6,pirTest,Tst,1000000000.0,../gen/Tst_pirTest/GDA_6/log/runproute.log,../gen/Tst_pirTest/GDA_6/log/runproute.sh,../gen/Tst_pirTest/GDA_6/plastisim/summary.csv,../gen/Tst_pirTest/GDA_6/pir/AccelMain.scala,../gen/Tst_pirTest/GDA_6/log/,../gen/Tst_pirTest/GDA_6/log/gentst.log,../gen/Tst_pirTest/GDA_6/pir/out/resource.csv,../gen/Tst_pirTest/GDA_6/log/maketst.log,../gen/Tst_pirTest/GDA_6/log/runp2p.log,../gen/Tst_pirTest/GDA_6/log/runhybrid.log,True,,,38.554675682,,18,18,,,,,,,,,,,,,,,,,,,,,,,,,,,,,,,1:20.21,269743,,True,False,True,,0.493507,0.242957,1:13.39,,,,False,False,,,,,True,False,True
0c1a01dc,cab9ac93,2019-08-04 00:43:10,GEMM_0,pirTest,Tst,1000000000.0,../gen/Tst_pirTest/GEMM_0/log/runproute.log,../gen/Tst_pirTest/GEMM_0/log/runproute.sh,../gen/Tst_pirTest/GEMM_0/plastisim/summary.csv,../gen/Tst_pirTest/GEMM_0/pir/AccelMain.scala,../gen/Tst_pirTest/GEMM_0/log/,../gen/Tst_pirTest/GEMM_0/log/gentst.log,../gen/Tst_pirTest/GEMM_0/pir/out/resource.csv,../gen/Tst_pirTest/GEMM_0/log/maketst.log,../gen/Tst_pirTest/GEMM_0/log/runp2p.log,../gen/Tst_pirTest/GEMM_0/log/runhybrid.log,True,,,18.624431233,,18,18,,,,,,,,,,,,,,,,,,,,,,,,,,,,,,,0:38.37,132331,,True,False,True,,1.98097,0.495243,0:08.85,,,,False,False,,,,,True,False,True
0c1a01dc,cab9ac93,2019-08-04 00:43:10,GEMM_1,pirTest,Tst,1000000000.0,../gen/Tst_pirTest/GEMM_1/log/runproute.log,../gen/Tst_pirTest/GEMM_1/log/runproute.sh,../gen/Tst_pirTest/GEMM_1/plastisim/summary.csv,../gen/Tst_pirTest/GEMM_1/pir/AccelMain.scala,../gen/Tst_pirTest/GEMM_1/log/,../gen/Tst_pirTest/GEMM_1/log/gentst.log,../gen/Tst_pirTest/GEMM_1/pir/out/resource.csv,../gen/Tst_pirTest/GEMM_1/log/maketst.log,../gen/Tst_pirTest/GEMM_1/log/runp2p.log,../gen/Tst_pirTest/GEMM_1/log/runhybrid.log,True,,,17.472976625,,18,18,,,,,,,,,,,,,,,,,,,,,,,,,,,,,,,0:42.14,265427,,True,False,True,,0.246908,0.061727,0:17.20,,,,False,False,,,,,True,False,True
0c1a01dc,cab9ac93,2019-08-04 00:43:10,GEMM_10,pirTest,Tst,1000000000.0,../gen/Tst_pirTest/GEMM_10/log/runproute.log,../gen/Tst_pirTest/GEMM_10/log/runproute.sh,../gen/Tst_pirTest/GEMM_10/plastisim/summary.csv,../gen/Tst_pirTest/GEMM_10/pir/AccelMain.scala,../gen/Tst_pirTest/GEMM_10/log/,../gen/Tst_pirTest/GEMM_10/log/gentst.log,../gen/Tst_pirTest/GEMM_10/pir/out/resource.csv,../gen/Tst_pirTest/GEMM_10/log/maketst.log,../gen/Tst_pirTest/GEMM_10/log/runp2p.log,../gen/Tst_pirTest/GEMM_10/log/runhybrid.log,True,,,22.566284232,,18,18,,,,,,,,,,,,,,,,,,,,,,,,,,,,,,,0:34.22,9082,,True,False,True,,1.80401,0.451002,0:01.24,,,,False,False,,,,,True,False,True
0c1a01dc,cab9ac93,2019-08-04 00:43:10,GEMM_11,pirTest,Tst,1000000000.0,../gen/Tst_pirTest/GEMM_11/log/runproute.log,../gen/Tst_pirTest/GEMM_11/log/runproute.sh,../gen/Tst_pirTest/GEMM_11/plastisim/summary.csv,../gen/Tst_pirTest/GEMM_11/pir/AccelMain.scala,../gen/Tst_pirTest/GEMM_11/log/,../gen/Tst_pirTest/GEMM_11/log/gentst.log,../gen/Tst_pirTest/GEMM_11/pir/out/resource.csv,../gen/Tst_pirTest/GEMM_11/log/maketst.log,../gen/Tst_pirTest/GEMM_11/log/runp2p.log,../gen/Tst_pirTest/GEMM_11/log/runhybrid.log,True,,,29.762625242,,18,18,,,,,,,,,,,,,,,,,,,,,,,,,,,,,,,0:39.11,9844,,True,False,True,,1.66436,0.416091,0:01.58,,,,False,False,,,,,True,False,True
0c1a01dc,cab9ac93,2019-08-04 00:43:10,GEMM_12,pirTest,Tst,1000000000.0,../gen/Tst_pirTest/GEMM_12/log/runproute.log,../gen/Tst_pirTest/GEMM_12/log/runproute.sh,../gen/Tst_pirTest/GEMM_12/plastisim/summary.csv,../gen/Tst_pirTest/GEMM_12/pir/AccelMain.scala,../gen/Tst_pirTest/GEMM_12/log/,../gen/Tst_pirTest/GEMM_12/log/gentst.log,../gen/Tst_pirTest/GEMM_12/pir/out/resource.csv,../gen/Tst_pirTest/GEMM_12/log/maketst.log,../gen/Tst_pirTest/GEMM_12/log/runp2p.log,../gen/Tst_pirTest/GEMM_12/log/runhybrid.log,True,,,33.728588348,,18,18,,,,,,,,,,,,,,,,,,,,,,,,,,,,,,,0:54.92,9854,,True,False,True,,1.66268,0.415669,0:02.05,,,,False,False,,,,,True,False,True
0c1a01dc,cab9ac93,2019-08-04 00:43:10,GEMM_13,pirTest,Tst,1000000000.0,../gen/Tst_pirTest/GEMM_13/log/runproute.log,../gen/Tst_pirTest/GEMM_13/log/runproute.sh,../gen/Tst_pirTest/GEMM_13/plastisim/summary.csv,../gen/Tst_pirTest/GEMM_13/pir/AccelMain.scala,../gen/Tst_pirTest/GEMM_13/log/,../gen/Tst_pirTest/GEMM_13/log/gentst.log,../gen/Tst_pirTest/GEMM_13/pir/out/resource.csv,../gen/Tst_pirTest/GEMM_13/log/maketst.log,../gen/Tst_pirTest/GEMM_13/log/runp2p.log,../gen/Tst_pirTest/GEMM_13/log/runhybrid.log,True,,,43.584394661,,18,18,,,,,,,,,,,,,,,,,,,,,,,,,,,,,,,1:09.53,9060,,True,False,True,,1.80839,0.452097,0:02.44,,,,False,False,,,,,True,False,True
0c1a01dc,cab9ac93,2019-08-04 00:43:10,GEMM_14,pirTest,Tst,1000000000.0,../gen/Tst_pirTest/GEMM_14/log/runproute.log,../gen/Tst_pirTest/GEMM_14/log/runproute.sh,../gen/Tst_pirTest/GEMM_14/plastisim/summary.csv,../gen/Tst_pirTest/GEMM_14/pir/AccelMain.scala,../gen/Tst_pirTest/GEMM_14/log/,../gen/Tst_pirTest/GEMM_14/log/gentst.log,../gen/Tst_pirTest/GEMM_14/pir/out/resource.csv,../gen/Tst_pirTest/GEMM_14/log/maketst.log,../gen/Tst_pirTest/GEMM_14/log/runp2p.log,../gen/Tst_pirTest/GEMM_14/log/runhybrid.log,True,,,42.227023299,,18,18,,,,,,,,,,,,,,,,,,,,,,,,,,,,,,,1:06.65,9321,,True,False,True,,1.75775,0.439438,0:02.82,,,,False,False,,,,,True,False,True
0c1a01dc,cab9ac93,2019-08-04 00:43:10,GEMM_15,pirTest,Tst,1000000000.0,../gen/Tst_pirTest/GEMM_15/log/runproute.log,../gen/Tst_pirTest/GEMM_15/log/runproute.sh,../gen/Tst_pirTest/GEMM_15/plastisim/summary.csv,../gen/Tst_pirTest/GEMM_15/pir/AccelMain.scala,../gen/Tst_pirTest/GEMM_15/log/,../gen/Tst_pirTest/GEMM_15/log/gentst.log,../gen/Tst_pirTest/GEMM_15/pir/out/resource.csv,../gen/Tst_pirTest/GEMM_15/log/maketst.log,../gen/Tst_pirTest/GEMM_15/log/runp2p.log,../gen/Tst_pirTest/GEMM_15/log/runhybrid.log,True,,,51.264470193,,18,18,,,,,,,,,,,,,,,,,,,,,,,,,,,,,,,1:15.80,5759,,True,False,True,,2.84494,0.711235,0:02.26,,,,False,False,,,,,True,False,True
0c1a01dc,cab9ac93,2019-08-04 00:43:10,GEMM_16,pirTest,Tst,1000000000.0,../gen/Tst_pirTest/GEMM_16/log/runproute.log,../gen/Tst_pirTest/GEMM_16/log/runproute.sh,../gen/Tst_pirTest/GEMM_16/plastisim/summary.csv,../gen/Tst_pirTest/GEMM_16/pir/AccelMain.scala,../gen/Tst_pirTest/GEMM_16/log/,../gen/Tst_pirTest/GEMM_16/log/gentst.log,../gen/Tst_pirTest/GEMM_16/pir/out/resource.csv,../gen/Tst_pirTest/GEMM_16/log/maketst.log,../gen/Tst_pirTest/GEMM_16/log/runp2p.log,../gen/Tst_pirTest/GEMM_16/log/runhybrid.log,True,,,61.27177727,,18,18,,,,,,,,,,,,,,,,,,,,,,,,,,,,,,,1:39.10,4969,,True,False,True,,3.29724,0.824311,0:02.16,,,,False,False,,,,,True,False,True
0c1a01dc,cab9ac93,2019-08-04 00:43:10,GEMM_17,pirTest,Tst,1000000000.0,../gen/Tst_pirTest/GEMM_17/log/runproute.log,../gen/Tst_pirTest/GEMM_17/log/runproute.sh,../gen/Tst_pirTest/GEMM_17/plastisim/summary.csv,../gen/Tst_pirTest/GEMM_17/pir/AccelMain.scala,../gen/Tst_pirTest/GEMM_17/log/,../gen/Tst_pirTest/GEMM_17/log/gentst.log,../gen/Tst_pirTest/GEMM_17/pir/out/resource.csv,../gen/Tst_pirTest/GEMM_17/log/maketst.log,../gen/Tst_pirTest/GEMM_17/log/runp2p.log,../gen/Tst_pirTest/GEMM_17/log/runhybrid.log,True,,,62.598578412,,18,18,,,,,,,,,,,,,,,,,,,,,,,,,,,,,,,1:57.06,3255,,True,False,True,,21.8052,5.03349,0:02.33,,,,False,False,,,,,True,False,True
0c1a01dc,cab9ac93,2019-08-04 00:43:10,GEMM_18,pirTest,Tst,1000000000.0,../gen/Tst_pirTest/GEMM_18/log/runproute.log,../gen/Tst_pirTest/GEMM_18/log/runproute.sh,../gen/Tst_pirTest/GEMM_18/plastisim/summary.csv,../gen/Tst_pirTest/GEMM_18/pir/AccelMain.scala,../gen/Tst_pirTest/GEMM_18/log/,../gen/Tst_pirTest/GEMM_18/log/gentst.log,../gen/Tst_pirTest/GEMM_18/pir/out/resource.csv,../gen/Tst_pirTest/GEMM_18/log/maketst.log,../gen/Tst_pirTest/GEMM_18/log/runp2p.log,../gen/Tst_pirTest/GEMM_18/log/runhybrid.log,True,,,78.709640665,,18,18,,,,,,,,,,,,,,,,,,,,,,,,,,,,,,,2:56.16,2949,,True,False,True,,22.2231,5.55578,0:02.09,,,,False,False,,,,,True,False,True
0c1a01dc,cab9ac93,2019-08-04 00:43:10,GEMM_19,pirTest,Tst,1000000000.0,../gen/Tst_pirTest/GEMM_19/log/runproute.log,../gen/Tst_pirTest/GEMM_19/log/runproute.sh,../gen/Tst_pirTest/GEMM_19/plastisim/summary.csv,../gen/Tst_pirTest/GEMM_19/pir/AccelMain.scala,../gen/Tst_pirTest/GEMM_19/log/,../gen/Tst_pirTest/GEMM_19/log/gentst.log,../gen/Tst_pirTest/GEMM_19/pir/out/resource.csv,../gen/Tst_pirTest/GEMM_19/log/maketst.log,../gen/Tst_pirTest/GEMM_19/log/runp2p.log,../gen/Tst_pirTest/GEMM_19/log/runhybrid.log,True,,,31.65728612,,18,18,,,,,,,,,,,,,,,,,,,,,,,,,,,,,,,0:57.69,,"Assertion fail:
",True,False,False,,12.5159,0.0,0:01.70,,,,False,False,,,,,False,False,False
0c1a01dc,cab9ac93,2019-08-04 00:43:10,GEMM_2,pirTest,Tst,1000000000.0,../gen/Tst_pirTest/GEMM_2/log/runproute.log,../gen/Tst_pirTest/GEMM_2/log/runproute.sh,../gen/Tst_pirTest/GEMM_2/plastisim/summary.csv,../gen/Tst_pirTest/GEMM_2/pir/AccelMain.scala,../gen/Tst_pirTest/GEMM_2/log/,../gen/Tst_pirTest/GEMM_2/log/gentst.log,../gen/Tst_pirTest/GEMM_2/pir/out/resource.csv,../gen/Tst_pirTest/GEMM_2/log/maketst.log,../gen/Tst_pirTest/GEMM_2/log/runp2p.log,../gen/Tst_pirTest/GEMM_2/log/runhybrid.log,True,,,27.405347011,,18,18,,,,,,,,,,,,,,,,,,,,,,,,,,,,,,,0:57.61,66811,,True,False,True,,3.92367,0.980916,0:13.28,,,,False,False,,,,,True,False,True
0c1a01dc,cab9ac93,2019-08-04 00:43:10,GEMM_3,pirTest,Tst,1000000000.0,../gen/Tst_pirTest/GEMM_3/log/runproute.log,../gen/Tst_pirTest/GEMM_3/log/runproute.sh,../gen/Tst_pirTest/GEMM_3/plastisim/summary.csv,../gen/Tst_pirTest/GEMM_3/pir/AccelMain.scala,../gen/Tst_pirTest/GEMM_3/log/,../gen/Tst_pirTest/GEMM_3/log/gentst.log,../gen/Tst_pirTest/GEMM_3/pir/out/resource.csv,../gen/Tst_pirTest/GEMM_3/log/maketst.log,../gen/Tst_pirTest/GEMM_3/log/runp2p.log,../gen/Tst_pirTest/GEMM_3/log/runhybrid.log,True,,,25.388104765,,18,18,,,,,,,,,,,,,,,,,,,,,,,,,,,,,,,0:53.14,68449,,True,False,True,,3.82977,0.957443,0:11.79,,,,False,False,,,,,True,False,True
0c1a01dc,cab9ac93,2019-08-04 00:43:10,GEMM_4,pirTest,Tst,1000000000.0,../gen/Tst_pirTest/GEMM_4/log/runproute.log,../gen/Tst_pirTest/GEMM_4/log/runproute.sh,../gen/Tst_pirTest/GEMM_4/plastisim/summary.csv,../gen/Tst_pirTest/GEMM_4/pir/AccelMain.scala,../gen/Tst_pirTest/GEMM_4/log/,../gen/Tst_pirTest/GEMM_4/log/gentst.log,../gen/Tst_pirTest/GEMM_4/pir/out/resource.csv,../gen/Tst_pirTest/GEMM_4/log/maketst.log,../gen/Tst_pirTest/GEMM_4/log/runp2p.log,../gen/Tst_pirTest/GEMM_4/log/runhybrid.log,True,,,24.788819271,,18,18,,,,,,,,,,,,,,,,,,,,,,,,,,,,,,,0:54.91,66853,,True,False,True,,3.9212,0.9803,0:11.02,,,,False,False,,,,,True,False,True
0c1a01dc,cab9ac93,2019-08-04 00:43:10,GEMM_6,pirTest,Tst,1000000000.0,../gen/Tst_pirTest/GEMM_6/log/runproute.log,../gen/Tst_pirTest/GEMM_6/log/runproute.sh,../gen/Tst_pirTest/GEMM_6/plastisim/summary.csv,../gen/Tst_pirTest/GEMM_6/pir/AccelMain.scala,../gen/Tst_pirTest/GEMM_6/log/,../gen/Tst_pirTest/GEMM_6/log/gentst.log,../gen/Tst_pirTest/GEMM_6/pir/out/resource.csv,../gen/Tst_pirTest/GEMM_6/log/maketst.log,../gen/Tst_pirTest/GEMM_6/log/runp2p.log,../gen/Tst_pirTest/GEMM_6/log/runhybrid.log,True,,,63.403650022,,18,18,,,,,,,,,,,,,,,,,,,,,,,,,,,,,,,1:44.28,19121,,True,False,True,,13.7097,3.42744,0:09.48,,,,False,False,,,,,True,False,True
0c1a01dc,cab9ac93,2019-08-04 00:43:10,GEMM_7,pirTest,Tst,1000000000.0,../gen/Tst_pirTest/GEMM_7/log/runproute.log,../gen/Tst_pirTest/GEMM_7/log/runproute.sh,../gen/Tst_pirTest/GEMM_7/plastisim/summary.csv,../gen/Tst_pirTest/GEMM_7/pir/AccelMain.scala,../gen/Tst_pirTest/GEMM_7/log/,../gen/Tst_pirTest/GEMM_7/log/gentst.log,../gen/Tst_pirTest/GEMM_7/pir/out/resource.csv,../gen/Tst_pirTest/GEMM_7/log/maketst.log,../gen/Tst_pirTest/GEMM_7/log/runp2p.log,../gen/Tst_pirTest/GEMM_7/log/runhybrid.log,True,,,21.92575998,,18,18,,,,,,,,,,,,,,,,,,,,,,,,,,,,,,,0:45.52,17272,,True,False,True,,1.06716,0.237147,0:01.89,,,,False,False,,,,,True,False,True
0c1a01dc,cab9ac93,2019-08-04 00:43:10,GEMM_8,pirTest,Tst,1000000000.0,../gen/Tst_pirTest/GEMM_8/log/runproute.log,../gen/Tst_pirTest/GEMM_8/log/runproute.sh,../gen/Tst_pirTest/GEMM_8/plastisim/summary.csv,../gen/Tst_pirTest/GEMM_8/pir/AccelMain.scala,../gen/Tst_pirTest/GEMM_8/log/,../gen/Tst_pirTest/GEMM_8/log/gentst.log,../gen/Tst_pirTest/GEMM_8/pir/out/resource.csv,../gen/Tst_pirTest/GEMM_8/log/maketst.log,../gen/Tst_pirTest/GEMM_8/log/runp2p.log,../gen/Tst_pirTest/GEMM_8/log/runhybrid.log,True,,,22.275146114,,18,18,,,,,,,,,,,,,,,,,,,,,,,,,,,,,,,0:48.67,2284,,True,False,True,,8.01401,1.79335,0:00.63,,,,False,False,,,,,True,False,True
0c1a01dc,cab9ac93,2019-08-04 00:43:10,GEMM_9,pirTest,Tst,1000000000.0,../gen/Tst_pirTest/GEMM_9/log/runproute.log,../gen/Tst_pirTest/GEMM_9/log/runproute.sh,../gen/Tst_pirTest/GEMM_9/plastisim/summary.csv,../gen/Tst_pirTest/GEMM_9/pir/AccelMain.scala,../gen/Tst_pirTest/GEMM_9/log/,../gen/Tst_pirTest/GEMM_9/log/gentst.log,../gen/Tst_pirTest/GEMM_9/pir/out/resource.csv,../gen/Tst_pirTest/GEMM_9/log/maketst.log,../gen/Tst_pirTest/GEMM_9/log/runp2p.log,../gen/Tst_pirTest/GEMM_9/log/runhybrid.log,True,,,26.511839838,,18,18,,,,,,,,,,,,,,,,,,,,,,,,,,,,,,,0:58.84,8883,,True,False,True,,7.37769,1.84442,0:02.28,,,,False,False,,,,,True,False,True
0c1a01dc,cab9ac93,2019-08-04 00:43:10,Kmeans_0,pirTest,Tst,1000000000.0,../gen/Tst_pirTest/Kmeans_0/log/runproute.log,../gen/Tst_pirTest/Kmeans_0/log/runproute.sh,../gen/Tst_pirTest/Kmeans_0/plastisim/summary.csv,../gen/Tst_pirTest/Kmeans_0/pir/AccelMain.scala,../gen/Tst_pirTest/Kmeans_0/log/,../gen/Tst_pirTest/Kmeans_0/log/gentst.log,../gen/Tst_pirTest/Kmeans_0/pir/out/resource.csv,../gen/Tst_pirTest/Kmeans_0/log/maketst.log,../gen/Tst_pirTest/Kmeans_0/log/runp2p.log,../gen/Tst_pirTest/Kmeans_0/log/runhybrid.log,True,,,29.081744167,,18,18,,,,,,,,,,,,,,,,,,,,,,,,,,,,,,,1:17.17,141561,,True,False,True,,1.04164,0.115738,0:34.13,,,,False,False,,,,,True,False,True
0c1a01dc,cab9ac93,2019-08-04 00:43:10,Kmeans_1,pirTest,Tst,1000000000.0,../gen/Tst_pirTest/Kmeans_1/log/runproute.log,../gen/Tst_pirTest/Kmeans_1/log/runproute.sh,../gen/Tst_pirTest/Kmeans_1/plastisim/summary.csv,../gen/Tst_pirTest/Kmeans_1/pir/AccelMain.scala,../gen/Tst_pirTest/Kmeans_1/log/,../gen/Tst_pirTest/Kmeans_1/log/gentst.log,../gen/Tst_pirTest/Kmeans_1/pir/out/resource.csv,../gen/Tst_pirTest/Kmeans_1/log/maketst.log,../gen/Tst_pirTest/Kmeans_1/log/runp2p.log,../gen/Tst_pirTest/Kmeans_1/log/runhybrid.log,True,,,25.266943963,,18,18,,,,,,,,,,,,,,,,,,,,,,,,,,,,,,,0:46.44,2149751,,True,False,True,,0.0685921,0.00762135,4:40.38,,,,False,False,,,,,True,False,True
0c1a01dc,cab9ac93,2019-08-04 00:43:10,Kmeans_2,pirTest,Tst,1000000000.0,../gen/Tst_pirTest/Kmeans_2/log/runproute.log,../gen/Tst_pirTest/Kmeans_2/log/runproute.sh,../gen/Tst_pirTest/Kmeans_2/plastisim/summary.csv,../gen/Tst_pirTest/Kmeans_2/pir/AccelMain.scala,../gen/Tst_pirTest/Kmeans_2/log/,../gen/Tst_pirTest/Kmeans_2/log/gentst.log,../gen/Tst_pirTest/Kmeans_2/pir/out/resource.csv,../gen/Tst_pirTest/Kmeans_2/log/maketst.log,../gen/Tst_pirTest/Kmeans_2/log/runp2p.log,../gen/Tst_pirTest/Kmeans_2/log/runhybrid.log,True,,,48.169144646,,18,18,,,,,,,,,,,,,,,,,,,,,,,,,,,,,,,2:03.89,72459,,True,False,True,,2.03503,0.226114,0:35.65,,,,False,False,,,,,True,False,True
0c1a01dc,cab9ac93,2019-08-04 00:43:10,Kmeans_3,pirTest,Tst,1000000000.0,../gen/Tst_pirTest/Kmeans_3/log/runproute.log,../gen/Tst_pirTest/Kmeans_3/log/runproute.sh,../gen/Tst_pirTest/Kmeans_3/plastisim/summary.csv,../gen/Tst_pirTest/Kmeans_3/pir/AccelMain.scala,../gen/Tst_pirTest/Kmeans_3/log/,../gen/Tst_pirTest/Kmeans_3/log/gentst.log,../gen/Tst_pirTest/Kmeans_3/pir/out/resource.csv,../gen/Tst_pirTest/Kmeans_3/log/maketst.log,../gen/Tst_pirTest/Kmeans_3/log/runp2p.log,../gen/Tst_pirTest/Kmeans_3/log/runhybrid.log,True,,,33.070699389,,18,18,,,,,,,,,,,,,,,,,,,,,,,,,,,,,,,1:05.45,141296,,True,False,True,,1.0436,0.115955,0:36.84,,,,False,False,,,,,True,False,True
0c1a01dc,cab9ac93,2019-08-04 00:43:10,Kmeans_4,pirTest,Tst,1000000000.0,../gen/Tst_pirTest/Kmeans_4/log/runproute.log,../gen/Tst_pirTest/Kmeans_4/log/runproute.sh,../gen/Tst_pirTest/Kmeans_4/plastisim/summary.csv,../gen/Tst_pirTest/Kmeans_4/pir/AccelMain.scala,../gen/Tst_pirTest/Kmeans_4/log/,../gen/Tst_pirTest/Kmeans_4/log/gentst.log,../gen/Tst_pirTest/Kmeans_4/pir/out/resource.csv,../gen/Tst_pirTest/Kmeans_4/log/maketst.log,../gen/Tst_pirTest/Kmeans_4/log/runp2p.log,../gen/Tst_pirTest/Kmeans_4/log/runhybrid.log,True,,,46.658363987,,18,18,,,,,,,,,,,,,,,,,,,,,,,,,,,,,,,2:20.61,141343,,True,False,True,,1.04325,0.115917,1:04.91,,,,False,False,,,,,True,False,True
0c1a01dc,cab9ac93,2019-08-04 00:43:10,Kmeans_5,pirTest,Tst,1000000000.0,../gen/Tst_pirTest/Kmeans_5/log/runproute.log,../gen/Tst_pirTest/Kmeans_5/log/runproute.sh,../gen/Tst_pirTest/Kmeans_5/plastisim/summary.csv,../gen/Tst_pirTest/Kmeans_5/pir/AccelMain.scala,../gen/Tst_pirTest/Kmeans_5/log/,../gen/Tst_pirTest/Kmeans_5/log/gentst.log,../gen/Tst_pirTest/Kmeans_5/pir/out/resource.csv,../gen/Tst_pirTest/Kmeans_5/log/maketst.log,../gen/Tst_pirTest/Kmeans_5/log/runp2p.log,../gen/Tst_pirTest/Kmeans_5/log/runhybrid.log,True,,,61.429854315,,18,18,,,,,,,,,,,,,,,,,,,,,,,,,,,,,,,2:50.87,72214,,True,False,True,,2.04193,0.226881,0:37.05,,,,False,False,,,,,True,False,True
0c1a01dc,cab9ac93,2019-08-04 00:43:10,Kmeans_6,pirTest,Tst,1000000000.0,../gen/Tst_pirTest/Kmeans_6/log/runproute.log,../gen/Tst_pirTest/Kmeans_6/log/runproute.sh,../gen/Tst_pirTest/Kmeans_6/plastisim/summary.csv,../gen/Tst_pirTest/Kmeans_6/pir/AccelMain.scala,../gen/Tst_pirTest/Kmeans_6/log/,../gen/Tst_pirTest/Kmeans_6/log/gentst.log,../gen/Tst_pirTest/Kmeans_6/pir/out/resource.csv,../gen/Tst_pirTest/Kmeans_6/log/maketst.log,../gen/Tst_pirTest/Kmeans_6/log/runp2p.log,../gen/Tst_pirTest/Kmeans_6/log/runhybrid.log,True,,,54.834870023,,18,18,,,,,,,,,,,,,,,,,,,,,,,,,,,,,,,2:24.52,141083,,True,False,True,,1.04517,0.11613,0:58.28,,,,False,False,,,,,True,False,True
0c1a01dc,cab9ac93,2019-08-04 00:43:10,Kmeans_7,pirTest,Tst,1000000000.0,../gen/Tst_pirTest/Kmeans_7/log/runproute.log,../gen/Tst_pirTest/Kmeans_7/log/runproute.sh,../gen/Tst_pirTest/Kmeans_7/plastisim/summary.csv,../gen/Tst_pirTest/Kmeans_7/pir/AccelMain.scala,../gen/Tst_pirTest/Kmeans_7/log/,../gen/Tst_pirTest/Kmeans_7/log/gentst.log,../gen/Tst_pirTest/Kmeans_7/pir/out/resource.csv,../gen/Tst_pirTest/Kmeans_7/log/maketst.log,../gen/Tst_pirTest/Kmeans_7/log/runp2p.log,../gen/Tst_pirTest/Kmeans_7/log/runhybrid.log,True,,,69.276725815,,18,18,,,,,,,,,,,,,,,,,,,,,,,,,,,,,,,2:09.59,72261,,True,False,True,,2.0406,0.226734,0:41.77,,,,False,False,,,,,True,False,True
0c1a01dc,cab9ac93,2019-08-04 00:43:10,Kmeans_8,pirTest,Tst,1000000000.0,../gen/Tst_pirTest/Kmeans_8/log/runproute.log,../gen/Tst_pirTest/Kmeans_8/log/runproute.sh,../gen/Tst_pirTest/Kmeans_8/plastisim/summary.csv,../gen/Tst_pirTest/Kmeans_8/pir/AccelMain.scala,../gen/Tst_pirTest/Kmeans_8/log/,../gen/Tst_pirTest/Kmeans_8/log/gentst.log,../gen/Tst_pirTest/Kmeans_8/pir/out/resource.csv,../gen/Tst_pirTest/Kmeans_8/log/maketst.log,../gen/Tst_pirTest/Kmeans_8/log/runp2p.log,../gen/Tst_pirTest/Kmeans_8/log/runhybrid.log,True,,,70.119042193,,18,18,,,,,,,,,,,,,,,,,,,,,,,,,,,,,,,2:59.37,71990,,True,False,True,,2.04828,0.227587,0:44.93,,,,False,False,,,,,True,False,True
0c1a01dc,cab9ac93,2019-08-04 00:43:10,LUTTest_0,pirTest,Tst,1000000000.0,../gen/Tst_pirTest/LUTTest_0/log/runproute.log,../gen/Tst_pirTest/LUTTest_0/log/runproute.sh,../gen/Tst_pirTest/LUTTest_0/plastisim/summary.csv,../gen/Tst_pirTest/LUTTest_0/pir/AccelMain.scala,../gen/Tst_pirTest/LUTTest_0/log/,../gen/Tst_pirTest/LUTTest_0/log/gentst.log,../gen/Tst_pirTest/LUTTest_0/pir/out/resource.csv,../gen/Tst_pirTest/LUTTest_0/log/maketst.log,../gen/Tst_pirTest/LUTTest_0/log/runp2p.log,../gen/Tst_pirTest/LUTTest_0/log/runhybrid.log,True,,,7.756357349,,18,18,,,,,,,,,,,,,,,,,,,,,,,,,,,,,,,0:31.23,53,,True,False,True,,0.0,0.0,0:00.29,,,,False,False,,,,,True,False,True
0c1a01dc,cab9ac93,2019-08-04 00:43:10,LUTTest_1,pirTest,Tst,1000000000.0,../gen/Tst_pirTest/LUTTest_1/log/runproute.log,../gen/Tst_pirTest/LUTTest_1/log/runproute.sh,../gen/Tst_pirTest/LUTTest_1/plastisim/summary.csv,../gen/Tst_pirTest/LUTTest_1/pir/AccelMain.scala,../gen/Tst_pirTest/LUTTest_1/log/,../gen/Tst_pirTest/LUTTest_1/log/gentst.log,../gen/Tst_pirTest/LUTTest_1/pir/out/resource.csv,../gen/Tst_pirTest/LUTTest_1/log/maketst.log,../gen/Tst_pirTest/LUTTest_1/log/runp2p.log,../gen/Tst_pirTest/LUTTest_1/log/runhybrid.log,True,,,7.849409059,,18,18,,,,,,,,,,,,,,,,,,,,,,,,,,,,,,,0:20.76,158,,True,False,True,,0.0,0.0,0:00.22,,,,False,False,,,,,True,False,True
0c1a01dc,cab9ac93,2019-08-04 00:43:10,LUTTest_2,pirTest,Tst,1000000000.0,../gen/Tst_pirTest/LUTTest_2/log/runproute.log,../gen/Tst_pirTest/LUTTest_2/log/runproute.sh,../gen/Tst_pirTest/LUTTest_2/plastisim/summary.csv,../gen/Tst_pirTest/LUTTest_2/pir/AccelMain.scala,../gen/Tst_pirTest/LUTTest_2/log/,../gen/Tst_pirTest/LUTTest_2/log/gentst.log,../gen/Tst_pirTest/LUTTest_2/pir/out/resource.csv,../gen/Tst_pirTest/LUTTest_2/log/maketst.log,../gen/Tst_pirTest/LUTTest_2/log/runp2p.log,../gen/Tst_pirTest/LUTTest_2/log/runhybrid.log,True,,,7.027134313,,18,18,,,,,,,,,,,,,,,,,,,,,,,,,,,,,,,0:19.41,101,,True,False,True,,0.0,0.0,0:00.27,,,,False,False,,,,,True,False,True
0c1a01dc,cab9ac93,2019-08-04 00:43:10,LUTTest_3,pirTest,Tst,1000000000.0,../gen/Tst_pirTest/LUTTest_3/log/runproute.log,../gen/Tst_pirTest/LUTTest_3/log/runproute.sh,../gen/Tst_pirTest/LUTTest_3/plastisim/summary.csv,../gen/Tst_pirTest/LUTTest_3/pir/AccelMain.scala,../gen/Tst_pirTest/LUTTest_3/log/,../gen/Tst_pirTest/LUTTest_3/log/gentst.log,../gen/Tst_pirTest/LUTTest_3/pir/out/resource.csv,../gen/Tst_pirTest/LUTTest_3/log/maketst.log,../gen/Tst_pirTest/LUTTest_3/log/runp2p.log,../gen/Tst_pirTest/LUTTest_3/log/runhybrid.log,True,,,7.780074119,,18,18,,,,,,,,,,,,,,,,,,,,,,,,,,,,,,,0:19.94,46,,True,False,True,,0.0,0.0,0:00.21,,,,False,False,,,,,True,False,True
0c1a01dc,cab9ac93,2019-08-04 00:43:10,LUTTest_4,pirTest,Tst,1000000000.0,../gen/Tst_pirTest/LUTTest_4/log/runproute.log,../gen/Tst_pirTest/LUTTest_4/log/runproute.sh,../gen/Tst_pirTest/LUTTest_4/plastisim/summary.csv,../gen/Tst_pirTest/LUTTest_4/pir/AccelMain.scala,../gen/Tst_pirTest/LUTTest_4/log/,../gen/Tst_pirTest/LUTTest_4/log/gentst.log,../gen/Tst_pirTest/LUTTest_4/pir/out/resource.csv,../gen/Tst_pirTest/LUTTest_4/log/maketst.log,../gen/Tst_pirTest/LUTTest_4/log/runp2p.log,../gen/Tst_pirTest/LUTTest_4/log/runhybrid.log,True,,,6.971343919,,18,18,,,,,,,,,,,,,,,,,,,,,,,,,,,,,,,0:24.69,19,,True,False,True,,0.0,0.0,0:00.29,,,,False,False,,,,,True,False,True
0c1a01dc,cab9ac93,2019-08-04 00:43:10,LogReg_0,pirTest,Tst,1000000000.0,../gen/Tst_pirTest/LogReg_0/log/runproute.log,../gen/Tst_pirTest/LogReg_0/log/runproute.sh,../gen/Tst_pirTest/LogReg_0/plastisim/summary.csv,../gen/Tst_pirTest/LogReg_0/pir/AccelMain.scala,../gen/Tst_pirTest/LogReg_0/log/,../gen/Tst_pirTest/LogReg_0/log/gentst.log,../gen/Tst_pirTest/LogReg_0/pir/out/resource.csv,../gen/Tst_pirTest/LogReg_0/log/maketst.log,../gen/Tst_pirTest/LogReg_0/log/runp2p.log,../gen/Tst_pirTest/LogReg_0/log/runhybrid.log,True,,,20.52219244,,18,18,,,,,,,,,,,,,,,,,,,,,,,,,,,,,,,0:57.59,8504,,True,False,True,,7.96237,0.0150517,0:01.70,,,,False,False,,,,,True,False,True
0c1a01dc,cab9ac93,2019-08-04 00:43:10,LogReg_1,pirTest,Tst,1000000000.0,../gen/Tst_pirTest/LogReg_1/log/runproute.log,../gen/Tst_pirTest/LogReg_1/log/runproute.sh,../gen/Tst_pirTest/LogReg_1/plastisim/summary.csv,../gen/Tst_pirTest/LogReg_1/pir/AccelMain.scala,../gen/Tst_pirTest/LogReg_1/log/,../gen/Tst_pirTest/LogReg_1/log/gentst.log,../gen/Tst_pirTest/LogReg_1/pir/out/resource.csv,../gen/Tst_pirTest/LogReg_1/log/maketst.log,../gen/Tst_pirTest/LogReg_1/log/runp2p.log,../gen/Tst_pirTest/LogReg_1/log/runhybrid.log,True,,,33.740305292,,18,18,,,,,,,,,,,,,,,,,,,,,,,,,,,,,,,1:17.15,4412,,True,False,True,,15.3472,0.0290118,0:01.31,,,,False,False,,,,,True,False,True
0c1a01dc,cab9ac93,2019-08-04 00:43:10,LogReg_2,pirTest,Tst,1000000000.0,../gen/Tst_pirTest/LogReg_2/log/runproute.log,../gen/Tst_pirTest/LogReg_2/log/runproute.sh,../gen/Tst_pirTest/LogReg_2/plastisim/summary.csv,../gen/Tst_pirTest/LogReg_2/pir/AccelMain.scala,../gen/Tst_pirTest/LogReg_2/log/,../gen/Tst_pirTest/LogReg_2/log/gentst.log,../gen/Tst_pirTest/LogReg_2/pir/out/resource.csv,../gen/Tst_pirTest/LogReg_2/log/maketst.log,../gen/Tst_pirTest/LogReg_2/log/runp2p.log,../gen/Tst_pirTest/LogReg_2/log/runhybrid.log,True,,,31.074786545,,18,18,,,,,,,,,,,,,,,,,,,,,,,,,,,,,,,1:16.70,4474,,True,False,True,,15.1346,0.0286097,0:01.37,,,,False,False,,,,,True,False,True
0c1a01dc,cab9ac93,2019-08-04 00:43:10,LogReg_3,pirTest,Tst,1000000000.0,../gen/Tst_pirTest/LogReg_3/log/runproute.log,../gen/Tst_pirTest/LogReg_3/log/runproute.sh,../gen/Tst_pirTest/LogReg_3/plastisim/summary.csv,../gen/Tst_pirTest/LogReg_3/pir/AccelMain.scala,../gen/Tst_pirTest/LogReg_3/log/,../gen/Tst_pirTest/LogReg_3/log/gentst.log,../gen/Tst_pirTest/LogReg_3/pir/out/resource.csv,../gen/Tst_pirTest/LogReg_3/log/maketst.log,../gen/Tst_pirTest/LogReg_3/log/runp2p.log,../gen/Tst_pirTest/LogReg_3/log/runhybrid.log,True,,,66.938510698,,18,18,,,,,,,,,,,,,,,,,,,,,,,,,,,,,,,1:48.65,2444,,True,False,True,,27.7054,0.0523732,0:01.46,,,,False,False,,,,,True,False,True
0c1a01dc,cab9ac93,2019-08-04 00:43:10,LogReg_4,pirTest,Tst,1000000000.0,../gen/Tst_pirTest/LogReg_4/log/runproute.log,../gen/Tst_pirTest/LogReg_4/log/runproute.sh,../gen/Tst_pirTest/LogReg_4/plastisim/summary.csv,../gen/Tst_pirTest/LogReg_4/pir/AccelMain.scala,../gen/Tst_pirTest/LogReg_4/log/,../gen/Tst_pirTest/LogReg_4/log/gentst.log,../gen/Tst_pirTest/LogReg_4/pir/out/resource.csv,../gen/Tst_pirTest/LogReg_4/log/maketst.log,../gen/Tst_pirTest/LogReg_4/log/runp2p.log,../gen/Tst_pirTest/LogReg_4/log/runhybrid.log,True,,,91.075463604,,18,18,,,,,,,,,,,,,,,,,,,,,,,,,,,,,,,1:50.56,1568,,True,False,True,,43.1837,0.0816327,0:01.33,,,,False,False,,,,,True,False,True
0c1a01dc,cab9ac93,2019-08-04 00:43:10,LogReg_5,pirTest,Tst,1000000000.0,../gen/Tst_pirTest/LogReg_5/log/runproute.log,../gen/Tst_pirTest/LogReg_5/log/runproute.sh,../gen/Tst_pirTest/LogReg_5/plastisim/summary.csv,../gen/Tst_pirTest/LogReg_5/pir/AccelMain.scala,../gen/Tst_pirTest/LogReg_5/log/,../gen/Tst_pirTest/LogReg_5/log/gentst.log,../gen/Tst_pirTest/LogReg_5/pir/out/resource.csv,../gen/Tst_pirTest/LogReg_5/log/maketst.log,../gen/Tst_pirTest/LogReg_5/log/runp2p.log,../gen/Tst_pirTest/LogReg_5/log/runhybrid.log,True,,,101.874986853,,18,18,,,,,,,,,,,,,,,,,,,,,,,,,,,,,,,2:02.78,2096,,True,False,True,,32.3053,0.0610687,0:01.92,,,,False,False,,,,,True,False,True
0c1a01dc,cab9ac93,2019-08-04 00:43:10,OuterProduct_0,pirTest,Tst,1000000000.0,../gen/Tst_pirTest/OuterProduct_0/log/runproute.log,../gen/Tst_pirTest/OuterProduct_0/log/runproute.sh,../gen/Tst_pirTest/OuterProduct_0/plastisim/summary.csv,../gen/Tst_pirTest/OuterProduct_0/pir/AccelMain.scala,../gen/Tst_pirTest/OuterProduct_0/log/,../gen/Tst_pirTest/OuterProduct_0/log/gentst.log,../gen/Tst_pirTest/OuterProduct_0/pir/out/resource.csv,../gen/Tst_pirTest/OuterProduct_0/log/maketst.log,../gen/Tst_pirTest/OuterProduct_0/log/runp2p.log,../gen/Tst_pirTest/OuterProduct_0/log/runhybrid.log,True,,,13.549598328,,18,18,,,,,,,,,,,,,,,,,,,,,,,,,,,,,,,0:39.20,6991,,True,False,True,,0.823916,37.4974,0:00.93,,,,False,False,,,,,True,False,True
0c1a01dc,cab9ac93,2019-08-04 00:43:10,OuterProduct_1,pirTest,Tst,1000000000.0,../gen/Tst_pirTest/OuterProduct_1/log/runproute.log,../gen/Tst_pirTest/OuterProduct_1/log/runproute.sh,../gen/Tst_pirTest/OuterProduct_1/plastisim/summary.csv,../gen/Tst_pirTest/OuterProduct_1/pir/AccelMain.scala,../gen/Tst_pirTest/OuterProduct_1/log/,../gen/Tst_pirTest/OuterProduct_1/log/gentst.log,../gen/Tst_pirTest/OuterProduct_1/pir/out/resource.csv,../gen/Tst_pirTest/OuterProduct_1/log/maketst.log,../gen/Tst_pirTest/OuterProduct_1/log/runp2p.log,../gen/Tst_pirTest/OuterProduct_1/log/runhybrid.log,True,,,14.106740709,,18,18,,,,,,,,,,,,,,,,,,,,,,,,,,,,,,,0:37.82,65819,,True,False,True,,0.0933469,3.9828,0:03.84,,,,False,False,,,,,True,False,True
0c1a01dc,cab9ac93,2019-08-04 00:43:10,OuterProduct_2,pirTest,Tst,1000000000.0,../gen/Tst_pirTest/OuterProduct_2/log/runproute.log,../gen/Tst_pirTest/OuterProduct_2/log/runproute.sh,../gen/Tst_pirTest/OuterProduct_2/plastisim/summary.csv,../gen/Tst_pirTest/OuterProduct_2/pir/AccelMain.scala,../gen/Tst_pirTest/OuterProduct_2/log/,../gen/Tst_pirTest/OuterProduct_2/log/gentst.log,../gen/Tst_pirTest/OuterProduct_2/pir/out/resource.csv,../gen/Tst_pirTest/OuterProduct_2/log/maketst.log,../gen/Tst_pirTest/OuterProduct_2/log/runp2p.log,../gen/Tst_pirTest/OuterProduct_2/log/runhybrid.log,True,,,19.769193881,,18,18,,,,,,,,,,,,,,,,,,,,,,,,,,,,,,,0:45.85,33050,,True,False,True,,0.154917,7.93174,0:03.63,,,,False,False,,,,,True,False,True
0c1a01dc,cab9ac93,2019-08-04 00:43:10,OuterProduct_3,pirTest,Tst,1000000000.0,../gen/Tst_pirTest/OuterProduct_3/log/runproute.log,../gen/Tst_pirTest/OuterProduct_3/log/runproute.sh,../gen/Tst_pirTest/OuterProduct_3/plastisim/summary.csv,../gen/Tst_pirTest/OuterProduct_3/pir/AccelMain.scala,../gen/Tst_pirTest/OuterProduct_3/log/,../gen/Tst_pirTest/OuterProduct_3/log/gentst.log,../gen/Tst_pirTest/OuterProduct_3/pir/out/resource.csv,../gen/Tst_pirTest/OuterProduct_3/log/maketst.log,../gen/Tst_pirTest/OuterProduct_3/log/runp2p.log,../gen/Tst_pirTest/OuterProduct_3/log/runhybrid.log,True,,,20.441890319,,18,18,,,,,,,,,,,,,,,,,,,,,,,,,,,,,,,0:48.39,33055,,True,False,True,,0.154893,7.93054,0:04.37,,,,False,False,,,,,True,False,True
0c1a01dc,cab9ac93,2019-08-04 00:43:10,OuterProduct_4,pirTest,Tst,1000000000.0,../gen/Tst_pirTest/OuterProduct_4/log/runproute.log,../gen/Tst_pirTest/OuterProduct_4/log/runproute.sh,../gen/Tst_pirTest/OuterProduct_4/plastisim/summary.csv,../gen/Tst_pirTest/OuterProduct_4/pir/AccelMain.scala,../gen/Tst_pirTest/OuterProduct_4/log/,../gen/Tst_pirTest/OuterProduct_4/log/gentst.log,../gen/Tst_pirTest/OuterProduct_4/pir/out/resource.csv,../gen/Tst_pirTest/OuterProduct_4/log/maketst.log,../gen/Tst_pirTest/OuterProduct_4/log/runp2p.log,../gen/Tst_pirTest/OuterProduct_4/log/runhybrid.log,True,,,33.236199999,,18,18,,,,,,,,,,,,,,,,,,,,,,,,,,,,,,,1:09.98,16671,,True,False,True,,0.30712,15.7246,0:04.21,,,,False,False,,,,,True,False,True
0c1a01dc,cab9ac93,2019-08-04 00:43:10,OuterProduct_5,pirTest,Tst,1000000000.0,../gen/Tst_pirTest/OuterProduct_5/log/runproute.log,../gen/Tst_pirTest/OuterProduct_5/log/runproute.sh,../gen/Tst_pirTest/OuterProduct_5/plastisim/summary.csv,../gen/Tst_pirTest/OuterProduct_5/pir/AccelMain.scala,../gen/Tst_pirTest/OuterProduct_5/log/,../gen/Tst_pirTest/OuterProduct_5/log/gentst.log,../gen/Tst_pirTest/OuterProduct_5/pir/out/resource.csv,../gen/Tst_pirTest/OuterProduct_5/log/maketst.log,../gen/Tst_pirTest/OuterProduct_5/log/runp2p.log,../gen/Tst_pirTest/OuterProduct_5/log/runhybrid.log,True,,,31.11685262,,18,18,,,,,,,,,,,,,,,,,,,,,,,,,,,,,,,1:08.48,5355,,True,False,True,,0.956116,48.9531,0:02.09,,,,False,False,,,,,True,False,True
0c1a01dc,cab9ac93,2019-08-04 00:43:10,OuterProduct_6,pirTest,Tst,1000000000.0,../gen/Tst_pirTest/OuterProduct_6/log/runproute.log,../gen/Tst_pirTest/OuterProduct_6/log/runproute.sh,../gen/Tst_pirTest/OuterProduct_6/plastisim/summary.csv,../gen/Tst_pirTest/OuterProduct_6/pir/AccelMain.scala,../gen/Tst_pirTest/OuterProduct_6/log/,../gen/Tst_pirTest/OuterProduct_6/log/gentst.log,../gen/Tst_pirTest/OuterProduct_6/pir/out/resource.csv,../gen/Tst_pirTest/OuterProduct_6/log/maketst.log,../gen/Tst_pirTest/OuterProduct_6/log/runp2p.log,../gen/Tst_pirTest/OuterProduct_6/log/runhybrid.log,True,,,14.321308616,,18,18,,,,,,,,,,,,,,,,,,,,,,,,,,,,,,,0:39.84,6997,,True,False,True,,0.82321,37.4652,0:01.06,,,,False,False,,,,,True,False,True
0c1a01dc,cab9ac93,2019-08-04 00:43:10,OuterProduct_7,pirTest,Tst,1000000000.0,../gen/Tst_pirTest/OuterProduct_7/log/runproute.log,../gen/Tst_pirTest/OuterProduct_7/log/runproute.sh,../gen/Tst_pirTest/OuterProduct_7/plastisim/summary.csv,../gen/Tst_pirTest/OuterProduct_7/pir/AccelMain.scala,../gen/Tst_pirTest/OuterProduct_7/log/,../gen/Tst_pirTest/OuterProduct_7/log/gentst.log,../gen/Tst_pirTest/OuterProduct_7/pir/out/resource.csv,../gen/Tst_pirTest/OuterProduct_7/log/maketst.log,../gen/Tst_pirTest/OuterProduct_7/log/runp2p.log,../gen/Tst_pirTest/OuterProduct_7/log/runhybrid.log,True,,,19.911132983,,18,18,,,,,,,,,,,,,,,,,,,,,,,,,,,,,,,0:45.05,5366,,True,False,True,,0.954156,48.8528,0:01.23,,,,False,False,,,,,True,False,True
0c1a01dc,cab9ac93,2019-08-04 00:43:10,OuterProduct_8,pirTest,Tst,1000000000.0,../gen/Tst_pirTest/OuterProduct_8/log/runproute.log,../gen/Tst_pirTest/OuterProduct_8/log/runproute.sh,../gen/Tst_pirTest/OuterProduct_8/plastisim/summary.csv,../gen/Tst_pirTest/OuterProduct_8/pir/AccelMain.scala,../gen/Tst_pirTest/OuterProduct_8/log/,../gen/Tst_pirTest/OuterProduct_8/log/gentst.log,../gen/Tst_pirTest/OuterProduct_8/pir/out/resource.csv,../gen/Tst_pirTest/OuterProduct_8/log/maketst.log,../gen/Tst_pirTest/OuterProduct_8/log/runp2p.log,../gen/Tst_pirTest/OuterProduct_8/log/runhybrid.log,True,,,21.220618112,,18,18,,,,,,,,,,,,,,,,,,,,,,,,,,,,,,,0:55.03,5371,,True,False,True,,0.953268,48.8073,0:01.85,,,,False,False,,,,,True,False,True
0c1a01dc,cab9ac93,2019-08-04 00:43:10,SGD_0,pirTest,Tst,1000000000.0,../gen/Tst_pirTest/SGD_0/log/runproute.log,../gen/Tst_pirTest/SGD_0/log/runproute.sh,../gen/Tst_pirTest/SGD_0/plastisim/summary.csv,../gen/Tst_pirTest/SGD_0/pir/AccelMain.scala,../gen/Tst_pirTest/SGD_0/log/,../gen/Tst_pirTest/SGD_0/log/gentst.log,../gen/Tst_pirTest/SGD_0/pir/out/resource.csv,../gen/Tst_pirTest/SGD_0/log/maketst.log,../gen/Tst_pirTest/SGD_0/log/runp2p.log,../gen/Tst_pirTest/SGD_0/log/runhybrid.log,True,,,17.331540893,,18,18,,,,,,,,,,,,,,,,,,,,,,,,,,,,,,,0:48.54,15057,,True,False,True,,2.24427,0.00850103,0:02.24,,,,False,False,,,,,True,False,True
0c1a01dc,cab9ac93,2019-08-04 00:43:10,SGD_1,pirTest,Tst,1000000000.0,../gen/Tst_pirTest/SGD_1/log/runproute.log,../gen/Tst_pirTest/SGD_1/log/runproute.sh,../gen/Tst_pirTest/SGD_1/plastisim/summary.csv,../gen/Tst_pirTest/SGD_1/pir/AccelMain.scala,../gen/Tst_pirTest/SGD_1/log/,../gen/Tst_pirTest/SGD_1/log/gentst.log,../gen/Tst_pirTest/SGD_1/pir/out/resource.csv,../gen/Tst_pirTest/SGD_1/log/maketst.log,../gen/Tst_pirTest/SGD_1/log/runp2p.log,../gen/Tst_pirTest/SGD_1/log/runhybrid.log,True,,,25.09358204,,18,18,,,,,,,,,,,,,,,,,,,,,,,,,,,,,,,0:49.18,8089,,True,False,True,,4.17753,0.015824,0:01.24,,,,False,False,,,,,True,False,True
0c1a01dc,cab9ac93,2019-08-04 00:43:10,SGD_2,pirTest,Tst,1000000000.0,../gen/Tst_pirTest/SGD_2/log/runproute.log,../gen/Tst_pirTest/SGD_2/log/runproute.sh,../gen/Tst_pirTest/SGD_2/plastisim/summary.csv,../gen/Tst_pirTest/SGD_2/pir/AccelMain.scala,../gen/Tst_pirTest/SGD_2/log/,../gen/Tst_pirTest/SGD_2/log/gentst.log,../gen/Tst_pirTest/SGD_2/pir/out/resource.csv,../gen/Tst_pirTest/SGD_2/log/maketst.log,../gen/Tst_pirTest/SGD_2/log/runp2p.log,../gen/Tst_pirTest/SGD_2/log/runhybrid.log,True,,,25.663522399,,18,18,,,,,,,,,,,,,,,,,,,,,,,,,,,,,,,1:01.82,14947,,True,False,True,,2.26079,0.00856359,0:03.10,,,,False,False,,,,,True,False,True
0c1a01dc,cab9ac93,2019-08-04 00:43:10,SGD_3,pirTest,Tst,1000000000.0,../gen/Tst_pirTest/SGD_3/log/runproute.log,../gen/Tst_pirTest/SGD_3/log/runproute.sh,../gen/Tst_pirTest/SGD_3/plastisim/summary.csv,../gen/Tst_pirTest/SGD_3/pir/AccelMain.scala,../gen/Tst_pirTest/SGD_3/log/,../gen/Tst_pirTest/SGD_3/log/gentst.log,../gen/Tst_pirTest/SGD_3/pir/out/resource.csv,../gen/Tst_pirTest/SGD_3/log/maketst.log,../gen/Tst_pirTest/SGD_3/log/runp2p.log,../gen/Tst_pirTest/SGD_3/log/runhybrid.log,True,,,34.175799333,,18,18,,,,,,,,,,,,,,,,,,,,,,,,,,,,,,,0:53.31,7993,,True,False,True,,4.2277,0.016014,0:01.58,,,,False,False,,,,,True,False,True
0c1a01dc,cab9ac93,2019-08-04 00:43:10,SimpleDotProduct_0,pirTest,Tst,1000000000.0,../gen/Tst_pirTest/SimpleDotProduct_0/log/runproute.log,../gen/Tst_pirTest/SimpleDotProduct_0/log/runproute.sh,../gen/Tst_pirTest/SimpleDotProduct_0/plastisim/summary.csv,../gen/Tst_pirTest/SimpleDotProduct_0/pir/AccelMain.scala,../gen/Tst_pirTest/SimpleDotProduct_0/log/,../gen/Tst_pirTest/SimpleDotProduct_0/log/gentst.log,../gen/Tst_pirTest/SimpleDotProduct_0/pir/out/resource.csv,../gen/Tst_pirTest/SimpleDotProduct_0/log/maketst.log,../gen/Tst_pirTest/SimpleDotProduct_0/log/runp2p.log,../gen/Tst_pirTest/SimpleDotProduct_0/log/runhybrid.log,True,,,9.157204018,,18,18,,,,,,,,,,,,,,,,,,,,,,,,,,,,,,,0:29.27,1088,,True,False,True,,0.0,0.0,0:00.30,,,,False,False,,,,,True,False,True
0c1a01dc,cab9ac93,2019-08-04 00:43:10,SimpleDotProduct_1,pirTest,Tst,1000000000.0,../gen/Tst_pirTest/SimpleDotProduct_1/log/runproute.log,../gen/Tst_pirTest/SimpleDotProduct_1/log/runproute.sh,../gen/Tst_pirTest/SimpleDotProduct_1/plastisim/summary.csv,../gen/Tst_pirTest/SimpleDotProduct_1/pir/AccelMain.scala,../gen/Tst_pirTest/SimpleDotProduct_1/log/,../gen/Tst_pirTest/SimpleDotProduct_1/log/gentst.log,../gen/Tst_pirTest/SimpleDotProduct_1/pir/out/resource.csv,../gen/Tst_pirTest/SimpleDotProduct_1/log/maketst.log,../gen/Tst_pirTest/SimpleDotProduct_1/log/runp2p.log,../gen/Tst_pirTest/SimpleDotProduct_1/log/runhybrid.log,True,,,11.150620127,,18,18,,,,,,,,,,,,,,,,,,,,,,,,,,,,,,,0:32.74,576,,True,False,True,,0.0,0.0,0:00.34,,,,False,False,,,,,True,False,True
0c1a01dc,cab9ac93,2019-08-04 00:43:10,StreamInOutStop,pirTest,Tst,1000000000.0,../gen/Tst_pirTest/StreamInOutStop/log/runproute.log,../gen/Tst_pirTest/StreamInOutStop/log/runproute.sh,../gen/Tst_pirTest/StreamInOutStop/plastisim/summary.csv,../gen/Tst_pirTest/StreamInOutStop/pir/AccelMain.scala,../gen/Tst_pirTest/StreamInOutStop/log/,../gen/Tst_pirTest/StreamInOutStop/log/gentst.log,../gen/Tst_pirTest/StreamInOutStop/pir/out/resource.csv,../gen/Tst_pirTest/StreamInOutStop/log/maketst.log,../gen/Tst_pirTest/StreamInOutStop/log/runp2p.log,../gen/Tst_pirTest/StreamInOutStop/log/runhybrid.log,True,,,6.834974349,,18,18,,,,,,,,,,,,,,,,,,,,,,,,,,,,,,,0:25.23,25,,True,False,True,,0.0,0.0,0:00.29,,,,False,False,,,,,True,False,True
0c1a01dc,cab9ac93,2019-08-04 00:43:10,StreamInfDotProduct_0,pirTest,Tst,1000000000.0,../gen/Tst_pirTest/StreamInfDotProduct_0/log/runproute.log,../gen/Tst_pirTest/StreamInfDotProduct_0/log/runproute.sh,../gen/Tst_pirTest/StreamInfDotProduct_0/plastisim/summary.csv,../gen/Tst_pirTest/StreamInfDotProduct_0/pir/AccelMain.scala,../gen/Tst_pirTest/StreamInfDotProduct_0/log/,../gen/Tst_pirTest/StreamInfDotProduct_0/log/gentst.log,../gen/Tst_pirTest/StreamInfDotProduct_0/pir/out/resource.csv,../gen/Tst_pirTest/StreamInfDotProduct_0/log/maketst.log,../gen/Tst_pirTest/StreamInfDotProduct_0/log/runp2p.log,../gen/Tst_pirTest/StreamInfDotProduct_0/log/runhybrid.log,True,,,11.922516508,,18,18,,,,,,,,,,,,,,,,,,,,,,,,,,,,,,,0:32.71,174,,True,False,True,,0.0,0.0,0:00.29,,,,False,False,,,,,True,False,True
0c1a01dc,cab9ac93,2019-08-04 00:43:10,StreamInfDotProduct_1,pirTest,Tst,1000000000.0,../gen/Tst_pirTest/StreamInfDotProduct_1/log/runproute.log,../gen/Tst_pirTest/StreamInfDotProduct_1/log/runproute.sh,../gen/Tst_pirTest/StreamInfDotProduct_1/plastisim/summary.csv,../gen/Tst_pirTest/StreamInfDotProduct_1/pir/AccelMain.scala,../gen/Tst_pirTest/StreamInfDotProduct_1/log/,../gen/Tst_pirTest/StreamInfDotProduct_1/log/gentst.log,../gen/Tst_pirTest/StreamInfDotProduct_1/pir/out/resource.csv,../gen/Tst_pirTest/StreamInfDotProduct_1/log/maketst.log,../gen/Tst_pirTest/StreamInfDotProduct_1/log/runp2p.log,../gen/Tst_pirTest/StreamInfDotProduct_1/log/runhybrid.log,True,,,16.550303503,,18,18,,,,,,,,,,,,,,,,,,,,,,,,,,,,,,,0:38.45,187,,True,False,True,,0.0,0.0,0:00.33,,,,False,False,,,,,True,False,True
0c1a01dc,cab9ac93,2019-08-04 00:43:10,StreamInfDotProduct_2,pirTest,Tst,1000000000.0,../gen/Tst_pirTest/StreamInfDotProduct_2/log/runproute.log,../gen/Tst_pirTest/StreamInfDotProduct_2/log/runproute.sh,../gen/Tst_pirTest/StreamInfDotProduct_2/plastisim/summary.csv,../gen/Tst_pirTest/StreamInfDotProduct_2/pir/AccelMain.scala,../gen/Tst_pirTest/StreamInfDotProduct_2/log/,../gen/Tst_pirTest/StreamInfDotProduct_2/log/gentst.log,../gen/Tst_pirTest/StreamInfDotProduct_2/pir/out/resource.csv,../gen/Tst_pirTest/StreamInfDotProduct_2/log/maketst.log,../gen/Tst_pirTest/StreamInfDotProduct_2/log/runp2p.log,../gen/Tst_pirTest/StreamInfDotProduct_2/log/runhybrid.log,True,,,13.13534575,,18,18,,,,,,,,,,,,,,,,,,,,,,,,,,,,,,,0:36.26,178,,True,False,True,,0.0,0.0,0:00.34,,,,False,False,,,,,True,False,True
0c1a01dc,cab9ac93,2019-08-04 00:43:10,StreamInfDotProduct_3,pirTest,Tst,1000000000.0,../gen/Tst_pirTest/StreamInfDotProduct_3/log/runproute.log,../gen/Tst_pirTest/StreamInfDotProduct_3/log/runproute.sh,../gen/Tst_pirTest/StreamInfDotProduct_3/plastisim/summary.csv,../gen/Tst_pirTest/StreamInfDotProduct_3/pir/AccelMain.scala,../gen/Tst_pirTest/StreamInfDotProduct_3/log/,../gen/Tst_pirTest/StreamInfDotProduct_3/log/gentst.log,../gen/Tst_pirTest/StreamInfDotProduct_3/pir/out/resource.csv,../gen/Tst_pirTest/StreamInfDotProduct_3/log/maketst.log,../gen/Tst_pirTest/StreamInfDotProduct_3/log/runp2p.log,../gen/Tst_pirTest/StreamInfDotProduct_3/log/runhybrid.log,True,,,16.221318106,,18,18,,,,,,,,,,,,,,,,,,,,,,,,,,,,,,,0:42.46,198,,True,False,True,,0.0,0.0,0:00.38,,,,False,False,,,,,True,False,True
0c1a01dc,cab9ac93,2019-08-04 00:43:10,StreamInfDotProduct_4,pirTest,Tst,1000000000.0,../gen/Tst_pirTest/StreamInfDotProduct_4/log/runproute.log,../gen/Tst_pirTest/StreamInfDotProduct_4/log/runproute.sh,../gen/Tst_pirTest/StreamInfDotProduct_4/plastisim/summary.csv,../gen/Tst_pirTest/StreamInfDotProduct_4/pir/AccelMain.scala,../gen/Tst_pirTest/StreamInfDotProduct_4/log/,../gen/Tst_pirTest/StreamInfDotProduct_4/log/gentst.log,../gen/Tst_pirTest/StreamInfDotProduct_4/pir/out/resource.csv,../gen/Tst_pirTest/StreamInfDotProduct_4/log/maketst.log,../gen/Tst_pirTest/StreamInfDotProduct_4/log/runp2p.log,../gen/Tst_pirTest/StreamInfDotProduct_4/log/runhybrid.log,True,,,14.086059113,,18,18,,,,,,,,,,,,,,,,,,,,,,,,,,,,,,,0:37.72,180,,True,False,True,,0.0,0.0,0:00.34,,,,False,False,,,,,True,False,True
0c1a01dc,cab9ac93,2019-08-04 00:43:10,StreamInfDotProduct_5,pirTest,Tst,1000000000.0,../gen/Tst_pirTest/StreamInfDotProduct_5/log/runproute.log,../gen/Tst_pirTest/StreamInfDotProduct_5/log/runproute.sh,../gen/Tst_pirTest/StreamInfDotProduct_5/plastisim/summary.csv,../gen/Tst_pirTest/StreamInfDotProduct_5/pir/AccelMain.scala,../gen/Tst_pirTest/StreamInfDotProduct_5/log/,../gen/Tst_pirTest/StreamInfDotProduct_5/log/gentst.log,../gen/Tst_pirTest/StreamInfDotProduct_5/pir/out/resource.csv,../gen/Tst_pirTest/StreamInfDotProduct_5/log/maketst.log,../gen/Tst_pirTest/StreamInfDotProduct_5/log/runp2p.log,../gen/Tst_pirTest/StreamInfDotProduct_5/log/runhybrid.log,True,,,10.134845327,,18,18,,,,,,,,,,,,,,,,,,,,,,,,,,,,,,,0:33.12,2051,,True,False,True,,0.0,0.0,0:00.35,,,,False,False,,,,,True,False,True
0c1a01dc,cab9ac93,2019-08-04 00:43:10,StreamInfKmeans_0,pirTest,Tst,1000000000.0,../gen/Tst_pirTest/StreamInfKmeans_0/log/runproute.log,../gen/Tst_pirTest/StreamInfKmeans_0/log/runproute.sh,../gen/Tst_pirTest/StreamInfKmeans_0/plastisim/summary.csv,../gen/Tst_pirTest/StreamInfKmeans_0/pir/AccelMain.scala,../gen/Tst_pirTest/StreamInfKmeans_0/log/,../gen/Tst_pirTest/StreamInfKmeans_0/log/gentst.log,../gen/Tst_pirTest/StreamInfKmeans_0/pir/out/resource.csv,../gen/Tst_pirTest/StreamInfKmeans_0/log/maketst.log,../gen/Tst_pirTest/StreamInfKmeans_0/log/runp2p.log,../gen/Tst_pirTest/StreamInfKmeans_0/log/runhybrid.log,True,,,13.524861084,,18,18,,,,,,,,,,,,,,,,,,,,,,,,,,,,,,,0:33.63,1105,,True,False,True,,0.0,0.0,0:00.29,,,,False,False,,,,,True,False,True
0c1a01dc,cab9ac93,2019-08-04 00:43:10,StreamInfKmeans_1,pirTest,Tst,1000000000.0,../gen/Tst_pirTest/StreamInfKmeans_1/log/runproute.log,../gen/Tst_pirTest/StreamInfKmeans_1/log/runproute.sh,../gen/Tst_pirTest/StreamInfKmeans_1/plastisim/summary.csv,../gen/Tst_pirTest/StreamInfKmeans_1/pir/AccelMain.scala,../gen/Tst_pirTest/StreamInfKmeans_1/log/,../gen/Tst_pirTest/StreamInfKmeans_1/log/gentst.log,../gen/Tst_pirTest/StreamInfKmeans_1/pir/out/resource.csv,../gen/Tst_pirTest/StreamInfKmeans_1/log/maketst.log,../gen/Tst_pirTest/StreamInfKmeans_1/log/runp2p.log,../gen/Tst_pirTest/StreamInfKmeans_1/log/runhybrid.log,True,,,20.289900271,,18,18,,,,,,,,,,,,,,,,,,,,,,,,,,,,,,,0:48.45,617,,True,False,True,,0.0,0.0,0:00.43,,,,False,False,,,,,True,False,True
0c1a01dc,cab9ac93,2019-08-04 00:43:10,StreamInfKmeans_2,pirTest,Tst,1000000000.0,../gen/Tst_pirTest/StreamInfKmeans_2/log/runproute.log,../gen/Tst_pirTest/StreamInfKmeans_2/log/runproute.sh,../gen/Tst_pirTest/StreamInfKmeans_2/plastisim/summary.csv,../gen/Tst_pirTest/StreamInfKmeans_2/pir/AccelMain.scala,../gen/Tst_pirTest/StreamInfKmeans_2/log/,../gen/Tst_pirTest/StreamInfKmeans_2/log/gentst.log,../gen/Tst_pirTest/StreamInfKmeans_2/pir/out/resource.csv,../gen/Tst_pirTest/StreamInfKmeans_2/log/maketst.log,../gen/Tst_pirTest/StreamInfKmeans_2/log/runp2p.log,../gen/Tst_pirTest/StreamInfKmeans_2/log/runhybrid.log,True,,,12.744669951,,18,18,,,,,,,,,,,,,,,,,,,,,,,,,,,,,,,0:23.73,609,,True,False,True,,0.0,0.0,0:00.24,,,,False,False,,,,,True,False,True
0c1a01dc,cab9ac93,2019-08-04 00:43:10,StreamInfKmeans_3,pirTest,Tst,1000000000.0,../gen/Tst_pirTest/StreamInfKmeans_3/log/runproute.log,../gen/Tst_pirTest/StreamInfKmeans_3/log/runproute.sh,../gen/Tst_pirTest/StreamInfKmeans_3/plastisim/summary.csv,../gen/Tst_pirTest/StreamInfKmeans_3/pir/AccelMain.scala,../gen/Tst_pirTest/StreamInfKmeans_3/log/,../gen/Tst_pirTest/StreamInfKmeans_3/log/gentst.log,../gen/Tst_pirTest/StreamInfKmeans_3/pir/out/resource.csv,../gen/Tst_pirTest/StreamInfKmeans_3/log/maketst.log,../gen/Tst_pirTest/StreamInfKmeans_3/log/runp2p.log,../gen/Tst_pirTest/StreamInfKmeans_3/log/runhybrid.log,True,,,12.995335474,,18,18,,,,,,,,,,,,,,,,,,,,,,,,,,,,,,,0:24.86,2129,,True,False,True,,0.0,0.0,0:00.30,,,,False,False,,,,,True,False,True
0c1a01dc,cab9ac93,2019-08-04 00:43:10,StreamInfKmeans_4,pirTest,Tst,1000000000.0,../gen/Tst_pirTest/StreamInfKmeans_4/log/runproute.log,../gen/Tst_pirTest/StreamInfKmeans_4/log/runproute.sh,../gen/Tst_pirTest/StreamInfKmeans_4/plastisim/summary.csv,../gen/Tst_pirTest/StreamInfKmeans_4/pir/AccelMain.scala,../gen/Tst_pirTest/StreamInfKmeans_4/log/,../gen/Tst_pirTest/StreamInfKmeans_4/log/gentst.log,../gen/Tst_pirTest/StreamInfKmeans_4/pir/out/resource.csv,../gen/Tst_pirTest/StreamInfKmeans_4/log/maketst.log,../gen/Tst_pirTest/StreamInfKmeans_4/log/runp2p.log,../gen/Tst_pirTest/StreamInfKmeans_4/log/runhybrid.log,True,,,10.8249815,,18,18,,,,,,,,,,,,,,,,,,,,,,,,,,,,,,,0:23.14,1121,,True,False,True,,0.0,0.0,0:00.27,,,,False,False,,,,,True,False,True
0c1a01dc,cab9ac93,2019-08-04 00:43:10,StreamInfKmeans_6,pirTest,Tst,1000000000.0,../gen/Tst_pirTest/StreamInfKmeans_6/log/runproute.log,../gen/Tst_pirTest/StreamInfKmeans_6/log/runproute.sh,../gen/Tst_pirTest/StreamInfKmeans_6/plastisim/summary.csv,../gen/Tst_pirTest/StreamInfKmeans_6/pir/AccelMain.scala,../gen/Tst_pirTest/StreamInfKmeans_6/log/,../gen/Tst_pirTest/StreamInfKmeans_6/log/gentst.log,../gen/Tst_pirTest/StreamInfKmeans_6/pir/out/resource.csv,../gen/Tst_pirTest/StreamInfKmeans_6/log/maketst.log,../gen/Tst_pirTest/StreamInfKmeans_6/log/runp2p.log,../gen/Tst_pirTest/StreamInfKmeans_6/log/runhybrid.log,True,,,15.428285495,,18,18,,,,,,,,,,,,,,,,,,,,,,,,,,,,,,,0:24.87,355,,True,False,True,,0.0,0.0,0:00.28,,,,False,False,,,,,True,False,True
0c1a01dc,cab9ac93,2019-08-04 00:43:10,StreamInfKmeans_7,pirTest,Tst,1000000000.0,../gen/Tst_pirTest/StreamInfKmeans_7/log/runproute.log,../gen/Tst_pirTest/StreamInfKmeans_7/log/runproute.sh,../gen/Tst_pirTest/StreamInfKmeans_7/plastisim/summary.csv,../gen/Tst_pirTest/StreamInfKmeans_7/pir/AccelMain.scala,../gen/Tst_pirTest/StreamInfKmeans_7/log/,../gen/Tst_pirTest/StreamInfKmeans_7/log/gentst.log,../gen/Tst_pirTest/StreamInfKmeans_7/pir/out/resource.csv,../gen/Tst_pirTest/StreamInfKmeans_7/log/maketst.log,../gen/Tst_pirTest/StreamInfKmeans_7/log/runp2p.log,../gen/Tst_pirTest/StreamInfKmeans_7/log/runhybrid.log,True,,,20.560406114,,18,18,,,,,,,,,,,,,,,,,,,,,,,,,,,,,,,0:31.29,242,,True,False,True,,0.0,0.0,0:00.26,,,,False,False,,,,,True,False,True
0c1a01dc,cab9ac93,2019-08-04 00:43:10,StreamInfLogReg_0,pirTest,Tst,1000000000.0,../gen/Tst_pirTest/StreamInfLogReg_0/log/runproute.log,../gen/Tst_pirTest/StreamInfLogReg_0/log/runproute.sh,../gen/Tst_pirTest/StreamInfLogReg_0/plastisim/summary.csv,../gen/Tst_pirTest/StreamInfLogReg_0/pir/AccelMain.scala,../gen/Tst_pirTest/StreamInfLogReg_0/log/,../gen/Tst_pirTest/StreamInfLogReg_0/log/gentst.log,../gen/Tst_pirTest/StreamInfLogReg_0/pir/out/resource.csv,../gen/Tst_pirTest/StreamInfLogReg_0/log/maketst.log,../gen/Tst_pirTest/StreamInfLogReg_0/log/runp2p.log,../gen/Tst_pirTest/StreamInfLogReg_0/log/runhybrid.log,True,,,10.935426814,,18,18,,,,,,,,,,,,,,,,,,,,,,,,,,,,,,,0:30.52,183,,True,False,True,,0.0,0.0,0:00.25,,,,False,False,,,,,True,False,True
0c1a01dc,cab9ac93,2019-08-04 00:43:10,StreamInfLogReg_1,pirTest,Tst,1000000000.0,../gen/Tst_pirTest/StreamInfLogReg_1/log/runproute.log,../gen/Tst_pirTest/StreamInfLogReg_1/log/runproute.sh,../gen/Tst_pirTest/StreamInfLogReg_1/plastisim/summary.csv,../gen/Tst_pirTest/StreamInfLogReg_1/pir/AccelMain.scala,../gen/Tst_pirTest/StreamInfLogReg_1/log/,../gen/Tst_pirTest/StreamInfLogReg_1/log/gentst.log,../gen/Tst_pirTest/StreamInfLogReg_1/pir/out/resource.csv,../gen/Tst_pirTest/StreamInfLogReg_1/log/maketst.log,../gen/Tst_pirTest/StreamInfLogReg_1/log/runp2p.log,../gen/Tst_pirTest/StreamInfLogReg_1/log/runhybrid.log,True,,,14.639869879,,18,18,,,,,,,,,,,,,,,,,,,,,,,,,,,,,,,0:38.97,196,,True,False,True,,0.0,0.0,0:00.33,,,,False,False,,,,,True,False,True
0c1a01dc,cab9ac93,2019-08-04 00:43:10,StreamInfLogReg_2,pirTest,Tst,1000000000.0,../gen/Tst_pirTest/StreamInfLogReg_2/log/runproute.log,../gen/Tst_pirTest/StreamInfLogReg_2/log/runproute.sh,../gen/Tst_pirTest/StreamInfLogReg_2/plastisim/summary.csv,../gen/Tst_pirTest/StreamInfLogReg_2/pir/AccelMain.scala,../gen/Tst_pirTest/StreamInfLogReg_2/log/,../gen/Tst_pirTest/StreamInfLogReg_2/log/gentst.log,../gen/Tst_pirTest/StreamInfLogReg_2/pir/out/resource.csv,../gen/Tst_pirTest/StreamInfLogReg_2/log/maketst.log,../gen/Tst_pirTest/StreamInfLogReg_2/log/runp2p.log,../gen/Tst_pirTest/StreamInfLogReg_2/log/runhybrid.log,True,,,12.489635641,,18,18,,,,,,,,,,,,,,,,,,,,,,,,,,,,,,,0:35.15,183,,True,False,True,,0.0,0.0,0:00.35,,,,False,False,,,,,True,False,True
0c1a01dc,cab9ac93,2019-08-04 00:43:10,StreamInfLogReg_3,pirTest,Tst,1000000000.0,../gen/Tst_pirTest/StreamInfLogReg_3/log/runproute.log,../gen/Tst_pirTest/StreamInfLogReg_3/log/runproute.sh,../gen/Tst_pirTest/StreamInfLogReg_3/plastisim/summary.csv,../gen/Tst_pirTest/StreamInfLogReg_3/pir/AccelMain.scala,../gen/Tst_pirTest/StreamInfLogReg_3/log/,../gen/Tst_pirTest/StreamInfLogReg_3/log/gentst.log,../gen/Tst_pirTest/StreamInfLogReg_3/pir/out/resource.csv,../gen/Tst_pirTest/StreamInfLogReg_3/log/maketst.log,../gen/Tst_pirTest/StreamInfLogReg_3/log/runp2p.log,../gen/Tst_pirTest/StreamInfLogReg_3/log/runhybrid.log,True,,,11.976415316,,18,18,,,,,,,,,,,,,,,,,,,,,,,,,,,,,,,0:21.13,196,,True,False,True,,0.0,0.0,0:00.19,,,,False,False,,,,,True,False,True
0c1a01dc,cab9ac93,2019-08-04 00:43:10,StreamInfLogReg_4,pirTest,Tst,1000000000.0,../gen/Tst_pirTest/StreamInfLogReg_4/log/runproute.log,../gen/Tst_pirTest/StreamInfLogReg_4/log/runproute.sh,../gen/Tst_pirTest/StreamInfLogReg_4/plastisim/summary.csv,../gen/Tst_pirTest/StreamInfLogReg_4/pir/AccelMain.scala,../gen/Tst_pirTest/StreamInfLogReg_4/log/,../gen/Tst_pirTest/StreamInfLogReg_4/log/gentst.log,../gen/Tst_pirTest/StreamInfLogReg_4/pir/out/resource.csv,../gen/Tst_pirTest/StreamInfLogReg_4/log/maketst.log,../gen/Tst_pirTest/StreamInfLogReg_4/log/runp2p.log,../gen/Tst_pirTest/StreamInfLogReg_4/log/runhybrid.log,True,,,15.677419073,,18,18,,,,,,,,,,,,,,,,,,,,,,,,,,,,,,,0:40.75,189,,True,False,True,,0.0,0.0,0:00.31,,,,False,False,,,,,True,False,True
0c1a01dc,cab9ac93,2019-08-04 00:43:10,StreamInfLogReg_5,pirTest,Tst,1000000000.0,../gen/Tst_pirTest/StreamInfLogReg_5/log/runproute.log,../gen/Tst_pirTest/StreamInfLogReg_5/log/runproute.sh,../gen/Tst_pirTest/StreamInfLogReg_5/plastisim/summary.csv,../gen/Tst_pirTest/StreamInfLogReg_5/pir/AccelMain.scala,../gen/Tst_pirTest/StreamInfLogReg_5/log/,../gen/Tst_pirTest/StreamInfLogReg_5/log/gentst.log,../gen/Tst_pirTest/StreamInfLogReg_5/pir/out/resource.csv,../gen/Tst_pirTest/StreamInfLogReg_5/log/maketst.log,../gen/Tst_pirTest/StreamInfLogReg_5/log/runp2p.log,../gen/Tst_pirTest/StreamInfLogReg_5/log/runhybrid.log,True,,,14.753701383,,18,18,,,,,,,,,,,,,,,,,,,,,,,,,,,,,,,0:35.98,189,,True,False,True,,0.0,0.0,0:00.27,,,,False,False,,,,,True,False,True
0c1a01dc,cab9ac93,2019-08-04 00:43:10,StreamInfLogReg_6,pirTest,Tst,1000000000.0,../gen/Tst_pirTest/StreamInfLogReg_6/log/runproute.log,../gen/Tst_pirTest/StreamInfLogReg_6/log/runproute.sh,../gen/Tst_pirTest/StreamInfLogReg_6/plastisim/summary.csv,../gen/Tst_pirTest/StreamInfLogReg_6/pir/AccelMain.scala,../gen/Tst_pirTest/StreamInfLogReg_6/log/,../gen/Tst_pirTest/StreamInfLogReg_6/log/gentst.log,../gen/Tst_pirTest/StreamInfLogReg_6/pir/out/resource.csv,../gen/Tst_pirTest/StreamInfLogReg_6/log/maketst.log,../gen/Tst_pirTest/StreamInfLogReg_6/log/runp2p.log,../gen/Tst_pirTest/StreamInfLogReg_6/log/runhybrid.log,True,,,10.70988993,,18,18,,,,,,,,,,,,,,,,,,,,,,,,,,,,,,,0:27.05,566,,True,False,True,,0.0,0.0,0:00.23,,,,False,False,,,,,True,False,True
0c1a01dc,cab9ac93,2019-08-04 00:43:10,StreamInfNN_0,pirTest,Tst,1000000000.0,../gen/Tst_pirTest/StreamInfNN_0/log/runproute.log,../gen/Tst_pirTest/StreamInfNN_0/log/runproute.sh,../gen/Tst_pirTest/StreamInfNN_0/plastisim/summary.csv,../gen/Tst_pirTest/StreamInfNN_0/pir/AccelMain.scala,../gen/Tst_pirTest/StreamInfNN_0/log/,../gen/Tst_pirTest/StreamInfNN_0/log/gentst.log,../gen/Tst_pirTest/StreamInfNN_0/pir/out/resource.csv,../gen/Tst_pirTest/StreamInfNN_0/log/maketst.log,../gen/Tst_pirTest/StreamInfNN_0/log/runp2p.log,../gen/Tst_pirTest/StreamInfNN_0/log/runhybrid.log,True,,,21.184956252,,18,18,,,,,,,,,,,,,,,,,,,,,,,,,,,,,,,0:46.62,28838,,True,False,True,,0.0,0.0,0:02.69,,,,False,False,,,,,True,False,True
0c1a01dc,cab9ac93,2019-08-04 00:43:10,StreamInfNN_1,pirTest,Tst,1000000000.0,../gen/Tst_pirTest/StreamInfNN_1/log/runproute.log,../gen/Tst_pirTest/StreamInfNN_1/log/runproute.sh,../gen/Tst_pirTest/StreamInfNN_1/plastisim/summary.csv,../gen/Tst_pirTest/StreamInfNN_1/pir/AccelMain.scala,../gen/Tst_pirTest/StreamInfNN_1/log/,../gen/Tst_pirTest/StreamInfNN_1/log/gentst.log,../gen/Tst_pirTest/StreamInfNN_1/pir/out/resource.csv,../gen/Tst_pirTest/StreamInfNN_1/log/maketst.log,../gen/Tst_pirTest/StreamInfNN_1/log/runp2p.log,../gen/Tst_pirTest/StreamInfNN_1/log/runhybrid.log,True,,,28.965395882,,18,18,,,,,,,,,,,,,,,,,,,,,,,,,,,,,,,0:33.53,14517,,True,False,True,,0.0,0.0,0:01.82,,,,False,False,,,,,True,False,True
0c1a01dc,cab9ac93,2019-08-04 00:43:10,StreamInfNN_2,pirTest,Tst,1000000000.0,../gen/Tst_pirTest/StreamInfNN_2/log/runproute.log,../gen/Tst_pirTest/StreamInfNN_2/log/runproute.sh,../gen/Tst_pirTest/StreamInfNN_2/plastisim/summary.csv,../gen/Tst_pirTest/StreamInfNN_2/pir/AccelMain.scala,../gen/Tst_pirTest/StreamInfNN_2/log/,../gen/Tst_pirTest/StreamInfNN_2/log/gentst.log,../gen/Tst_pirTest/StreamInfNN_2/pir/out/resource.csv,../gen/Tst_pirTest/StreamInfNN_2/log/maketst.log,../gen/Tst_pirTest/StreamInfNN_2/log/runp2p.log,../gen/Tst_pirTest/StreamInfNN_2/log/runhybrid.log,True,,,20.235598832,,18,18,,,,,,,,,,,,,,,,,,,,,,,,,,,,,,,0:51.55,115271,,True,False,True,,0.0,0.0,0:11.68,,,,False,False,,,,,True,False,True
0c1a01dc,cab9ac93,2019-08-04 00:43:10,StreamInfNN_3,pirTest,Tst,1000000000.0,../gen/Tst_pirTest/StreamInfNN_3/log/runproute.log,../gen/Tst_pirTest/StreamInfNN_3/log/runproute.sh,../gen/Tst_pirTest/StreamInfNN_3/plastisim/summary.csv,../gen/Tst_pirTest/StreamInfNN_3/pir/AccelMain.scala,../gen/Tst_pirTest/StreamInfNN_3/log/,../gen/Tst_pirTest/StreamInfNN_3/log/gentst.log,../gen/Tst_pirTest/StreamInfNN_3/pir/out/resource.csv,../gen/Tst_pirTest/StreamInfNN_3/log/maketst.log,../gen/Tst_pirTest/StreamInfNN_3/log/runp2p.log,../gen/Tst_pirTest/StreamInfNN_3/log/runhybrid.log,True,,,16.881554871,,18,18,,,,,,,,,,,,,,,,,,,,,,,,,,,,,,,0:30.18,57717,,True,False,True,,0.0,0.0,0:05.75,,,,False,False,,,,,True,False,True
0c1a01dc,cab9ac93,2019-08-04 00:43:10,StreamInfNN_4,pirTest,Tst,1000000000.0,../gen/Tst_pirTest/StreamInfNN_4/log/runproute.log,../gen/Tst_pirTest/StreamInfNN_4/log/runproute.sh,../gen/Tst_pirTest/StreamInfNN_4/plastisim/summary.csv,../gen/Tst_pirTest/StreamInfNN_4/pir/AccelMain.scala,../gen/Tst_pirTest/StreamInfNN_4/log/,../gen/Tst_pirTest/StreamInfNN_4/log/gentst.log,../gen/Tst_pirTest/StreamInfNN_4/pir/out/resource.csv,../gen/Tst_pirTest/StreamInfNN_4/log/maketst.log,../gen/Tst_pirTest/StreamInfNN_4/log/runp2p.log,../gen/Tst_pirTest/StreamInfNN_4/log/runhybrid.log,True,,,30.399871136,,18,18,,,,,,,,,,,,,,,,,,,,,,,,,,,,,,,0:44.07,29055,,True,False,True,,0.0,0.0,0:06.42,,,,False,False,,,,,True,False,True
0c1a01dc,cab9ac93,2019-08-04 00:43:10,StreamInfNN_5,pirTest,Tst,1000000000.0,../gen/Tst_pirTest/StreamInfNN_5/log/runproute.log,../gen/Tst_pirTest/StreamInfNN_5/log/runproute.sh,../gen/Tst_pirTest/StreamInfNN_5/plastisim/summary.csv,../gen/Tst_pirTest/StreamInfNN_5/pir/AccelMain.scala,../gen/Tst_pirTest/StreamInfNN_5/log/,../gen/Tst_pirTest/StreamInfNN_5/log/gentst.log,../gen/Tst_pirTest/StreamInfNN_5/pir/out/resource.csv,../gen/Tst_pirTest/StreamInfNN_5/log/maketst.log,../gen/Tst_pirTest/StreamInfNN_5/log/runp2p.log,../gen/Tst_pirTest/StreamInfNN_5/log/runhybrid.log,True,,,21.956782828,,18,18,,,,,,,,,,,,,,,,,,,,,,,,,,,,,,,0:56.86,1158,,True,False,True,,0.0,0.0,0:00.61,,,,False,False,,,,,True,False,True
0c1a01dc,cab9ac93,2019-08-04 00:43:10,StreamInfNN_6,pirTest,Tst,1000000000.0,../gen/Tst_pirTest/StreamInfNN_6/log/runproute.log,../gen/Tst_pirTest/StreamInfNN_6/log/runproute.sh,../gen/Tst_pirTest/StreamInfNN_6/plastisim/summary.csv,../gen/Tst_pirTest/StreamInfNN_6/pir/AccelMain.scala,../gen/Tst_pirTest/StreamInfNN_6/log/,../gen/Tst_pirTest/StreamInfNN_6/log/gentst.log,../gen/Tst_pirTest/StreamInfNN_6/pir/out/resource.csv,../gen/Tst_pirTest/StreamInfNN_6/log/maketst.log,../gen/Tst_pirTest/StreamInfNN_6/log/runp2p.log,../gen/Tst_pirTest/StreamInfNN_6/log/runhybrid.log,True,,,18.399060879,,18,18,,,,,,,,,,,,,,,,,,,,,,,,,,,,,,,0:49.25,28847,,True,False,True,,0.0,0.0,0:03.20,,,,False,False,,,,,True,False,True
0c1a01dc,cab9ac93,2019-08-04 00:43:10,StreamInfNN_7,pirTest,Tst,1000000000.0,../gen/Tst_pirTest/StreamInfNN_7/log/runproute.log,../gen/Tst_pirTest/StreamInfNN_7/log/runproute.sh,../gen/Tst_pirTest/StreamInfNN_7/plastisim/summary.csv,../gen/Tst_pirTest/StreamInfNN_7/pir/AccelMain.scala,../gen/Tst_pirTest/StreamInfNN_7/log/,../gen/Tst_pirTest/StreamInfNN_7/log/gentst.log,../gen/Tst_pirTest/StreamInfNN_7/pir/out/resource.csv,../gen/Tst_pirTest/StreamInfNN_7/log/maketst.log,../gen/Tst_pirTest/StreamInfNN_7/log/runp2p.log,../gen/Tst_pirTest/StreamInfNN_7/log/runhybrid.log,True,,,20.397532819,,18,18,,,,,,,,,,,,,,,,,,,,,,,,,,,,,,,0:49.10,28847,,True,False,True,,0.0,0.0,0:03.09,,,,False,False,,,,,True,False,True
0c1a01dc,cab9ac93,2019-08-04 00:43:10,StreamInfSVM_0,pirTest,Tst,1000000000.0,../gen/Tst_pirTest/StreamInfSVM_0/log/runproute.log,../gen/Tst_pirTest/StreamInfSVM_0/log/runproute.sh,../gen/Tst_pirTest/StreamInfSVM_0/plastisim/summary.csv,../gen/Tst_pirTest/StreamInfSVM_0/pir/AccelMain.scala,../gen/Tst_pirTest/StreamInfSVM_0/log/,../gen/Tst_pirTest/StreamInfSVM_0/log/gentst.log,../gen/Tst_pirTest/StreamInfSVM_0/pir/out/resource.csv,../gen/Tst_pirTest/StreamInfSVM_0/log/maketst.log,../gen/Tst_pirTest/StreamInfSVM_0/log/runp2p.log,../gen/Tst_pirTest/StreamInfSVM_0/log/runhybrid.log,True,,,12.24914973,,18,18,,,,,,,,,,,,,,,,,,,,,,,,,,,,,,,0:38.48,3655,,True,False,True,,0.0,0.0,0:00.50,,,,False,False,,,,,True,False,True
0c1a01dc,cab9ac93,2019-08-04 00:43:10,StreamInfSVM_1,pirTest,Tst,1000000000.0,../gen/Tst_pirTest/StreamInfSVM_1/log/runproute.log,../gen/Tst_pirTest/StreamInfSVM_1/log/runproute.sh,../gen/Tst_pirTest/StreamInfSVM_1/plastisim/summary.csv,../gen/Tst_pirTest/StreamInfSVM_1/pir/AccelMain.scala,../gen/Tst_pirTest/StreamInfSVM_1/log/,../gen/Tst_pirTest/StreamInfSVM_1/log/gentst.log,../gen/Tst_pirTest/StreamInfSVM_1/pir/out/resource.csv,../gen/Tst_pirTest/StreamInfSVM_1/log/maketst.log,../gen/Tst_pirTest/StreamInfSVM_1/log/runp2p.log,../gen/Tst_pirTest/StreamInfSVM_1/log/runhybrid.log,True,,,17.650281142,,18,18,,,,,,,,,,,,,,,,,,,,,,,,,,,,,,,0:47.04,1878,,True,False,True,,0.0,0.0,0:00.41,,,,False,False,,,,,True,False,True
0c1a01dc,cab9ac93,2019-08-04 00:43:10,StreamInfSVM_3,pirTest,Tst,1000000000.0,../gen/Tst_pirTest/StreamInfSVM_3/log/runproute.log,../gen/Tst_pirTest/StreamInfSVM_3/log/runproute.sh,../gen/Tst_pirTest/StreamInfSVM_3/plastisim/summary.csv,../gen/Tst_pirTest/StreamInfSVM_3/pir/AccelMain.scala,../gen/Tst_pirTest/StreamInfSVM_3/log/,../gen/Tst_pirTest/StreamInfSVM_3/log/gentst.log,../gen/Tst_pirTest/StreamInfSVM_3/pir/out/resource.csv,../gen/Tst_pirTest/StreamInfSVM_3/log/maketst.log,../gen/Tst_pirTest/StreamInfSVM_3/log/runp2p.log,../gen/Tst_pirTest/StreamInfSVM_3/log/runhybrid.log,True,,,15.07254523,,18,18,,,,,,,,,,,,,,,,,,,,,,,,,,,,,,,0:39.91,3656,,True,False,True,,0.0,0.0,0:00.45,,,,False,False,,,,,True,False,True
0c1a01dc,cab9ac93,2019-08-04 00:43:10,StreamInfSVM_4,pirTest,Tst,1000000000.0,../gen/Tst_pirTest/StreamInfSVM_4/log/runproute.log,../gen/Tst_pirTest/StreamInfSVM_4/log/runproute.sh,../gen/Tst_pirTest/StreamInfSVM_4/plastisim/summary.csv,../gen/Tst_pirTest/StreamInfSVM_4/pir/AccelMain.scala,../gen/Tst_pirTest/StreamInfSVM_4/log/,../gen/Tst_pirTest/StreamInfSVM_4/log/gentst.log,../gen/Tst_pirTest/StreamInfSVM_4/pir/out/resource.csv,../gen/Tst_pirTest/StreamInfSVM_4/log/maketst.log,../gen/Tst_pirTest/StreamInfSVM_4/log/runp2p.log,../gen/Tst_pirTest/StreamInfSVM_4/log/runhybrid.log,True,,,18.09095736,,18,18,,,,,,,,,,,,,,,,,,,,,,,,,,,,,,,0:28.52,1888,,True,False,True,,0.0,0.0,0:00.37,,,,False,False,,,,,True,False,True
0c1a01dc,cab9ac93,2019-08-04 00:43:10,StreamInfSVM_5,pirTest,Tst,1000000000.0,../gen/Tst_pirTest/StreamInfSVM_5/log/runproute.log,../gen/Tst_pirTest/StreamInfSVM_5/log/runproute.sh,../gen/Tst_pirTest/StreamInfSVM_5/plastisim/summary.csv,../gen/Tst_pirTest/StreamInfSVM_5/pir/AccelMain.scala,../gen/Tst_pirTest/StreamInfSVM_5/log/,../gen/Tst_pirTest/StreamInfSVM_5/log/gentst.log,../gen/Tst_pirTest/StreamInfSVM_5/pir/out/resource.csv,../gen/Tst_pirTest/StreamInfSVM_5/log/maketst.log,../gen/Tst_pirTest/StreamInfSVM_5/log/runp2p.log,../gen/Tst_pirTest/StreamInfSVM_5/log/runhybrid.log,True,,,18.526524431,,18,18,,,,,,,,,,,,,,,,,,,,,,,,,,,,,,,0:37.74,976,,True,False,True,,0.0,0.0,0:00.34,,,,False,False,,,,,True,False,True
0c1a01dc,cab9ac93,2019-08-04 00:43:10,StreamSumFields_0,pirTest,Tst,1000000000.0,../gen/Tst_pirTest/StreamSumFields_0/log/runproute.log,../gen/Tst_pirTest/StreamSumFields_0/log/runproute.sh,../gen/Tst_pirTest/StreamSumFields_0/plastisim/summary.csv,../gen/Tst_pirTest/StreamSumFields_0/pir/AccelMain.scala,../gen/Tst_pirTest/StreamSumFields_0/log/,../gen/Tst_pirTest/StreamSumFields_0/log/gentst.log,../gen/Tst_pirTest/StreamSumFields_0/pir/out/resource.csv,../gen/Tst_pirTest/StreamSumFields_0/log/maketst.log,../gen/Tst_pirTest/StreamSumFields_0/log/runp2p.log,../gen/Tst_pirTest/StreamSumFields_0/log/runhybrid.log,True,,,11.508216499,,18,18,,,,,,,,,,,,,,,,,,,,,,,,,,,,,,,0:34.09,174,,True,False,True,,0.0,0.0,0:00.34,,,,False,False,,,,,True,False,True
0c1a01dc,cab9ac93,2019-08-04 00:43:10,StreamSumFields_1,pirTest,Tst,1000000000.0,../gen/Tst_pirTest/StreamSumFields_1/log/runproute.log,../gen/Tst_pirTest/StreamSumFields_1/log/runproute.sh,../gen/Tst_pirTest/StreamSumFields_1/plastisim/summary.csv,../gen/Tst_pirTest/StreamSumFields_1/pir/AccelMain.scala,../gen/Tst_pirTest/StreamSumFields_1/log/,../gen/Tst_pirTest/StreamSumFields_1/log/gentst.log,../gen/Tst_pirTest/StreamSumFields_1/pir/out/resource.csv,../gen/Tst_pirTest/StreamSumFields_1/log/maketst.log,../gen/Tst_pirTest/StreamSumFields_1/log/runp2p.log,../gen/Tst_pirTest/StreamSumFields_1/log/runhybrid.log,True,,,14.419093772,,18,18,,,,,,,,,,,,,,,,,,,,,,,,,,,,,,,0:35.95,187,,True,False,True,,0.0,0.0,0:00.29,,,,False,False,,,,,True,False,True
0c1a01dc,cab9ac93,2019-08-04 00:43:10,StreamTrainLogReg_0,pirTest,Tst,1000000000.0,../gen/Tst_pirTest/StreamTrainLogReg_0/log/runproute.log,../gen/Tst_pirTest/StreamTrainLogReg_0/log/runproute.sh,../gen/Tst_pirTest/StreamTrainLogReg_0/plastisim/summary.csv,../gen/Tst_pirTest/StreamTrainLogReg_0/pir/AccelMain.scala,../gen/Tst_pirTest/StreamTrainLogReg_0/log/,../gen/Tst_pirTest/StreamTrainLogReg_0/log/gentst.log,../gen/Tst_pirTest/StreamTrainLogReg_0/pir/out/resource.csv,../gen/Tst_pirTest/StreamTrainLogReg_0/log/maketst.log,../gen/Tst_pirTest/StreamTrainLogReg_0/log/runp2p.log,../gen/Tst_pirTest/StreamTrainLogReg_0/log/runhybrid.log,True,,,19.040399708,,18,18,,,,,,,,,,,,,,,,,,,,,,,,,,,,,,,0:52.23,2573,,True,False,True,,0.0,0.0,0:00.57,,,,False,False,,,,,True,False,True
0c1a01dc,cab9ac93,2019-08-04 00:43:10,StreamTrainLogReg_1,pirTest,Tst,1000000000.0,../gen/Tst_pirTest/StreamTrainLogReg_1/log/runproute.log,../gen/Tst_pirTest/StreamTrainLogReg_1/log/runproute.sh,../gen/Tst_pirTest/StreamTrainLogReg_1/plastisim/summary.csv,../gen/Tst_pirTest/StreamTrainLogReg_1/pir/AccelMain.scala,../gen/Tst_pirTest/StreamTrainLogReg_1/log/,../gen/Tst_pirTest/StreamTrainLogReg_1/log/gentst.log,../gen/Tst_pirTest/StreamTrainLogReg_1/pir/out/resource.csv,../gen/Tst_pirTest/StreamTrainLogReg_1/log/maketst.log,../gen/Tst_pirTest/StreamTrainLogReg_1/log/runp2p.log,../gen/Tst_pirTest/StreamTrainLogReg_1/log/runhybrid.log,True,,,21.048897724,,18,18,,,,,,,,,,,,,,,,,,,,,,,,,,,,,,,0:55.64,2797,,True,False,True,,0.0,0.0,0:00.68,,,,False,False,,,,,True,False,True
0c1a01dc,cab9ac93,2019-08-04 00:43:10,StreamTrainLogReg_2,pirTest,Tst,1000000000.0,../gen/Tst_pirTest/StreamTrainLogReg_2/log/runproute.log,../gen/Tst_pirTest/StreamTrainLogReg_2/log/runproute.sh,../gen/Tst_pirTest/StreamTrainLogReg_2/plastisim/summary.csv,../gen/Tst_pirTest/StreamTrainLogReg_2/pir/AccelMain.scala,../gen/Tst_pirTest/StreamTrainLogReg_2/log/,../gen/Tst_pirTest/StreamTrainLogReg_2/log/gentst.log,../gen/Tst_pirTest/StreamTrainLogReg_2/pir/out/resource.csv,../gen/Tst_pirTest/StreamTrainLogReg_2/log/maketst.log,../gen/Tst_pirTest/StreamTrainLogReg_2/log/runp2p.log,../gen/Tst_pirTest/StreamTrainLogReg_2/log/runhybrid.log,True,,,23.459128786,,18,18,,,,,,,,,,,,,,,,,,,,,,,,,,,,,,,0:55.36,2733,,True,False,True,,0.0,0.0,0:00.74,,,,False,False,,,,,True,False,True
0c1a01dc,cab9ac93,2019-08-04 00:43:10,StreamTrainLogReg_3,pirTest,Tst,1000000000.0,../gen/Tst_pirTest/StreamTrainLogReg_3/log/runproute.log,../gen/Tst_pirTest/StreamTrainLogReg_3/log/runproute.sh,../gen/Tst_pirTest/StreamTrainLogReg_3/plastisim/summary.csv,../gen/Tst_pirTest/StreamTrainLogReg_3/pir/AccelMain.scala,../gen/Tst_pirTest/StreamTrainLogReg_3/log/,../gen/Tst_pirTest/StreamTrainLogReg_3/log/gentst.log,../gen/Tst_pirTest/StreamTrainLogReg_3/pir/out/resource.csv,../gen/Tst_pirTest/StreamTrainLogReg_3/log/maketst.log,../gen/Tst_pirTest/StreamTrainLogReg_3/log/runp2p.log,../gen/Tst_pirTest/StreamTrainLogReg_3/log/runhybrid.log,True,,,26.786839438,,18,18,,,,,,,,,,,,,,,,,,,,,,,,,,,,,,,0:54.15,2957,,True,False,True,,0.0,0.0,0:00.53,,,,False,False,,,,,True,False,True
0c1a01dc,cab9ac93,2019-08-04 00:43:10,StreamTrainLogReg_4,pirTest,Tst,1000000000.0,../gen/Tst_pirTest/StreamTrainLogReg_4/log/runproute.log,../gen/Tst_pirTest/StreamTrainLogReg_4/log/runproute.sh,../gen/Tst_pirTest/StreamTrainLogReg_4/plastisim/summary.csv,../gen/Tst_pirTest/StreamTrainLogReg_4/pir/AccelMain.scala,../gen/Tst_pirTest/StreamTrainLogReg_4/log/,../gen/Tst_pirTest/StreamTrainLogReg_4/log/gentst.log,../gen/Tst_pirTest/StreamTrainLogReg_4/pir/out/resource.csv,../gen/Tst_pirTest/StreamTrainLogReg_4/log/maketst.log,../gen/Tst_pirTest/StreamTrainLogReg_4/log/runp2p.log,../gen/Tst_pirTest/StreamTrainLogReg_4/log/runhybrid.log,True,,,26.337462188,,18,18,,,,,,,,,,,,,,,,,,,,,,,,,,,,,,,1:06.57,2989,,True,False,True,,0.0,0.0,0:00.89,,,,False,False,,,,,True,False,True
0c1a01dc,cab9ac93,2019-08-04 00:43:10,StreamTrainLogReg_5,pirTest,Tst,1000000000.0,../gen/Tst_pirTest/StreamTrainLogReg_5/log/runproute.log,../gen/Tst_pirTest/StreamTrainLogReg_5/log/runproute.sh,../gen/Tst_pirTest/StreamTrainLogReg_5/plastisim/summary.csv,../gen/Tst_pirTest/StreamTrainLogReg_5/pir/AccelMain.scala,../gen/Tst_pirTest/StreamTrainLogReg_5/log/,../gen/Tst_pirTest/StreamTrainLogReg_5/log/gentst.log,../gen/Tst_pirTest/StreamTrainLogReg_5/pir/out/resource.csv,../gen/Tst_pirTest/StreamTrainLogReg_5/log/maketst.log,../gen/Tst_pirTest/StreamTrainLogReg_5/log/runp2p.log,../gen/Tst_pirTest/StreamTrainLogReg_5/log/runhybrid.log,True,,,18.783552332,,18,18,,,,,,,,,,,,,,,,,,,,,,,,,,,,,,,0:30.98,2893,,True,False,True,,0.0,0.0,0:00.52,,,,False,False,,,,,True,False,True
0c1a01dc,cab9ac93,2019-08-04 00:43:10,StreamTrainLogReg_6,pirTest,Tst,1000000000.0,../gen/Tst_pirTest/StreamTrainLogReg_6/log/runproute.log,../gen/Tst_pirTest/StreamTrainLogReg_6/log/runproute.sh,../gen/Tst_pirTest/StreamTrainLogReg_6/plastisim/summary.csv,../gen/Tst_pirTest/StreamTrainLogReg_6/pir/AccelMain.scala,../gen/Tst_pirTest/StreamTrainLogReg_6/log/,../gen/Tst_pirTest/StreamTrainLogReg_6/log/gentst.log,../gen/Tst_pirTest/StreamTrainLogReg_6/pir/out/resource.csv,../gen/Tst_pirTest/StreamTrainLogReg_6/log/maketst.log,../gen/Tst_pirTest/StreamTrainLogReg_6/log/runp2p.log,../gen/Tst_pirTest/StreamTrainLogReg_6/log/runhybrid.log,True,,,17.560008851,,18,18,,,,,,,,,,,,,,,,,,,,,,,,,,,,,,,0:51.36,2474,,True,False,True,,0.0,0.0,0:00.58,,,,False,False,,,,,True,False,True
0c1a01dc,cab9ac93,2019-08-04 00:43:10,StreamTrainTest_0,pirTest,Tst,1000000000.0,../gen/Tst_pirTest/StreamTrainTest_0/log/runproute.log,../gen/Tst_pirTest/StreamTrainTest_0/log/runproute.sh,../gen/Tst_pirTest/StreamTrainTest_0/plastisim/summary.csv,../gen/Tst_pirTest/StreamTrainTest_0/pir/AccelMain.scala,../gen/Tst_pirTest/StreamTrainTest_0/log/,../gen/Tst_pirTest/StreamTrainTest_0/log/gentst.log,../gen/Tst_pirTest/StreamTrainTest_0/pir/out/resource.csv,../gen/Tst_pirTest/StreamTrainTest_0/log/maketst.log,../gen/Tst_pirTest/StreamTrainTest_0/log/runp2p.log,../gen/Tst_pirTest/StreamTrainTest_0/log/runhybrid.log,True,,,14.137112369,,18,18,,,,,,,,,,,,,,,,,,,,,,,,,,,,,,,0:34.98,1986,,True,False,True,,0.515609,0.515609,0:00.34,,,,False,False,,,,,True,False,True
0c1a01dc,cab9ac93,2019-08-04 00:43:10,SumSquare_0,pirTest,Tst,1000000000.0,../gen/Tst_pirTest/SumSquare_0/log/runproute.log,../gen/Tst_pirTest/SumSquare_0/log/runproute.sh,../gen/Tst_pirTest/SumSquare_0/plastisim/summary.csv,../gen/Tst_pirTest/SumSquare_0/pir/AccelMain.scala,../gen/Tst_pirTest/SumSquare_0/log/,../gen/Tst_pirTest/SumSquare_0/log/gentst.log,../gen/Tst_pirTest/SumSquare_0/pir/out/resource.csv,../gen/Tst_pirTest/SumSquare_0/log/maketst.log,../gen/Tst_pirTest/SumSquare_0/log/runp2p.log,../gen/Tst_pirTest/SumSquare_0/log/runhybrid.log,True,,,7.110633926,,18,18,,,,,,,,,,,,,,,,,,,,,,,,,,,,,,,0:19.06,237,,True,False,True,,0.0,0.0,0:00.25,,,,False,False,,,,,True,False,True
0c1a01dc,cab9ac93,2019-08-04 00:43:10,SumSquare_1,pirTest,Tst,1000000000.0,../gen/Tst_pirTest/SumSquare_1/log/runproute.log,../gen/Tst_pirTest/SumSquare_1/log/runproute.sh,../gen/Tst_pirTest/SumSquare_1/plastisim/summary.csv,../gen/Tst_pirTest/SumSquare_1/pir/AccelMain.scala,../gen/Tst_pirTest/SumSquare_1/log/,../gen/Tst_pirTest/SumSquare_1/log/gentst.log,../gen/Tst_pirTest/SumSquare_1/pir/out/resource.csv,../gen/Tst_pirTest/SumSquare_1/log/maketst.log,../gen/Tst_pirTest/SumSquare_1/log/runp2p.log,../gen/Tst_pirTest/SumSquare_1/log/runhybrid.log,True,,,8.682798923,,18,18,,,,,,,,,,,,,,,,,,,,,,,,,,,,,,,0:29.29,1042,,True,False,True,,0.0,0.0,0:00.36,,,,False,False,,,,,True,False,True
0c1a01dc,cab9ac93,2019-08-04 00:43:10,SumSquare_2,pirTest,Tst,1000000000.0,../gen/Tst_pirTest/SumSquare_2/log/runproute.log,../gen/Tst_pirTest/SumSquare_2/log/runproute.sh,../gen/Tst_pirTest/SumSquare_2/plastisim/summary.csv,../gen/Tst_pirTest/SumSquare_2/pir/AccelMain.scala,../gen/Tst_pirTest/SumSquare_2/log/,../gen/Tst_pirTest/SumSquare_2/log/gentst.log,../gen/Tst_pirTest/SumSquare_2/pir/out/resource.csv,../gen/Tst_pirTest/SumSquare_2/log/maketst.log,../gen/Tst_pirTest/SumSquare_2/log/runp2p.log,../gen/Tst_pirTest/SumSquare_2/log/runhybrid.log,True,,,7.830253254,,18,18,,,,,,,,,,,,,,,,,,,,,,,,,,,,,,,0:27.72,370,,True,False,True,,0.0,0.0,0:00.30,,,,False,False,,,,,True,False,True
0c1a01dc,cab9ac93,2019-08-04 00:43:10,SumSquare_3,pirTest,Tst,1000000000.0,../gen/Tst_pirTest/SumSquare_3/log/runproute.log,../gen/Tst_pirTest/SumSquare_3/log/runproute.sh,../gen/Tst_pirTest/SumSquare_3/plastisim/summary.csv,../gen/Tst_pirTest/SumSquare_3/pir/AccelMain.scala,../gen/Tst_pirTest/SumSquare_3/log/,../gen/Tst_pirTest/SumSquare_3/log/gentst.log,../gen/Tst_pirTest/SumSquare_3/pir/out/resource.csv,../gen/Tst_pirTest/SumSquare_3/log/maketst.log,../gen/Tst_pirTest/SumSquare_3/log/runp2p.log,../gen/Tst_pirTest/SumSquare_3/log/runhybrid.log,True,,,8.104610691,,18,18,,,,,,,,,,,,,,,,,,,,,,,,,,,,,,,0:28.12,530,,True,False,True,,0.0,0.0,0:00.32,,,,False,False,,,,,True,False,True
0c1a01dc,cab9ac93,2019-08-04 00:43:10,SumSquare_5,pirTest,Tst,1000000000.0,../gen/Tst_pirTest/SumSquare_5/log/runproute.log,../gen/Tst_pirTest/SumSquare_5/log/runproute.sh,../gen/Tst_pirTest/SumSquare_5/plastisim/summary.csv,../gen/Tst_pirTest/SumSquare_5/pir/AccelMain.scala,../gen/Tst_pirTest/SumSquare_5/log/,../gen/Tst_pirTest/SumSquare_5/log/gentst.log,../gen/Tst_pirTest/SumSquare_5/pir/out/resource.csv,../gen/Tst_pirTest/SumSquare_5/log/maketst.log,../gen/Tst_pirTest/SumSquare_5/log/runp2p.log,../gen/Tst_pirTest/SumSquare_5/log/runhybrid.log,True,,,8.487222498,,18,18,,,,,,,,,,,,,,,,,,,,,,,,,,,,,,,0:28.69,194,,True,False,True,,0.0,0.0,0:00.37,,,,False,False,,,,,True,False,True
0c1a01dc,cab9ac93,2019-08-04 00:43:10,TPCHQ6_0,pirTest,Tst,1000000000.0,../gen/Tst_pirTest/TPCHQ6_0/log/runproute.log,../gen/Tst_pirTest/TPCHQ6_0/log/runproute.sh,../gen/Tst_pirTest/TPCHQ6_0/plastisim/summary.csv,../gen/Tst_pirTest/TPCHQ6_0/pir/AccelMain.scala,../gen/Tst_pirTest/TPCHQ6_0/log/,../gen/Tst_pirTest/TPCHQ6_0/log/gentst.log,../gen/Tst_pirTest/TPCHQ6_0/pir/out/resource.csv,../gen/Tst_pirTest/TPCHQ6_0/log/maketst.log,../gen/Tst_pirTest/TPCHQ6_0/log/runp2p.log,../gen/Tst_pirTest/TPCHQ6_0/log/runhybrid.log,True,,,13.456330553,,18,18,,,,,,,,,,,,,,,,,,,,,,,,,,,,,,,0:39.58,410,,True,False,True,,39.961,0.0,0:00.32,,,,False,False,,,,,True,False,True
0c1a01dc,cab9ac93,2019-08-04 00:43:10,TPCHQ6_1,pirTest,Tst,1000000000.0,../gen/Tst_pirTest/TPCHQ6_1/log/runproute.log,../gen/Tst_pirTest/TPCHQ6_1/log/runproute.sh,../gen/Tst_pirTest/TPCHQ6_1/plastisim/summary.csv,../gen/Tst_pirTest/TPCHQ6_1/pir/AccelMain.scala,../gen/Tst_pirTest/TPCHQ6_1/log/,../gen/Tst_pirTest/TPCHQ6_1/log/gentst.log,../gen/Tst_pirTest/TPCHQ6_1/pir/out/resource.csv,../gen/Tst_pirTest/TPCHQ6_1/log/maketst.log,../gen/Tst_pirTest/TPCHQ6_1/log/runp2p.log,../gen/Tst_pirTest/TPCHQ6_1/log/runhybrid.log,True,,,13.226213828,,18,18,,,,,,,,,,,,,,,,,,,,,,,,,,,,,,,0:36.19,1186,,True,False,True,,13.8145,0.0,0:00.49,,,,False,False,,,,,True,False,True
0c1a01dc,cab9ac93,2019-08-04 00:43:10,TPCHQ6_2,pirTest,Tst,1000000000.0,../gen/Tst_pirTest/TPCHQ6_2/log/runproute.log,../gen/Tst_pirTest/TPCHQ6_2/log/runproute.sh,../gen/Tst_pirTest/TPCHQ6_2/plastisim/summary.csv,../gen/Tst_pirTest/TPCHQ6_2/pir/AccelMain.scala,../gen/Tst_pirTest/TPCHQ6_2/log/,../gen/Tst_pirTest/TPCHQ6_2/log/gentst.log,../gen/Tst_pirTest/TPCHQ6_2/pir/out/resource.csv,../gen/Tst_pirTest/TPCHQ6_2/log/maketst.log,../gen/Tst_pirTest/TPCHQ6_2/log/runp2p.log,../gen/Tst_pirTest/TPCHQ6_2/log/runhybrid.log,True,,,21.025452541,,18,18,,,,,,,,,,,,,,,,,,,,,,,,,,,,,,,0:52.70,400,,True,False,True,,40.96,0.0,0:00.36,,,,False,False,,,,,True,False,True
0c1a01dc,cab9ac93,2019-08-04 00:43:10,TPCHQ6_3,pirTest,Tst,1000000000.0,../gen/Tst_pirTest/TPCHQ6_3/log/runproute.log,../gen/Tst_pirTest/TPCHQ6_3/log/runproute.sh,../gen/Tst_pirTest/TPCHQ6_3/plastisim/summary.csv,../gen/Tst_pirTest/TPCHQ6_3/pir/AccelMain.scala,../gen/Tst_pirTest/TPCHQ6_3/log/,../gen/Tst_pirTest/TPCHQ6_3/log/gentst.log,../gen/Tst_pirTest/TPCHQ6_3/pir/out/resource.csv,../gen/Tst_pirTest/TPCHQ6_3/log/maketst.log,../gen/Tst_pirTest/TPCHQ6_3/log/runp2p.log,../gen/Tst_pirTest/TPCHQ6_3/log/runhybrid.log,True,,,20.651686931,,18,18,,,,,,,,,,,,,,,,,,,,,,,,,,,,,,,0:49.78,796,,True,False,True,,20.5829,0.0,0:00.42,,,,False,False,,,,,True,False,True
0c1a01dc,cab9ac93,2019-08-04 00:43:10,TPCHQ6_4,pirTest,Tst,1000000000.0,../gen/Tst_pirTest/TPCHQ6_4/log/runproute.log,../gen/Tst_pirTest/TPCHQ6_4/log/runproute.sh,../gen/Tst_pirTest/TPCHQ6_4/plastisim/summary.csv,../gen/Tst_pirTest/TPCHQ6_4/pir/AccelMain.scala,../gen/Tst_pirTest/TPCHQ6_4/log/,../gen/Tst_pirTest/TPCHQ6_4/log/gentst.log,../gen/Tst_pirTest/TPCHQ6_4/pir/out/resource.csv,../gen/Tst_pirTest/TPCHQ6_4/log/maketst.log,../gen/Tst_pirTest/TPCHQ6_4/log/runp2p.log,../gen/Tst_pirTest/TPCHQ6_4/log/runhybrid.log,True,,,36.49586538,,18,18,,,,,,,,,,,,,,,,,,,,,,,,,,,,,,,1:08.60,404,,True,False,True,,40.5545,0.0,0:00.40,,,,False,False,,,,,True,False,True
0c1a01dc,cab9ac93,2019-08-04 00:43:10,VecTest,pirTest,Tst,1000000000.0,../gen/Tst_pirTest/VecTest/log/runproute.log,../gen/Tst_pirTest/VecTest/log/runproute.sh,../gen/Tst_pirTest/VecTest/plastisim/summary.csv,../gen/Tst_pirTest/VecTest/pir/AccelMain.scala,../gen/Tst_pirTest/VecTest/log/,../gen/Tst_pirTest/VecTest/log/gentst.log,../gen/Tst_pirTest/VecTest/pir/out/resource.csv,../gen/Tst_pirTest/VecTest/log/maketst.log,../gen/Tst_pirTest/VecTest/log/runp2p.log,../gen/Tst_pirTest/VecTest/log/runhybrid.log,True,,,12.946897619,,18,18,,,,,,,,,,,,,,,,,,,,,,,,,,,,,,,0:39.41,294,,True,False,True,,0.435374,13.932,0:00.33,,,,False,False,,,,,True,False,True
